system_config_id,validator_count,node_degree,bandwidth,block_creation_interval,max_block_size,n_attacker_configs_used,P_bar_i,P_bar_i_ci_low,P_bar_i_ci_high,B_bar_i,V_bar_i,Dbar_plus_i,Dbar_plus_i_ci_low,Dbar_plus_i_ci_high,V_reorg_i
2,195,2,7.1,1117112,2763342,1,0.61,,,1.625,0.65,2.0245901639344264,,,1.235
5,195,2,20.9,1117112,2763342,1,0.46,,,1.5454545454545454,0.51,2.0,,,0.92
7,195,2,42.7,1117112,2763342,1,0.54,,,1.605263157894737,0.6100000000000001,2.009259259259259,,,1.085
15,57,6,20.9,143476,3082676,1,0.575,,,1.8356164383561644,0.67,2.0,,,1.15
17,57,6,42.7,143476,3082676,1,0.335,,,1.7,0.425,2.014925373134328,,,0.675
21,953,6,5.0,1197932,5801972,1,0.655,,,1.8953488372093024,0.815,2.0076335877862594,,,1.315
22,953,6,7.1,1197932,5801972,1,0.34,,,1.7358490566037736,0.46,2.0,,,0.68
23,953,6,10.2,1197932,5801972,1,0.7,,,1.907216494845361,0.925,2.007142857142857,,,1.405
24,953,6,14.6,1197932,5801972,1,0.57,,,1.9054054054054055,0.705,2.0,,,1.14
25,953,6,20.9,1197932,5801972,1,0.64,,,2.0,0.89,2.0,,,1.28
28,953,6,61.0,1197932,5801972,1,0.435,,,1.6666666666666667,0.425,2.0,,,0.87
30,953,6,125.0,1197932,5801972,1,0.44,,,1.8644067796610169,0.55,2.0,,,0.88
31,842,2,5.0,1031839,587281,1,0.55,,,1.7166666666666666,0.515,2.0,,,1.1
32,842,2,7.1,1031839,587281,1,0.615,,,1.5842696629213484,0.705,2.008130081300813,,,1.235
35,842,2,20.9,1031839,587281,1,0.62,,,1.630952380952381,0.685,2.0,,,1.24
40,842,2,125.0,1031839,587281,1,0.66,,,1.6626506024096386,0.69,2.007575757575758,,,1.325
44,599,8,14.6,940127,5147543,1,0.305,,,1.5609756097560976,0.32,2.0,,,0.61
46,599,8,29.9,940127,5147543,1,0.255,,,1.6785714285714286,0.235,2.0,,,0.51
47,599,8,42.7,940127,5147543,1,0.365,,,1.6,0.32,2.0,,,0.73
48,599,8,61.0,940127,5147543,1,0.535,,,1.7313432835820894,0.58,2.0,,,1.07
51,29,8,5.0,890055,4550282,1,0.505,,,1.8305084745762712,0.54,2.0297029702970297,,,1.025
53,29,8,10.2,890055,4550282,1,0.475,,,1.8970588235294117,0.645,2.0,,,0.95
57,29,8,42.7,890055,4550282,1,0.685,,,1.8369565217391304,0.845,2.0,,,1.37
58,29,8,61.0,890055,4550282,1,0.53,,,1.8666666666666667,0.7,2.018867924528302,,,1.07
63,645,7,10.2,690687,2454771,1,0.485,,,2.0588235294117645,0.7,2.0,,,0.97
64,645,7,14.6,690687,2454771,1,0.57,,,2.0704225352112675,0.735,2.008771929824561,,,1.1449999999999998
68,645,7,61.0,690687,2454771,1,0.66,,,1.663265306122449,0.815,2.0,,,1.32
73,564,3,10.2,1012372,3981310,1,0.4,,,1.6326530612244898,0.4,2.0,,,0.8
75,564,3,20.9,1012372,3981310,1,0.31,,,1.9166666666666667,0.345,2.0,,,0.62
77,564,3,42.7,1012372,3981310,1,0.26,,,1.5806451612903225,0.245,2.0,,,0.52
79,564,3,87.4,1012372,3981310,1,0.545,,,1.8026315789473684,0.685,2.0,,,1.09
80,564,3,125.0,1012372,3981310,1,0.575,,,1.728395061728395,0.7,2.0,,,1.15
81,365,3,5.0,582801,3620340,1,0.79,,,1.9107142857142858,1.07,2.0,,,1.58
82,365,3,7.1,582801,3620340,1,0.33,,,1.5789473684210527,0.3,2.015151515151515,,,0.665
84,365,3,14.6,582801,3620340,1,0.685,,,1.7419354838709677,0.81,2.0,,,1.37
86,365,3,29.9,582801,3620340,1,0.58,,,1.6625,0.665,2.0,,,1.16
89,365,3,87.4,582801,3620340,1,0.43,,,1.9491525423728813,0.575,2.0,,,0.86
98,963,5,61.0,650552,1655147,1,0.555,,,1.8873239436619718,0.67,2.0,,,1.11
100,963,5,125.0,650552,1655147,1,0.3,,,1.8285714285714285,0.32,2.0,,,0.6
102,104,4,7.1,637257,4082743,1,0.475,,,1.9827586206896552,0.575,2.0105263157894737,,,0.955
104,104,4,14.6,637257,4082743,1,0.295,,,1.625,0.325,2.0,,,0.59
107,104,4,42.7,637257,4082743,1,0.325,,,1.55,0.31,2.0,,,0.65
116,642,5,29.9,1074544,2702765,1,0.6,,,1.7160493827160495,0.695,2.0,,,1.2
125,621,7,20.9,424702,2860996,1,0.26,,,1.6451612903225807,0.255,2.0,,,0.52
127,621,7,42.7,424702,2860996,1,0.62,,,1.7777777777777777,0.72,2.0080645161290325,,,1.245
129,621,7,87.4,424702,2860996,1,0.62,,,2.065934065934066,0.9400000000000002,2.0161290322580645,,,1.25
130,621,7,125.0,424702,2860996,1,0.26,,,1.6470588235294117,0.28,2.0,,,0.52
132,582,3,7.1,208567,3850795,1,0.535,,,1.8421052631578947,0.7,2.0093457943925235,,,1.075
136,582,3,29.9,208567,3850795,1,0.385,,,1.6603773584905661,0.44,2.012987012987013,,,0.775
138,582,3,61.0,208567,3850795,1,0.49,,,1.6785714285714286,0.47,2.010204081632653,,,0.985
139,582,3,87.4,208567,3850795,1,0.615,,,2.010869565217391,0.9249999999999998,2.024390243902439,,,1.245
140,582,3,125.0,208567,3850795,1,0.515,,,1.8909090909090909,0.52,2.0,,,1.03
142,618,4,7.1,1062757,1523951,1,0.595,,,1.7619047619047619,0.74,2.0,,,1.19
145,618,4,20.9,1062757,1523951,1,0.665,,,1.8478260869565217,0.85,2.007518796992481,,,1.335
146,618,4,29.9,1062757,1523951,1,0.335,,,1.6326530612244898,0.4,2.014925373134328,,,0.675
147,618,4,42.7,1062757,1523951,1,0.405,,,1.7586206896551724,0.51,2.0,,,0.81
149,618,4,87.4,1062757,1523951,1,0.645,,,1.9659090909090908,0.865,2.0,,,1.29
154,855,7,14.6,947189,7772393,1,0.255,,,1.9142857142857144,0.335,2.0,,,0.51
155,855,7,20.9,947189,7772393,1,0.415,,,1.6938775510204083,0.415,2.0120481927710845,,,0.835
157,855,7,42.7,947189,7772393,1,0.6,,,1.9230769230769231,0.875,2.0166666666666666,,,1.21
158,855,7,61.0,947189,7772393,1,0.625,,,2.044943820224719,0.91,2.0,,,1.25
162,208,7,7.1,620168,5691464,1,0.505,,,1.6538461538461537,0.645,2.00990099009901,,,1.015
166,208,7,29.9,620168,5691464,1,0.545,,,1.9342105263157894,0.735,2.0,,,1.09
170,208,7,125.0,620168,5691464,1,0.435,,,1.7894736842105263,0.51,2.0,,,0.87
182,871,3,7.1,1179798,7333864,1,0.595,,,1.6973684210526316,0.645,2.0,,,1.19
183,871,3,10.2,1179798,7333864,1,0.655,,,1.7582417582417582,0.8,2.0076335877862594,,,1.315
184,871,3,14.6,1179798,7333864,1,0.63,,,1.6829268292682926,0.69,2.007936507936508,,,1.265
187,871,3,42.7,1179798,7333864,1,0.53,,,1.835820895522388,0.615,2.0,,,1.06
188,871,3,61.0,1179798,7333864,1,0.65,,,1.6506024096385543,0.685,2.0,,,1.3
193,136,4,10.2,153589,5645635,1,0.37,,,1.7678571428571428,0.495,2.0,,,0.74
194,136,4,14.6,153589,5645635,1,0.27,,,1.8108108108108107,0.335,2.0,,,0.54
195,136,4,20.9,153589,5645635,1,0.35,,,1.8043478260869565,0.415,2.0,,,0.7
199,136,4,87.4,153589,5645635,1,0.5,,,1.676923076923077,0.545,2.0,,,1.0
200,136,4,125.0,153589,5645635,1,0.61,,,1.6710526315789473,0.635,2.0,,,1.22
202,865,7,7.1,412235,1832679,1,0.5,,,1.981818181818182,0.545,2.0,,,1.0
206,865,7,29.9,412235,1832679,1,0.375,,,1.7142857142857142,0.42,2.013333333333333,,,0.755
210,865,7,125.0,412235,1832679,1,0.465,,,1.9375,0.62,2.0,,,0.93
211,213,6,5.0,141762,3297552,1,0.485,,,1.8507462686567164,0.62,2.0,,,0.97
215,213,6,20.9,141762,3297552,1,0.595,,,2.0352941176470587,0.865,2.0,,,1.19
216,213,6,29.9,141762,3297552,1,0.315,,,1.6170212765957446,0.38,2.0,,,0.63
217,213,6,42.7,141762,3297552,1,0.53,,,1.75,0.595,2.0,,,1.06
221,808,7,5.0,194378,7168707,1,0.685,,,1.7830188679245282,0.945,2.0,,,1.37
225,808,7,20.9,194378,7168707,1,0.51,,,1.8970588235294117,0.645,2.0098039215686274,,,1.025
226,808,7,29.9,194378,7168707,1,0.6,,,1.7777777777777777,0.8,2.0166666666666666,,,1.21
229,808,7,87.4,194378,7168707,1,0.405,,,1.6170212765957446,0.38,2.0,,,0.81
230,808,7,125.0,194378,7168707,1,0.705,,,1.8932038834951457,0.975,2.00709219858156,,,1.415
232,800,5,7.1,482284,6557948,1,0.57,,,1.7972972972972974,0.665,2.0,,,1.14
236,800,5,29.9,482284,6557948,1,0.555,,,1.8888888888888888,0.68,2.0,,,1.11
239,800,5,87.4,482284,6557948,1,0.525,,,1.9047619047619047,0.6,2.019047619047619,,,1.06
240,800,5,125.0,482284,6557948,1,0.43,,,1.793103448275862,0.52,2.011627906976744,,,0.865
241,957,2,5.0,280627,1139953,1,0.76,,,3.3142857142857145,1.74,2.1447368421052633,,,1.63
243,957,2,10.2,280627,1139953,1,0.565,,,1.8676470588235294,0.635,2.061946902654867,,,1.165
244,957,2,14.6,280627,1139953,1,0.315,,,1.4615384615384615,0.285,2.0476190476190474,,,0.645
245,957,2,20.9,280627,1139953,1,0.545,,,1.6176470588235294,0.55,2.0642201834862384,,,1.1249999999999998
246,957,2,29.9,280627,1139953,1,0.72,,,1.8111111111111111,0.815,2.0416666666666665,,,1.47
248,957,2,61.0,280627,1139953,1,0.51,,,1.5890410958904109,0.58,2.0098039215686274,,,1.025
251,133,3,5.0,517936,948850,1,0.355,,,1.5769230769230769,0.41,2.0,,,0.71
253,133,3,10.2,517936,948850,1,0.34,,,1.5681818181818181,0.345,2.0,,,0.68
256,133,3,29.9,517936,948850,1,0.66,,,1.869047619047619,0.785,2.015151515151515,,,1.33
258,133,3,61.0,517936,948850,1,0.35,,,1.5849056603773586,0.42,2.0,,,0.7
260,133,3,125.0,517936,948850,1,0.64,,,1.8089887640449438,0.805,2.0234375,,,1.295
261,469,5,5.0,133171,7254917,1,0.365,,,1.830188679245283,0.485,2.0,,,0.73
262,469,5,7.1,133171,7254917,1,0.4,,,1.7014925373134329,0.57,2.0,,,0.8
265,469,5,20.9,133171,7254917,1,0.46,,,1.7142857142857142,0.6,2.0,,,0.92
267,469,5,42.7,133171,7254917,1,0.675,,,1.946236559139785,0.905,2.0148148148148146,,,1.36
268,469,5,61.0,133171,7254917,1,0.495,,,1.9365079365079365,0.61,2.01010101010101,,,0.9949999999999999
269,469,5,87.4,133171,7254917,1,0.52,,,1.9104477611940298,0.64,2.0,,,1.04
270,469,5,125.0,133171,7254917,1,0.275,,,1.641025641025641,0.32,2.0,,,0.55
282,939,2,7.1,525515,3746875,1,0.69,,,2.9148936170212765,1.37,2.217391304347826,,,1.53
287,939,2,42.7,525515,3746875,1,0.765,,,1.4742268041237114,0.715,2.052287581699346,,,1.57
289,939,2,87.4,525515,3746875,1,0.72,,,1.711340206185567,0.83,2.0208333333333335,,,1.455
290,939,2,125.0,525515,3746875,1,0.63,,,1.5584415584415585,0.6,2.0,,,1.26
292,931,7,7.1,763920,5881002,1,0.21,,,1.7096774193548387,0.265,2.0,,,0.42
298,931,7,61.0,763920,5881002,1,0.515,,,2.1267605633802815,0.755,2.0194174757281553,,,1.04
299,931,7,87.4,763920,5881002,1,0.275,,,1.7222222222222223,0.31,2.0,,,0.55
303,336,6,10.2,647922,7842665,1,0.535,,,2.057142857142857,0.72,2.0,,,1.07
304,336,6,14.6,647922,7842665,1,0.595,,,1.9891304347826086,0.915,2.0,,,1.19
305,336,6,20.9,647922,7842665,1,0.25,,,1.696969696969697,0.28,2.0,,,0.5
306,336,6,29.9,647922,7842665,1,0.345,,,1.851063829787234,0.435,2.0,,,0.69
308,336,6,61.0,647922,7842665,1,0.445,,,1.704225352112676,0.605,2.0112359550561796,,,0.8949999999999999
313,704,3,10.2,1000261,7536640,1,0.31,,,1.894736842105263,0.36,2.0161290322580645,,,0.625
317,704,3,42.7,1000261,7536640,1,0.34,,,1.4883720930232558,0.32,2.0,,,0.68
319,704,3,87.4,1000261,7536640,1,0.44,,,1.6111111111111112,0.435,2.0,,,0.88
320,704,3,125.0,1000261,7536640,1,0.63,,,1.858974358974359,0.725,2.0,,,1.26
329,726,7,87.4,451913,4586158,1,0.625,,,1.8131868131868132,0.825,2.008,,,1.255
330,726,7,125.0,451913,4586158,1,0.4,,,2.2545454545454544,0.6199999999999999,2.0125,,,0.805
331,223,6,5.0,673812,3540215,1,0.505,,,1.7936507936507937,0.565,2.0,,,1.01
332,223,6,7.1,673812,3540215,1,0.62,,,1.922077922077922,0.74,2.0080645161290325,,,1.245
333,223,6,10.2,673812,3540215,1,0.46,,,1.8571428571428572,0.585,2.0,,,0.92
338,223,6,61.0,673812,3540215,1,0.445,,,1.6833333333333333,0.505,2.0,,,0.89
340,223,6,125.0,673812,3540215,1,0.575,,,1.7236842105263157,0.655,2.0,,,1.15
343,816,3,10.2,722477,833558,1,0.565,,,1.855072463768116,0.64,2.017699115044248,,,1.14
346,816,3,29.9,722477,833558,1,0.55,,,1.9295774647887325,0.685,2.018181818181818,,,1.11
349,816,3,87.4,722477,833558,1,0.475,,,1.890625,0.605,2.0,,,0.95
351,455,7,5.0,156535,1498820,1,0.445,,,1.7936507936507937,0.565,2.0,,,0.89
354,455,7,14.6,156535,1498820,1,0.33,,,1.6,0.28,2.0,,,0.66
356,455,7,29.9,156535,1498820,1,0.675,,,1.7473684210526317,0.83,2.0074074074074075,,,1.355
357,455,7,42.7,156535,1498820,1,0.295,,,1.5,0.315,2.0,,,0.59
358,455,7,61.0,156535,1498820,1,0.51,,,1.9827586206896552,0.575,2.0,,,1.02
359,455,7,87.4,156535,1498820,1,0.665,,,1.9130434782608696,0.88,2.0,,,1.33
361,590,8,5.0,995472,2540501,1,0.63,,,1.9047619047619047,0.8,2.007936507936508,,,1.265
365,590,8,20.9,995472,2540501,1,0.765,,,1.8282828282828283,0.905,2.0,,,1.53
366,590,8,29.9,995472,2540501,1,0.615,,,1.9333333333333333,0.725,2.008130081300813,,,1.235
369,590,8,87.4,995472,2540501,1,0.44,,,2.02,0.505,2.0,,,0.88
371,552,7,5.0,569635,5077854,1,0.67,,,2.0104166666666665,0.965,2.0,,,1.34
376,552,7,29.9,569635,5077854,1,0.635,,,1.964705882352941,0.835,2.0236220472440944,,,1.285
381,63,2,5.0,229143,3154915,1,0.695,,,1.6578947368421053,0.63,2.035971223021583,,,1.4150000000000003
386,63,2,29.9,229143,3154915,1,0.61,,,1.603448275862069,0.465,2.0,,,1.22
387,63,2,42.7,229143,3154915,1,0.465,,,1.4426229508196722,0.44,2.0,,,0.93
391,219,5,5.0,535070,6788045,1,0.41,,,1.9137931034482758,0.555,2.0,,,0.82
398,219,5,61.0,535070,6788045,1,0.53,,,1.9264705882352942,0.655,2.0,,,1.06
399,219,5,87.4,535070,6788045,1,0.67,,,1.9887640449438202,0.885,2.014925373134328,,,1.35
402,50,3,7.1,370910,2614782,1,0.445,,,1.6666666666666667,0.5,2.0,,,0.89
403,50,3,10.2,370910,2614782,1,0.365,,,1.7450980392156863,0.445,2.0,,,0.73
406,50,3,29.9,370910,2614782,1,0.58,,,1.6956521739130435,0.585,2.0086206896551726,,,1.165
409,50,3,87.4,370910,2614782,1,0.625,,,1.7088607594936709,0.675,2.008,,,1.255
412,903,4,7.1,887509,2560879,1,0.265,,,1.6216216216216217,0.3,2.0,,,0.53
413,903,4,10.2,887509,2560879,1,0.71,,,1.8585858585858586,0.92,2.0,,,1.42
416,903,4,29.9,887509,2560879,1,0.635,,,1.9642857142857142,0.825,2.0078740157480315,,,1.275
417,903,4,42.7,887509,2560879,1,0.76,,,1.6972477064220184,0.925,2.0,,,1.52
420,903,4,125.0,887509,2560879,1,0.505,,,1.9104477611940298,0.64,2.00990099009901,,,1.015
421,811,5,5.0,353499,6626861,1,0.29,,,1.4772727272727273,0.325,2.0,,,0.58
422,811,5,7.1,353499,6626861,1,0.225,,,1.6206896551724137,0.235,2.0,,,0.45
424,811,5,14.6,353499,6626861,1,0.52,,,1.8405797101449275,0.635,2.0096153846153846,,,1.045
425,811,5,20.9,353499,6626861,1,0.29,,,1.7608695652173914,0.405,2.0,,,0.58
431,392,6,5.0,69564,6474543,1,0.535,,,1.9054054054054055,0.705,2.0,,,1.07
434,392,6,14.6,69564,6474543,1,0.635,,,1.7551020408163265,0.86,2.0078740157480315,,,1.275
439,392,6,87.4,69564,6474543,1,0.39,,,1.6166666666666667,0.485,2.0128205128205128,,,0.785
440,392,6,125.0,69564,6474543,1,0.37,,,1.9795918367346939,0.485,2.0,,,0.74
443,225,6,10.2,769787,2985363,1,0.42,,,1.8620689655172413,0.54,2.0,,,0.84
444,225,6,14.6,769787,2985363,1,0.595,,,1.8108108108108107,0.67,2.008403361344538,,,1.195
445,225,6,20.9,769787,2985363,1,0.345,,,1.8604651162790697,0.4,2.0144927536231885,,,0.695
446,225,6,29.9,769787,2985363,1,0.29,,,1.5121951219512195,0.31,2.0,,,0.58
447,225,6,42.7,769787,2985363,1,0.64,,,1.945054945054945,0.885,2.0,,,1.28
448,225,6,61.0,769787,2985363,1,0.29,,,1.7906976744186047,0.385,2.0,,,0.58
449,225,6,87.4,769787,2985363,1,0.465,,,2.0,0.53,2.010752688172043,,,0.935
452,892,5,7.1,962418,3117110,1,0.645,,,1.75,0.7,2.0310077519379846,,,1.31
453,892,5,10.2,962418,3117110,1,0.64,,,1.8777777777777778,0.845,2.0,,,1.28
456,892,5,29.9,962418,3117110,1,0.545,,,1.8088235294117647,0.615,2.0091743119266057,,,1.0950000000000002
457,892,5,42.7,962418,3117110,1,0.485,,,1.9137931034482758,0.555,2.0,,,0.97
458,892,5,61.0,962418,3117110,1,0.325,,,1.6904761904761905,0.355,2.0,,,0.65
459,892,5,87.4,962418,3117110,1,0.42,,,1.6842105263157894,0.48,2.0,,,0.84
462,677,6,7.1,632782,5635856,1,0.345,,,1.7924528301886793,0.475,2.0144927536231885,,,0.695
466,677,6,29.9,632782,5635856,1,0.55,,,1.6493506493506493,0.635,2.0,,,1.1
469,677,6,87.4,632782,5635856,1,0.28,,,1.794871794871795,0.35,2.0,,,0.56
470,677,6,125.0,632782,5635856,1,0.515,,,1.9230769230769231,0.625,2.0,,,1.03
472,277,5,7.1,1173981,6918455,1,0.405,,,1.5964912280701755,0.455,2.0,,,0.81
473,277,5,10.2,1173981,6918455,1,0.38,,,1.7307692307692308,0.45,2.0,,,0.76
474,277,5,14.6,1173981,6918455,1,0.28,,,1.7297297297297298,0.32,2.0,,,0.56
475,277,5,20.9,1173981,6918455,1,0.625,,,1.9404761904761905,0.815,2.0,,,1.25
476,277,5,29.9,1173981,6918455,1,0.51,,,1.9344262295081966,0.59,2.0098039215686274,,,1.025
477,277,5,42.7,1173981,6918455,1,0.275,,,1.8421052631578947,0.35,2.0,,,0.55
482,41,7,7.1,1151602,7388167,1,0.56,,,1.9452054794520548,0.71,2.0,,,1.12
483,41,7,10.2,1151602,7388167,1,0.51,,,1.8461538461538463,0.6,2.0098039215686274,,,1.025
485,41,7,20.9,1151602,7388167,1,0.32,,,1.5098039215686274,0.385,2.0,,,0.64
486,41,7,29.9,1151602,7388167,1,0.325,,,1.7173913043478262,0.395,2.0,,,0.65
488,41,7,61.0,1151602,7388167,1,0.63,,,1.9294117647058824,0.82,2.015873015873016,,,1.27
489,41,7,87.4,1151602,7388167,1,0.375,,,1.75,0.455,2.0,,,0.75
492,26,4,7.1,786242,338431,1,0.35,,,2.0434782608695654,0.4700000000000001,2.0285714285714285,,,0.71
493,26,4,10.2,786242,338431,1,0.685,,,1.8484848484848484,0.915,2.0072992700729926,,,1.375
498,26,4,61.0,786242,338431,1,0.695,,,2.04,1.02,2.0071942446043165,,,1.395
500,26,4,125.0,786242,338431,1,0.445,,,1.7966101694915255,0.53,2.033707865168539,,,0.905
501,636,4,5.0,983429,1947501,1,0.64,,,1.8144329896907216,0.88,2.0078125,,,1.285
503,636,4,10.2,983429,1947501,1,0.34,,,1.7142857142857142,0.42,2.0,,,0.68
504,636,4,14.6,983429,1947501,1,0.285,,,1.55,0.31,2.0,,,0.57
505,636,4,20.9,983429,1947501,1,0.38,,,1.4901960784313726,0.38,2.0,,,0.76
506,636,4,29.9,983429,1947501,1,0.665,,,1.8529411764705883,0.945,2.0,,,1.33
508,636,4,61.0,983429,1947501,1,0.6,,,1.6419753086419753,0.665,2.0083333333333333,,,1.205
510,636,4,125.0,983429,1947501,1,0.285,,,1.975,0.395,2.017543859649123,,,0.575
511,984,8,5.0,116439,5472286,1,0.425,,,1.7966101694915255,0.53,2.011764705882353,,,0.855
514,984,8,14.6,116439,5472286,1,0.285,,,1.7560975609756098,0.36,2.017543859649123,,,0.575
516,984,8,29.9,116439,5472286,1,0.595,,,1.7590361445783131,0.73,2.0,,,1.19
517,984,8,42.7,116439,5472286,1,0.26,,,1.75,0.35,2.0,,,0.52
518,984,8,61.0,116439,5472286,1,0.24,,,1.5483870967741935,0.24,2.0,,,0.48
519,984,8,87.4,116439,5472286,1,0.625,,,1.7912087912087913,0.815,2.0,,,1.25
521,404,8,5.0,261804,2429479,1,0.4,,,1.7936507936507937,0.565,2.0,,,0.8
522,404,8,7.1,261804,2429479,1,0.3,,,1.7073170731707317,0.35,2.0,,,0.6
523,404,8,10.2,261804,2429479,1,0.6,,,1.675,0.67,2.0,,,1.2
525,404,8,20.9,261804,2429479,1,0.57,,,1.8860759493670887,0.745,2.0,,,1.14
527,404,8,42.7,261804,2429479,1,0.63,,,1.8876404494382022,0.84,2.0,,,1.26
529,404,8,87.4,261804,2429479,1,0.365,,,1.9423076923076923,0.505,2.0,,,0.73
531,245,5,5.0,345160,5433288,1,0.5,,,1.7792207792207793,0.685,2.01,,,1.005
536,245,5,29.9,345160,5433288,1,0.32,,,1.8108108108108107,0.335,2.0,,,0.64
539,245,5,87.4,345160,5433288,1,0.435,,,1.8166666666666667,0.545,2.0,,,0.87
543,749,5,10.2,991651,3043360,1,0.485,,,1.9508196721311475,0.595,2.0,,,0.97
545,749,5,20.9,991651,3043360,1,0.325,,,1.8541666666666667,0.445,2.0,,,0.65
546,749,5,29.9,991651,3043360,1,0.38,,,1.8048780487804879,0.37,2.0,,,0.76
548,749,5,61.0,991651,3043360,1,0.455,,,2.016949152542373,0.595,2.010989010989011,,,0.915
553,475,7,10.2,857879,2331062,1,0.665,,,2.0,0.95,2.0,,,1.33
555,475,7,20.9,857879,2331062,1,0.515,,,1.8688524590163935,0.57,2.0,,,1.03
560,475,7,125.0,857879,2331062,1,0.285,,,1.696969696969697,0.28,2.0,,,0.57
564,323,8,14.6,621098,7452855,1,0.555,,,1.7714285714285714,0.62,2.0,,,1.11
566,323,8,29.9,621098,7452855,1,0.485,,,1.893939393939394,0.625,2.0103092783505154,,,0.975
568,323,8,61.0,621098,7452855,1,0.435,,,1.7076923076923076,0.555,2.0,,,0.87
570,323,8,125.0,621098,7452855,1,0.505,,,1.9863013698630136,0.725,2.00990099009901,,,1.015
572,183,4,7.1,558235,7891629,1,0.365,,,1.5789473684210527,0.45,2.0136986301369864,,,0.735
576,183,4,29.9,558235,7891629,1,0.62,,,1.8705882352941177,0.795,2.0080645161290325,,,1.245
578,183,4,61.0,558235,7891629,1,0.46,,,1.893939393939394,0.625,2.0,,,0.92
581,555,2,5.0,1149320,4915645,1,0.775,,,2.169811320754717,1.1500000000000001,2.0838709677419356,,,1.615
582,555,2,7.1,1149320,4915645,1,0.44,,,1.7307692307692308,0.45,2.034090909090909,,,0.895
583,555,2,10.2,1149320,4915645,1,0.4,,,1.673913043478261,0.385,2.05,,,0.82
585,555,2,20.9,1149320,4915645,1,0.64,,,1.5875,0.635,2.0234375,,,1.295
588,555,2,61.0,1149320,4915645,1,0.57,,,1.4666666666666666,0.5499999999999999,2.008771929824561,,,1.1449999999999998
589,555,2,87.4,1149320,4915645,1,0.62,,,1.5375,0.615,2.0080645161290325,,,1.245
593,203,3,10.2,1025262,7304156,1,0.36,,,1.7333333333333334,0.39,2.0,,,0.72
594,203,3,14.6,1025262,7304156,1,0.355,,,1.5777777777777777,0.355,2.0,,,0.71
596,203,3,29.9,1025262,7304156,1,0.44,,,1.8679245283018868,0.495,2.0,,,0.88
599,203,3,87.4,1025262,7304156,1,0.375,,,1.690909090909091,0.465,2.0,,,0.75
600,203,3,125.0,1025262,7304156,1,0.42,,,1.6610169491525424,0.49,2.011904761904762,,,0.845
601,879,5,5.0,697312,4456442,1,0.39,,,1.82,0.455,2.0256410256410255,,,0.79
606,879,5,29.9,697312,4456442,1,0.615,,,1.8764044943820224,0.835,2.0,,,1.23
609,879,5,87.4,697312,4456442,1,0.585,,,1.9870129870129871,0.765,2.017094017094017,,,1.18
614,539,4,14.6,564144,5898035,1,0.55,,,1.7341772151898733,0.685,2.0090909090909093,,,1.1050000000000002
616,539,4,29.9,564144,5898035,1,0.39,,,1.849056603773585,0.49,2.0,,,0.78
618,539,4,61.0,564144,5898035,1,0.485,,,1.6935483870967742,0.525,2.0,,,0.97
621,742,4,5.0,972266,6502101,1,0.375,,,1.62,0.405,2.013333333333333,,,0.755
623,742,4,10.2,972266,6502101,1,0.36,,,1.7446808510638299,0.41,2.0,,,0.72
625,742,4,20.9,972266,6502101,1,0.315,,,1.7333333333333334,0.39,2.0,,,0.63
628,742,4,61.0,972266,6502101,1,0.595,,,1.945945945945946,0.72,2.008403361344538,,,1.195
635,328,2,20.9,388142,4020608,1,0.575,,,1.7402597402597402,0.67,2.026086956521739,,,1.1649999999999998
638,328,2,61.0,388142,4020608,1,0.495,,,1.6,0.48,2.01010101010101,,,0.9949999999999999
641,587,3,5.0,663189,4363208,1,0.585,,,1.7746478873239437,0.63,2.0085470085470085,,,1.175
642,587,3,7.1,663189,4363208,1,0.35,,,1.847457627118644,0.545,2.0,,,0.7
643,587,3,10.2,663189,4363208,1,0.595,,,1.726027397260274,0.63,2.0,,,1.19
644,587,3,14.6,663189,4363208,1,0.63,,,1.7472527472527473,0.795,2.015873015873016,,,1.27
645,587,3,20.9,663189,4363208,1,0.5,,,1.6779661016949152,0.495,2.01,,,1.005
647,587,3,42.7,663189,4363208,1,0.66,,,1.913978494623656,0.89,2.007575757575758,,,1.325
653,488,5,10.2,60818,6314311,1,0.555,,,2.0,0.81,2.018018018018018,,,1.1199999999999999
654,488,5,14.6,60818,6314311,1,0.245,,,1.6046511627906976,0.345,2.0,,,0.49
656,488,5,29.9,60818,6314311,1,0.63,,,1.7263157894736842,0.82,2.007936507936508,,,1.265
657,488,5,42.7,60818,6314311,1,0.47,,,1.8985507246376812,0.655,2.0,,,0.94
658,488,5,61.0,60818,6314311,1,0.505,,,1.8305084745762712,0.54,2.00990099009901,,,1.015
660,488,5,125.0,60818,6314311,1,0.58,,,1.8780487804878048,0.77,2.0086206896551726,,,1.165
662,424,7,7.1,754181,7594924,1,0.64,,,1.5681818181818181,0.69,2.0078125,,,1.285
663,424,7,10.2,754181,7594924,1,0.53,,,1.6521739130434783,0.57,2.0,,,1.06
665,424,7,20.9,754181,7594924,1,0.64,,,1.7906976744186047,0.77,2.015625,,,1.29
666,424,7,29.9,754181,7594924,1,0.425,,,1.6727272727272726,0.46,2.0,,,0.85
669,424,7,87.4,754181,7594924,1,0.37,,,1.7954545454545454,0.395,2.0,,,0.74
671,655,4,5.0,898154,1751566,1,0.535,,,2.0144927536231885,0.695,2.0,,,1.07
680,655,4,125.0,898154,1751566,1,0.495,,,1.8571428571428572,0.65,2.0,,,0.99
688,399,7,61.0,365033,6882073,1,0.36,,,1.8,0.405,2.0,,,0.72
690,399,7,125.0,365033,6882073,1,0.675,,,1.6363636363636365,0.72,2.0,,,1.35
691,463,4,5.0,1083875,360924,1,0.28,,,1.6511627906976745,0.355,2.0,,,0.56
693,463,4,10.2,1083875,360924,1,0.67,,,1.9270833333333333,0.925,2.014925373134328,,,1.35
696,463,4,29.9,1083875,360924,1,0.535,,,1.9054054054054055,0.705,2.0093457943925235,,,1.075
698,463,4,61.0,1083875,360924,1,0.59,,,1.7160493827160495,0.695,2.0,,,1.18
699,463,4,87.4,1083875,360924,1,0.5,,,1.9841269841269842,0.625,2.01,,,1.005
701,975,5,5.0,589887,4392660,1,0.385,,,1.9,0.57,2.0,,,0.77
702,975,5,7.1,589887,4392660,1,0.455,,,1.8846153846153846,0.49,2.0,,,0.91
704,975,5,14.6,589887,4392660,1,0.57,,,1.8902439024390243,0.775,2.0,,,1.14
705,975,5,20.9,589887,4392660,1,0.465,,,1.828125,0.585,2.0,,,0.93
706,975,5,29.9,589887,4392660,1,0.41,,,1.9615384615384615,0.51,2.0,,,0.82
707,975,5,42.7,589887,4392660,1,0.465,,,1.8867924528301887,0.5,2.0,,,0.93
712,353,7,7.1,447493,1716934,1,0.645,,,1.9318181818181819,0.85,2.007751937984496,,,1.295
714,353,7,14.6,447493,1716934,1,0.335,,,1.469387755102041,0.36,2.0,,,0.67
716,353,7,29.9,447493,1716934,1,0.49,,,1.9428571428571428,0.68,2.0,,,0.98
717,353,7,42.7,447493,1716934,1,0.645,,,1.6593406593406594,0.755,2.0,,,1.29
718,353,7,61.0,447493,1716934,1,0.42,,,1.7457627118644068,0.515,2.0,,,0.84
723,250,8,10.2,911140,5410068,1,0.575,,,1.8133333333333332,0.68,2.0,,,1.15
733,898,7,10.2,760639,4056088,1,0.27,,,1.8823529411764706,0.32,2.0,,,0.54
734,898,7,14.6,760639,4056088,1,0.275,,,1.8478260869565217,0.425,2.0,,,0.55
737,898,7,42.7,760639,4056088,1,0.29,,,1.9166666666666667,0.345,2.0,,,0.58
739,898,7,87.4,760639,4056088,1,0.38,,,1.9387755102040816,0.475,2.013157894736842,,,0.765
745,351,4,20.9,935689,642421,1,0.315,,,1.9148936170212767,0.45,2.0,,,0.63
746,351,4,29.9,935689,642421,1,0.46,,,1.746031746031746,0.55,2.0,,,0.92
747,351,4,42.7,935689,642421,1,0.445,,,1.7936507936507937,0.565,2.0,,,0.89
748,351,4,61.0,935689,642421,1,0.45,,,1.6346153846153846,0.425,2.011111111111111,,,0.905
749,351,4,87.4,935689,642421,1,0.64,,,1.8555555555555556,0.835,2.015625,,,1.29
752,755,6,7.1,815771,5006363,1,0.63,,,1.7526881720430108,0.815,2.0,,,1.26
755,755,6,20.9,815771,5006363,1,0.43,,,1.855072463768116,0.64,2.0,,,0.86
757,755,6,42.7,815771,5006363,1,0.29,,,1.7179487179487178,0.335,2.0,,,0.58
759,755,6,87.4,815771,5006363,1,0.295,,,1.6888888888888889,0.38,2.0,,,0.59
761,381,6,5.0,612977,1098150,1,0.485,,,2.0,0.71,2.0103092783505154,,,0.975
762,381,6,7.1,612977,1098150,1,0.645,,,1.7912087912087913,0.815,2.0,,,1.29
771,285,7,5.0,479437,1362798,1,0.405,,,1.8070175438596492,0.515,2.0123456790123457,,,0.815
773,285,7,10.2,479437,1362798,1,0.535,,,1.7714285714285714,0.62,2.0,,,1.07
775,285,7,20.9,479437,1362798,1,0.52,,,1.8857142857142857,0.66,2.019230769230769,,,1.05
777,285,7,42.7,479437,1362798,1,0.485,,,1.9692307692307693,0.64,2.0,,,0.97
779,285,7,87.4,479437,1362798,1,0.455,,,2.0166666666666666,0.605,2.0,,,0.91
780,285,7,125.0,479437,1362798,1,0.565,,,2.028169014084507,0.72,2.0,,,1.13
787,594,4,42.7,240540,7147011,1,0.475,,,1.9705882352941178,0.67,2.0105263157894737,,,0.955
791,528,8,5.0,748694,1322580,1,0.505,,,1.9242424242424243,0.635,2.0,,,1.01
792,528,8,7.1,748694,1322580,1,0.475,,,1.8363636363636364,0.505,2.0,,,0.95
793,528,8,10.2,748694,1322580,1,0.685,,,1.7294117647058824,0.735,2.0,,,1.37
794,528,8,14.6,748694,1322580,1,0.525,,,1.8055555555555556,0.65,2.0,,,1.05
795,528,8,20.9,748694,1322580,1,0.37,,,1.7924528301886793,0.475,2.0,,,0.74
797,528,8,42.7,748694,1322580,1,0.575,,,2.041095890410959,0.745,2.0,,,1.15
798,528,8,61.0,748694,1322580,1,0.595,,,1.7951807228915662,0.745,2.0,,,1.19
800,528,8,125.0,748694,1322580,1,0.475,,,1.75,0.56,2.0,,,0.95
811,687,2,5.0,1029800,4329160,1,0.475,,,2.210526315789474,0.6300000000000001,2.126315789473684,,,1.01
820,687,2,125.0,1029800,4329160,1,0.595,,,1.486842105263158,0.565,2.0,,,1.19
821,994,4,5.0,707499,5760580,1,0.455,,,1.9523809523809523,0.615,2.0,,,0.91
824,994,4,14.6,707499,5760580,1,0.605,,,1.7078651685393258,0.76,2.0,,,1.21
825,994,4,20.9,707499,5760580,1,0.38,,,1.6964285714285714,0.475,2.0,,,0.76
829,994,4,87.4,707499,5760580,1,0.43,,,1.9454545454545455,0.535,2.011627906976744,,,0.865
831,782,2,5.0,416203,7873062,1,0.445,,,15.68,9.8,2.269662921348315,,,1.0100000000000002
835,782,2,20.9,416203,7873062,1,0.825,,,2.9833333333333334,1.79,2.0545454545454547,,,1.695
838,782,2,61.0,416203,7873062,1,0.41,,,1.619047619047619,0.34,2.048780487804878,,,0.84
839,782,2,87.4,416203,7873062,1,0.72,,,1.9545454545454546,0.86,2.048611111111111,,,1.475
842,948,6,7.1,1102116,3964761,1,0.58,,,1.8987341772151898,0.75,2.0,,,1.16
844,948,6,14.6,1102116,3964761,1,0.66,,,1.8888888888888888,0.765,2.0,,,1.32
845,948,6,20.9,1102116,3964761,1,0.69,,,1.925531914893617,0.905,2.0072463768115942,,,1.385
846,948,6,29.9,1102116,3964761,1,0.37,,,1.826086956521739,0.42,2.0,,,0.74
847,948,6,42.7,1102116,3964761,1,0.525,,,1.8076923076923077,0.705,2.0,,,1.05
849,948,6,87.4,1102116,3964761,1,0.43,,,1.8852459016393444,0.575,2.0,,,0.86
851,945,7,5.0,829011,2599119,1,0.595,,,1.9382716049382716,0.785,2.0,,,1.19
852,945,7,7.1,829011,2599119,1,0.665,,,1.8421052631578947,0.875,2.0,,,1.33
854,945,7,14.6,829011,2599119,1,0.32,,,1.8974358974358974,0.37,2.0,,,0.64
855,945,7,20.9,829011,2599119,1,0.45,,,2.1296296296296298,0.575,2.0,,,0.9
856,945,7,29.9,829011,2599119,1,0.635,,,1.9294117647058824,0.82,2.0,,,1.27
858,945,7,61.0,829011,2599119,1,0.38,,,1.82,0.455,2.013157894736842,,,0.765
859,945,7,87.4,829011,2599119,1,0.275,,,1.65,0.33,2.0,,,0.55
861,120,3,5.0,918714,2820493,1,0.47,,,1.8448275862068966,0.535,2.0106382978723403,,,0.945
862,120,3,7.1,918714,2820493,1,0.475,,,1.7894736842105263,0.51,2.0105263157894737,,,0.955
864,120,3,14.6,918714,2820493,1,0.395,,,1.7446808510638299,0.41,2.0,,,0.79
865,120,3,20.9,918714,2820493,1,0.64,,,1.8470588235294119,0.785,2.0078125,,,1.285
867,120,3,42.7,918714,2820493,1,0.605,,,1.7532467532467533,0.675,2.0,,,1.21
873,574,8,10.2,109802,874266,1,0.39,,,1.981818181818182,0.545,2.0,,,0.78
881,301,8,5.0,124793,3805108,1,0.425,,,1.8103448275862069,0.525,2.0,,,0.85
885,301,8,20.9,124793,3805108,1,0.315,,,1.8125,0.435,2.0,,,0.63
886,301,8,29.9,124793,3805108,1,0.33,,,1.7608695652173914,0.405,2.0,,,0.66
887,301,8,42.7,124793,3805108,1,0.63,,,1.9782608695652173,0.91,2.0,,,1.26
888,301,8,61.0,124793,3805108,1,0.31,,,1.7916666666666667,0.43,2.0,,,0.62
889,301,8,87.4,124793,3805108,1,0.3,,,1.6571428571428573,0.29000000000000004,2.0,,,0.6
890,301,8,125.0,124793,3805108,1,0.48,,,1.8928571428571428,0.53,2.0,,,0.96
891,396,7,5.0,222489,4978659,1,0.375,,,1.6304347826086956,0.375,2.0,,,0.75
892,396,7,7.1,222489,4978659,1,0.46,,,1.7638888888888888,0.635,2.0,,,0.92
893,396,7,10.2,222489,4978659,1,0.24,,,1.6666666666666667,0.3,2.0,,,0.48
900,396,7,125.0,222489,4978659,1,0.45,,,1.8088235294117647,0.615,2.011111111111111,,,0.905
902,144,5,7.1,736515,7713830,1,0.39,,,1.8181818181818181,0.5,2.0128205128205128,,,0.785
903,144,5,10.2,736515,7713830,1,0.445,,,1.6603773584905661,0.44,2.0,,,0.89
904,144,5,14.6,736515,7713830,1,0.405,,,1.719298245614035,0.49,2.0,,,0.81
905,144,5,20.9,736515,7713830,1,0.53,,,1.9722222222222223,0.71,2.0,,,1.06
907,144,5,42.7,736515,7713830,1,0.285,,,1.5151515151515151,0.25,2.0,,,0.57
908,144,5,61.0,736515,7713830,1,0.355,,,1.5490196078431373,0.395,2.0140845070422535,,,0.715
909,144,5,87.4,736515,7713830,1,0.47,,,1.6857142857142857,0.59,2.021276595744681,,,0.95
912,662,4,7.1,103542,6259861,1,0.42,,,1.9516129032258065,0.605,2.0,,,0.84
923,162,6,10.2,653866,7977897,1,0.25,,,1.641025641025641,0.32,2.0,,,0.5
924,162,6,14.6,653866,7977897,1,0.305,,,1.5319148936170213,0.36,2.0,,,0.61
925,162,6,20.9,653866,7977897,1,0.615,,,2.034090909090909,0.895,2.0,,,1.23
928,162,6,61.0,653866,7977897,1,0.63,,,1.8241758241758241,0.83,2.0,,,1.26
929,162,6,87.4,653866,7977897,1,0.57,,,1.6901408450704225,0.6,2.0,,,1.14
930,162,6,125.0,653866,7977897,1,0.46,,,2.019607843137255,0.515,2.0,,,0.92
932,153,8,7.1,541337,1076629,1,0.405,,,1.6666666666666667,0.45,2.0123456790123457,,,0.815
933,153,8,10.2,541337,1076629,1,0.645,,,2.0843373493975905,0.865,2.0,,,1.29
934,153,8,14.6,541337,1076629,1,0.31,,,1.9411764705882353,0.33,2.0,,,0.62
939,153,8,87.4,541337,1076629,1,0.395,,,1.8333333333333333,0.495,2.0,,,0.79
944,440,4,14.6,966243,3484389,1,0.285,,,1.5384615384615385,0.3,2.0,,,0.57
945,440,4,20.9,966243,3484389,1,0.255,,,1.75,0.35,2.019607843137255,,,0.515
949,440,4,87.4,966243,3484389,1,0.53,,,1.6486486486486487,0.61,2.0,,,1.06
950,440,4,125.0,966243,3484389,1,0.455,,,1.6964285714285714,0.475,2.0,,,0.91
955,155,7,20.9,878853,2674948,1,0.675,,,1.77,0.885,2.0,,,1.35
959,155,7,87.4,878853,2674948,1,0.575,,,1.9761904761904763,0.83,2.0,,,1.15
972,530,8,7.1,1098735,4618356,1,0.32,,,1.7272727272727273,0.38,2.0,,,0.64
979,530,8,87.4,1098735,4618356,1,0.645,,,1.8043478260869565,0.83,2.0,,,1.29
980,530,8,125.0,1098735,4618356,1,0.295,,,1.8181818181818181,0.4,2.0,,,0.59
981,990,3,5.0,625697,7489363,1,0.475,,,1.8644067796610169,0.55,2.0,,,0.95
983,990,3,10.2,625697,7489363,1,0.555,,,1.9701492537313432,0.66,2.009009009009009,,,1.115
985,990,3,20.9,625697,7489363,1,0.595,,,1.5853658536585367,0.65,2.0168067226890756,,,1.2
989,990,3,87.4,625697,7489363,1,0.33,,,1.5952380952380953,0.335,2.0,,,0.66
994,111,7,14.6,901370,2165039,1,0.39,,,1.7241379310344827,0.5,2.0,,,0.78
995,111,7,20.9,901370,2165039,1,0.61,,,1.6962025316455696,0.67,2.0,,,1.22
1005,720,4,20.9,218275,4426223,1,0.325,,,1.8222222222222222,0.41,2.0,,,0.65
1006,720,4,29.9,218275,4426223,1,0.655,,,1.8453608247422681,0.895,2.015267175572519,,,1.32
1009,720,4,87.4,218275,4426223,1,0.57,,,1.76,0.66,2.0,,,1.14
1016,887,5,29.9,554442,3210555,1,0.285,,,1.627906976744186,0.35,2.0,,,0.57
1018,887,5,61.0,554442,3210555,1,0.55,,,1.935897435897436,0.755,2.018181818181818,,,1.11
1020,887,5,125.0,554442,3210555,1,0.47,,,1.8181818181818181,0.6,2.0,,,0.94
1021,741,5,5.0,427985,6135317,1,0.41,,,1.7333333333333334,0.52,2.0,,,0.82
1024,741,5,14.6,427985,6135317,1,0.64,,,1.946236559139785,0.905,2.015625,,,1.29
1029,741,5,87.4,427985,6135317,1,0.29,,,1.7560975609756098,0.36,2.0172413793103448,,,0.585
1031,429,4,5.0,543574,3645522,1,0.295,,,1.7272727272727273,0.38,2.0,,,0.59
1032,429,4,7.1,543574,3645522,1,0.275,,,1.7045454545454546,0.375,2.0,,,0.55
1035,429,4,20.9,543574,3645522,1,0.355,,,1.6511627906976745,0.355,2.0,,,0.71
1038,429,4,61.0,543574,3645522,1,0.545,,,1.9154929577464788,0.68,2.0,,,1.09
1041,900,6,5.0,1105037,4657678,1,0.45,,,1.859375,0.595,2.0,,,0.9
1042,900,6,7.1,1105037,4657678,1,0.55,,,1.8181818181818181,0.6,2.0,,,1.1
1044,900,6,14.6,1105037,4657678,1,0.325,,,1.5813953488372092,0.34,2.0,,,0.65
1046,900,6,29.9,1105037,4657678,1,0.41,,,1.7,0.51,2.0,,,0.82
1047,900,6,42.7,1105037,4657678,1,0.46,,,1.847457627118644,0.545,2.0,,,0.92
1048,900,6,61.0,1105037,4657678,1,0.64,,,1.7816091954022988,0.775,2.0,,,1.28
1051,423,3,5.0,956458,1985502,1,0.695,,,1.8383838383838385,0.91,2.0071942446043165,,,1.395
1053,423,3,10.2,956458,1985502,1,0.46,,,1.736842105263158,0.495,2.0,,,0.92
1054,423,3,14.6,956458,1985502,1,0.6,,,1.8529411764705883,0.63,2.0,,,1.2
1057,423,3,42.7,956458,1985502,1,0.29,,,1.6578947368421053,0.315,2.0172413793103448,,,0.585
1061,869,3,5.0,1071557,2325030,1,0.42,,,1.9655172413793103,0.57,2.0,,,0.84
1064,869,3,14.6,1071557,2325030,1,0.415,,,1.8653846153846154,0.485,2.0,,,0.83
1065,869,3,20.9,1071557,2325030,1,0.555,,,1.7462686567164178,0.585,2.0,,,1.11
1070,869,3,125.0,1071557,2325030,1,0.61,,,1.7303370786516854,0.77,2.0081967213114753,,,1.225
1073,914,7,10.2,459582,798328,1,0.48,,,1.8636363636363635,0.615,2.0104166666666665,,,0.965
1075,914,7,20.9,459582,798328,1,0.56,,,2.123456790123457,0.86,2.0089285714285716,,,1.1250000000000002
1076,914,7,29.9,459582,798328,1,0.29,,,1.7297297297297298,0.32,2.0,,,0.58
1077,914,7,42.7,459582,798328,1,0.26,,,1.7027027027027026,0.315,2.0,,,0.52
1080,914,7,125.0,459582,798328,1,0.255,,,1.7297297297297298,0.32,2.0,,,0.51
1081,776,4,5.0,356555,4899302,1,0.475,,,1.8088235294117647,0.615,2.0,,,0.95
1082,776,4,7.1,356555,4899302,1,0.615,,,1.6790123456790123,0.68,2.0,,,1.23
1084,776,4,14.6,356555,4899302,1,0.365,,,1.9056603773584906,0.505,2.0,,,0.73
1090,776,4,125.0,356555,4899302,1,0.455,,,1.8275862068965518,0.53,2.0,,,0.91
1092,170,3,7.1,1079442,4649627,1,0.49,,,1.7272727272727273,0.475,2.020408163265306,,,0.9899999999999999
1095,170,3,20.9,1079442,4649627,1,0.415,,,1.7169811320754718,0.455,2.0,,,0.83
1098,170,3,61.0,1079442,4649627,1,0.59,,,1.84,0.69,2.0,,,1.18
1099,170,3,87.4,1079442,4649627,1,0.345,,,1.872340425531915,0.44,2.028985507246377,,,0.7
1101,199,6,5.0,330337,6019297,1,0.625,,,1.9382716049382716,0.785,2.0,,,1.25
1102,199,6,7.1,330337,6019297,1,0.345,,,1.8653846153846154,0.485,2.0144927536231885,,,0.695
1103,199,6,10.2,330337,6019297,1,0.38,,,1.8103448275862069,0.525,2.0,,,0.76
1104,199,6,14.6,330337,6019297,1,0.505,,,1.9491525423728813,0.575,2.0,,,1.01
1106,199,6,29.9,330337,6019297,1,0.555,,,2.049382716049383,0.8300000000000002,2.0,,,1.11
1109,199,6,87.4,330337,6019297,1,0.4,,,2.0,0.52,2.0125,,,0.805
1110,199,6,125.0,330337,6019297,1,0.305,,,1.6818181818181819,0.37,2.0,,,0.61
1112,569,6,7.1,132204,7633868,1,0.59,,,1.8705882352941177,0.795,2.0,,,1.18
1118,569,6,61.0,132204,7633868,1,0.375,,,1.8421052631578947,0.525,2.013333333333333,,,0.755
1120,569,6,125.0,132204,7633868,1,0.44,,,1.6545454545454545,0.455,2.0113636363636362,,,0.885
1121,297,4,5.0,510042,7802290,1,0.335,,,1.8085106382978724,0.425,2.0,,,0.67
1122,297,4,7.1,510042,7802290,1,0.675,,,1.8877551020408163,0.925,2.022222222222222,,,1.365
1123,297,4,10.2,510042,7802290,1,0.595,,,1.7160493827160495,0.695,2.0,,,1.19
1125,297,4,20.9,510042,7802290,1,0.25,,,1.7333333333333334,0.26,2.0,,,0.5
1127,297,4,42.7,510042,7802290,1,0.525,,,1.8793103448275863,0.545,2.019047619047619,,,1.06
1129,297,4,87.4,510042,7802290,1,0.655,,,1.8476190476190477,0.97,2.0076335877862594,,,1.315
1131,236,3,5.0,233308,2755253,1,0.28,,,1.85,0.37,2.0,,,0.56
1136,236,3,29.9,233308,2755253,1,0.415,,,1.6166666666666667,0.485,2.0120481927710845,,,0.835
1137,236,3,42.7,233308,2755253,1,0.655,,,1.5913978494623655,0.74,2.0,,,1.31
1138,236,3,61.0,233308,2755253,1,0.36,,,1.803921568627451,0.46,2.0,,,0.72
1140,236,3,125.0,233308,2755253,1,0.555,,,1.7611940298507462,0.59,2.0,,,1.11
1142,693,6,7.1,313310,3455741,1,0.55,,,1.986842105263158,0.755,2.0,,,1.1
1143,693,6,10.2,313310,3455741,1,0.52,,,1.875,0.6,2.0,,,1.04
1145,693,6,20.9,313310,3455741,1,0.61,,,1.6,0.68,2.0,,,1.22
1148,693,6,61.0,313310,3455741,1,0.455,,,1.8518518518518519,0.5,2.0,,,0.91
1152,669,2,7.1,923356,530268,1,0.565,,,1.5076923076923077,0.49,2.017699115044248,,,1.14
1154,669,2,14.6,923356,530268,1,0.68,,,1.7,0.595,2.0,,,1.36
1156,669,2,29.9,923356,530268,1,0.445,,,1.510204081632653,0.37,2.0,,,0.89
1162,448,3,7.1,111694,7118183,1,0.67,,,1.9540229885057472,0.85,2.0223880597014925,,,1.355
1169,448,3,87.4,111694,7118183,1,0.595,,,1.7654320987654322,0.715,2.0,,,1.19
1170,448,3,125.0,111694,7118183,1,0.36,,,1.6071428571428572,0.45,2.0,,,0.72
1171,267,3,5.0,727643,6078227,1,0.41,,,1.9827586206896552,0.575,2.0,,,0.82
1173,267,3,10.2,727643,6078227,1,0.485,,,1.6415094339622642,0.435,2.0,,,0.97
1174,267,3,14.6,727643,6078227,1,0.36,,,1.6304347826086956,0.375,2.013888888888889,,,0.725
1175,267,3,20.9,727643,6078227,1,0.625,,,1.6666666666666667,0.65,2.0,,,1.25
1176,267,3,29.9,727643,6078227,1,0.475,,,1.74,0.435,2.0105263157894737,,,0.955
1177,267,3,42.7,727643,6078227,1,0.62,,,1.8072289156626506,0.75,2.0080645161290325,,,1.245
1179,267,3,87.4,727643,6078227,1,0.605,,,1.644736842105263,0.6249999999999999,2.0,,,1.21
1188,928,4,61.0,604298,3884319,1,0.46,,,2.036363636363636,0.5599999999999999,2.0,,,0.92
1191,766,7,5.0,798663,7949417,1,0.605,,,1.9204545454545454,0.845,2.0,,,1.21
1192,766,7,7.1,798663,7949417,1,0.495,,,1.8208955223880596,0.61,2.0,,,0.99
1193,766,7,10.2,798663,7949417,1,0.61,,,1.881578947368421,0.715,2.0,,,1.22
1194,766,7,14.6,798663,7949417,1,0.33,,,1.7291666666666667,0.415,2.015151515151515,,,0.665
1195,766,7,20.9,798663,7949417,1,0.435,,,1.7796610169491525,0.525,2.0114942528735633,,,0.875
1196,766,7,29.9,798663,7949417,1,0.255,,,1.7857142857142858,0.375,2.0,,,0.51
1197,766,7,42.7,798663,7949417,1,0.64,,,1.989247311827957,0.925,2.0,,,1.28
1199,766,7,87.4,798663,7949417,1,0.515,,,1.849056603773585,0.49,2.0194174757281553,,,1.04
1201,86,2,5.0,300907,2913285,1,0.315,,,1.380952380952381,0.29,2.0317460317460316,,,0.64
1203,86,2,10.2,300907,2913285,1,0.755,,,1.5824175824175823,0.72,2.013245033112583,,,1.52
1204,86,2,14.6,300907,2913285,1,0.685,,,1.7011494252873562,0.74,2.0072992700729926,,,1.375
1205,86,2,20.9,300907,2913285,1,0.63,,,1.4556962025316456,0.575,2.0238095238095237,,,1.275
1207,86,2,42.7,300907,2913285,1,0.46,,,1.5238095238095237,0.48,2.010869565217391,,,0.9249999999999998
1208,86,2,61.0,300907,2913285,1,0.44,,,1.4285714285714286,0.35,2.0,,,0.88
1209,86,2,87.4,300907,2913285,1,0.59,,,1.6527777777777777,0.595,2.0084745762711864,,,1.185
1210,86,2,125.0,300907,2913285,1,0.53,,,1.3846153846153846,0.36,2.0,,,1.06
1220,338,3,125.0,742603,5594567,1,0.31,,,1.6136363636363635,0.355,2.0,,,0.62
1223,956,3,10.2,1118010,1467651,1,0.645,,,1.8255813953488371,0.785,2.007751937984496,,,1.295
1224,956,3,14.6,1118010,1467651,1,0.34,,,1.6595744680851063,0.39,2.0,,,0.68
1226,956,3,29.9,1118010,1467651,1,0.575,,,1.5789473684210527,0.6,2.008695652173913,,,1.155
1227,956,3,42.7,1118010,1467651,1,0.28,,,1.5227272727272727,0.335,2.0,,,0.56
1228,956,3,61.0,1118010,1467651,1,0.41,,,1.7166666666666666,0.515,2.0,,,0.82
1237,759,4,42.7,288973,5169495,1,0.31,,,1.6904761904761905,0.355,2.0,,,0.62
1241,544,6,5.0,732235,1872344,1,0.55,,,1.8356164383561644,0.67,2.0090909090909093,,,1.1050000000000002
1243,544,6,10.2,732235,1872344,1,0.54,,,1.9253731343283582,0.645,2.009259259259259,,,1.085
1246,544,6,29.9,732235,1872344,1,0.27,,,1.8888888888888888,0.34,2.0,,,0.54
1247,544,6,42.7,732235,1872344,1,0.31,,,1.7317073170731707,0.355,2.0,,,0.62
1249,544,6,87.4,732235,1872344,1,0.595,,,1.8311688311688312,0.705,2.0,,,1.19
1253,716,4,10.2,1135398,5288526,1,0.5,,,1.894736842105263,0.72,2.01,,,1.005
1256,716,4,29.9,1135398,5288526,1,0.355,,,1.8636363636363635,0.41,2.0,,,0.71
1257,716,4,42.7,1135398,5288526,1,0.645,,,1.6470588235294117,0.7,2.0,,,1.29
1259,716,4,87.4,1135398,5288526,1,0.415,,,1.7674418604651163,0.38,2.0,,,0.83
1260,716,4,125.0,1135398,5288526,1,0.62,,,1.7349397590361446,0.72,2.0080645161290325,,,1.245
1261,671,6,5.0,267508,2498978,1,0.47,,,1.8767123287671232,0.685,2.0106382978723403,,,0.945
1264,671,6,14.6,267508,2498978,1,0.665,,,1.7934782608695652,0.825,2.0,,,1.33
1271,434,6,5.0,709298,6394202,1,0.215,,,1.6285714285714286,0.285,2.0,,,0.43
1273,434,6,10.2,709298,6394202,1,0.425,,,1.7636363636363637,0.485,2.011764705882353,,,0.855
1275,434,6,20.9,709298,6394202,1,0.3,,,2.0277777777777777,0.365,2.0,,,0.6
1282,32,6,7.1,586809,1200154,1,0.59,,,1.7333333333333334,0.65,2.0084745762711864,,,1.185
1283,32,6,10.2,586809,1200154,1,0.47,,,1.7301587301587302,0.545,2.0106382978723403,,,0.945
1286,32,6,29.9,586809,1200154,1,0.5,,,1.631578947368421,0.465,2.01,,,1.005
1289,32,6,87.4,586809,1200154,1,0.67,,,1.8695652173913044,0.86,2.0074626865671643,,,1.345
1290,32,6,125.0,586809,1200154,1,0.59,,,1.8902439024390243,0.775,2.016949152542373,,,1.19
1292,73,8,7.1,1137670,5324555,1,0.585,,,1.7532467532467533,0.675,2.0,,,1.17
1294,73,8,14.6,1137670,5324555,1,0.425,,,1.7666666666666666,0.53,2.0,,,0.85
1295,73,8,20.9,1137670,5324555,1,0.585,,,1.7191011235955056,0.765,2.0085470085470085,,,1.175
1296,73,8,29.9,1137670,5324555,1,0.295,,,1.8,0.36,2.0,,,0.59
1299,73,8,87.4,1137670,5324555,1,0.32,,,1.7446808510638299,0.41,2.0,,,0.64
1300,73,8,125.0,1137670,5324555,1,0.66,,,1.8842105263157896,0.895,2.007575757575758,,,1.325
1306,979,6,29.9,304275,4165351,1,0.4,,,1.6785714285714286,0.47,2.0,,,0.8
1307,979,6,42.7,304275,4165351,1,0.51,,,1.835820895522388,0.615,2.0,,,1.02
1308,979,6,61.0,304275,4165351,1,0.46,,,2.0625,0.66,2.0,,,0.92
1309,979,6,87.4,304275,4165351,1,0.305,,,1.9090909090909092,0.42,2.0,,,0.61
1311,935,6,5.0,987351,6964607,1,0.515,,,1.8305084745762712,0.54,2.0,,,1.03
1313,935,6,10.2,987351,6964607,1,0.645,,,1.829268292682927,0.75,2.0,,,1.29
1321,206,4,5.0,1093404,5572130,1,0.455,,,1.8360655737704918,0.56,2.0,,,0.91
1322,206,4,7.1,1093404,5572130,1,0.6,,,1.7887323943661972,0.635,2.0,,,1.2
1323,206,4,10.2,1093404,5572130,1,0.56,,,1.8933333333333333,0.71,2.0,,,1.12
1324,206,4,14.6,1093404,5572130,1,0.38,,,1.7142857142857142,0.42,2.0,,,0.76
1327,206,4,42.7,1093404,5572130,1,0.36,,,1.7254901960784315,0.44,2.013888888888889,,,0.725
1328,206,4,61.0,1093404,5572130,1,0.515,,,1.8253968253968254,0.575,2.0194174757281553,,,1.04
1329,206,4,87.4,1093404,5572130,1,0.355,,,1.7777777777777777,0.4,2.0,,,0.71
1333,851,6,10.2,1020414,460080,1,0.26,,,1.7297297297297298,0.32,2.0,,,0.52
1335,851,6,20.9,1020414,460080,1,0.565,,,1.7027027027027026,0.63,2.0,,,1.13
1339,851,6,87.4,1020414,460080,1,0.585,,,1.6385542168674698,0.68,2.0,,,1.17
1340,851,6,125.0,1020414,460080,1,0.41,,,1.8,0.495,2.0,,,0.82
1341,923,7,5.0,804969,6362730,1,0.285,,,1.8181818181818181,0.4,2.0,,,0.57
1343,923,7,10.2,804969,6362730,1,0.595,,,2.0,0.75,2.0,,,1.19
1344,923,7,14.6,804969,6362730,1,0.34,,,1.8235294117647058,0.465,2.0,,,0.68
1347,923,7,42.7,804969,6362730,1,0.375,,,1.7358490566037736,0.46,2.0,,,0.75
1350,923,7,125.0,804969,6362730,1,0.705,,,1.8541666666666667,0.89,2.0,,,1.41
1352,242,7,7.1,793672,2274167,1,0.585,,,1.8354430379746836,0.725,2.0,,,1.17
1356,242,7,29.9,793672,2274167,1,0.45,,,1.7037037037037037,0.46,2.0,,,0.9
1358,242,7,61.0,793672,2274167,1,0.39,,,1.88,0.47,2.0,,,0.78
1361,344,2,5.0,1046106,3685562,1,0.74,,,1.5393258426966292,0.685,2.0675675675675675,,,1.53
1362,344,2,7.1,1046106,3685562,1,0.61,,,1.7205882352941178,0.585,2.0491803278688523,,,1.2499999999999998
1363,344,2,10.2,1046106,3685562,1,0.395,,,1.3214285714285714,0.37,2.0126582278481013,,,0.795
1364,344,2,14.6,1046106,3685562,1,0.44,,,1.537313432835821,0.515,2.022727272727273,,,0.8900000000000001
1366,344,2,29.9,1046106,3685562,1,0.715,,,1.6704545454545454,0.735,2.006993006993007,,,1.435
1367,344,2,42.7,1046106,3685562,1,0.43,,,1.4901960784313726,0.38,2.011627906976744,,,0.865
1369,344,2,87.4,1046106,3685562,1,0.44,,,1.5925925925925926,0.43,2.0113636363636362,,,0.885
1370,344,2,125.0,1046106,3685562,1,0.65,,,1.7272727272727273,0.665,2.0,,,1.3
1371,158,5,5.0,214456,4769636,1,0.425,,,1.85,0.555,2.0,,,0.85
1373,158,5,10.2,214456,4769636,1,0.515,,,1.6031746031746033,0.505,2.0,,,1.03
1375,158,5,20.9,214456,4769636,1,0.57,,,1.917808219178082,0.7,2.0,,,1.14
1376,158,5,29.9,214456,4769636,1,0.545,,,1.821917808219178,0.665,2.018348623853211,,,1.1
1378,158,5,61.0,214456,4769636,1,0.44,,,1.9701492537313432,0.66,2.034090909090909,,,0.895
1379,158,5,87.4,214456,4769636,1,0.385,,,1.9183673469387754,0.47,2.0,,,0.77
1380,158,5,125.0,214456,4769636,1,0.59,,,1.9014084507042253,0.675,2.0,,,1.18
1387,472,7,42.7,294506,3439131,1,0.41,,,1.8545454545454545,0.51,2.0,,,0.82
1388,472,7,61.0,294506,3439131,1,0.57,,,1.9875,0.795,2.0,,,1.14
1399,503,5,87.4,1051958,7084682,1,0.5,,,1.8412698412698412,0.58,2.0,,,1.0
1404,821,5,14.6,1112297,3280514,1,0.6,,,1.9397590361445782,0.805,2.0166666666666666,,,1.21
1408,821,5,61.0,1112297,3280514,1,0.685,,,1.72,0.86,2.0,,,1.37
1411,110,4,5.0,192223,6823941,1,0.545,,,1.7647058823529411,0.75,2.0,,,1.09
1415,110,4,20.9,192223,6823941,1,0.51,,,1.855263157894737,0.705,2.0098039215686274,,,1.025
1418,110,4,61.0,192223,6823941,1,0.615,,,1.691358024691358,0.685,2.008130081300813,,,1.235
1419,110,4,87.4,192223,6823941,1,0.515,,,1.8064516129032258,0.56,2.0097087378640777,,,1.035
1423,883,5,10.2,823844,1584847,1,0.575,,,1.7012987012987013,0.655,2.0,,,1.15
1424,883,5,14.6,823844,1584847,1,0.405,,,1.7017543859649122,0.485,2.0123456790123457,,,0.815
1426,883,5,29.9,823844,1584847,1,0.405,,,1.847457627118644,0.545,2.0123456790123457,,,0.815
1427,883,5,42.7,823844,1584847,1,0.385,,,1.7592592592592593,0.475,2.012987012987013,,,0.775
1429,883,5,87.4,823844,1584847,1,0.315,,,1.9047619047619047,0.4,2.015873015873016,,,0.635
1430,883,5,125.0,823844,1584847,1,0.55,,,1.8311688311688312,0.705,2.0,,,1.1
1431,658,3,5.0,949442,1690806,1,0.305,,,1.435897435897436,0.28,2.0163934426229506,,,0.6149999999999999
1432,658,3,7.1,949442,1690806,1,0.38,,,1.8305084745762712,0.54,2.0,,,0.76
1438,658,3,61.0,949442,1690806,1,0.415,,,1.8983050847457628,0.56,2.0,,,0.83
1442,723,2,7.1,916560,6727167,1,0.665,,,3.023529411764706,1.285,2.1503759398496243,,,1.43
1443,723,2,10.2,916560,6727167,1,0.835,,,2.308333333333333,1.385,2.0838323353293413,,,1.74
1444,723,2,14.6,916560,6727167,1,0.56,,,1.9324324324324325,0.715,2.0089285714285716,,,1.1250000000000002
1446,723,2,29.9,916560,6727167,1,0.445,,,1.46,0.365,2.044943820224719,,,0.91
1447,723,2,42.7,916560,6727167,1,0.5,,,1.52,0.57,2.01,,,1.005
1450,723,2,125.0,916560,6727167,1,0.71,,,1.446808510638298,0.68,2.0140845070422535,,,1.43
1452,315,7,7.1,1015407,4833322,1,0.42,,,1.6451612903225807,0.51,2.0,,,0.84
1453,315,7,10.2,1015407,4833322,1,0.35,,,1.9215686274509804,0.49,2.0,,,0.7
1454,315,7,14.6,1015407,4833322,1,0.54,,,1.7307692307692308,0.675,2.0,,,1.08
1456,315,7,29.9,1015407,4833322,1,0.57,,,1.8734177215189873,0.74,2.0,,,1.14
1459,315,7,87.4,1015407,4833322,1,0.715,,,1.9191919191919191,0.95,2.0,,,1.43
1461,829,7,5.0,391716,4154663,1,0.535,,,1.8481012658227849,0.73,2.0,,,1.07
1462,829,7,7.1,391716,4154663,1,0.51,,,2.0821917808219177,0.76,2.0098039215686274,,,1.025
1463,829,7,10.2,391716,4154663,1,0.565,,,1.8243243243243243,0.675,2.0265486725663715,,,1.1449999999999998
1468,829,7,61.0,391716,4154663,1,0.32,,,1.6041666666666667,0.385,2.015625,,,0.645
1471,846,5,5.0,502650,6597787,1,0.725,,,1.8148148148148149,0.98,2.0068965517241377,,,1.4549999999999996
1475,846,5,20.9,502650,6597787,1,0.38,,,1.6326530612244898,0.4,2.0,,,0.76
1492,408,6,7.1,744358,2087706,1,0.61,,,1.8666666666666667,0.84,2.0,,,1.22
1495,408,6,20.9,744358,2087706,1,0.335,,,1.8604651162790697,0.4,2.0,,,0.67
1497,408,6,42.7,744358,2087706,1,0.315,,,1.9583333333333333,0.47,2.015873015873016,,,0.635
1498,408,6,61.0,744358,2087706,1,0.49,,,1.9558823529411764,0.665,2.020408163265306,,,0.9899999999999999
1500,408,6,125.0,744358,2087706,1,0.52,,,1.7285714285714286,0.605,2.0,,,1.04
1501,372,4,5.0,839325,3193563,1,0.405,,,1.7454545454545454,0.48,2.0,,,0.81
1502,372,4,7.1,839325,3193563,1,0.6,,,1.9036144578313252,0.79,2.0,,,1.2
1503,372,4,10.2,839325,3193563,1,0.56,,,1.7662337662337662,0.68,2.0,,,1.12
1504,372,4,14.6,839325,3193563,1,0.39,,,1.7450980392156863,0.445,2.0,,,0.78
1510,372,4,125.0,839325,3193563,1,0.515,,,1.8732394366197183,0.665,2.0194174757281553,,,1.04
1511,346,7,5.0,100369,480736,1,0.62,,,1.697674418604651,0.73,2.0,,,1.24
1515,346,7,20.9,100369,480736,1,0.495,,,1.7142857142857142,0.54,2.0,,,0.99
1517,346,7,42.7,100369,480736,1,0.71,,,1.7403846153846154,0.905,2.0,,,1.42
1519,346,7,87.4,100369,480736,1,0.54,,,2.033333333333333,0.61,2.0,,,1.08
1523,909,5,10.2,351365,3358417,1,0.665,,,1.9782608695652173,0.91,2.0225563909774436,,,1.345
1528,909,5,61.0,351365,3358417,1,0.22,,,1.6470588235294117,0.28,2.0,,,0.44
1529,909,5,87.4,351365,3358417,1,0.57,,,1.8227848101265822,0.72,2.0,,,1.14
1533,518,7,10.2,713907,6816403,1,0.38,,,1.6938775510204083,0.415,2.0,,,0.76
1534,518,7,14.6,713907,6816403,1,0.43,,,1.8181818181818181,0.5,2.011627906976744,,,0.865
1538,518,7,61.0,713907,6816403,1,0.35,,,1.8863636363636365,0.415,2.0142857142857142,,,0.705
1540,518,7,125.0,713907,6816403,1,0.645,,,1.796116504854369,0.925,2.0155038759689923,,,1.3
1545,611,3,20.9,406565,4495167,1,0.59,,,1.881578947368421,0.715,2.0,,,1.18
1552,985,8,7.1,870460,3389597,1,0.365,,,1.8235294117647058,0.465,2.0136986301369864,,,0.735
1555,985,8,20.9,870460,3389597,1,0.585,,,1.9605263157894737,0.745,2.017094017094017,,,1.18
1561,462,8,5.0,1130029,2254688,1,0.505,,,1.7580645161290323,0.545,2.0,,,1.01
1566,462,8,29.9,1130029,2254688,1,0.475,,,1.8405797101449275,0.635,2.0,,,0.95
1568,462,8,61.0,1130029,2254688,1,0.34,,,1.78,0.445,2.0,,,0.68
1571,920,3,5.0,571111,1262197,1,0.535,,,1.7575757575757576,0.58,2.0,,,1.07
1572,920,3,7.1,571111,1262197,1,0.37,,,1.9272727272727272,0.53,2.0,,,0.74
1575,920,3,20.9,571111,1262197,1,0.31,,,1.6829268292682926,0.345,2.0,,,0.62
1578,920,3,61.0,571111,1262197,1,0.565,,,1.963855421686747,0.815,2.0088495575221237,,,1.1349999999999998
1580,920,3,125.0,571111,1262197,1,0.585,,,1.8902439024390243,0.775,2.0,,,1.17
1581,875,3,5.0,284969,1642034,1,0.52,,,1.7941176470588236,0.61,2.0,,,1.04
1582,875,3,7.1,284969,1642034,1,0.655,,,1.9090909090909092,0.945,2.030534351145038,,,1.33
1585,875,3,20.9,284969,1642034,1,0.44,,,1.671641791044776,0.56,2.0,,,0.88
1586,875,3,29.9,284969,1642034,1,0.365,,,1.8,0.45,2.0,,,0.73
1587,875,3,42.7,284969,1642034,1,0.535,,,1.5909090909090908,0.525,2.0,,,1.07
1588,875,3,61.0,284969,1642034,1,0.655,,,1.65625,0.795,2.0076335877862594,,,1.315
1589,875,3,87.4,284969,1642034,1,0.295,,,1.6136363636363635,0.355,2.0,,,0.59
1590,875,3,125.0,284969,1642034,1,0.445,,,1.8627450980392157,0.475,2.0,,,0.89
1594,624,3,14.6,680674,7660642,1,0.63,,,1.7956989247311828,0.835,2.0,,,1.26
1595,624,3,20.9,680674,7660642,1,0.585,,,1.6075949367088607,0.6349999999999999,2.0,,,1.17
1596,624,3,29.9,680674,7660642,1,0.515,,,1.625,0.585,2.0,,,1.03
1597,624,3,42.7,680674,7660642,1,0.43,,,1.6727272727272726,0.46,2.011627906976744,,,0.865
1603,685,4,10.2,779169,3347481,1,0.595,,,2.0113636363636362,0.885,2.008403361344538,,,1.195
1604,685,4,14.6,779169,3347481,1,0.255,,,1.5263157894736843,0.29,2.019607843137255,,,0.515
1607,685,4,42.7,779169,3347481,1,0.34,,,1.6956521739130435,0.39,2.0,,,0.68
1608,685,4,61.0,779169,3347481,1,0.65,,,1.7802197802197801,0.81,2.0076923076923077,,,1.305
1609,685,4,87.4,779169,3347481,1,0.66,,,1.7676767676767677,0.875,2.007575757575758,,,1.325
1612,915,3,7.1,68533,7042491,1,0.56,,,1.8472222222222223,0.665,2.017857142857143,,,1.13
1614,915,3,14.6,68533,7042491,1,0.52,,,1.7575757575757576,0.58,2.0096153846153846,,,1.045
1616,915,3,29.9,68533,7042491,1,0.345,,,1.6607142857142858,0.465,2.0144927536231885,,,0.695
1617,915,3,42.7,68533,7042491,1,0.47,,,1.5571428571428572,0.545,2.0,,,0.94
1619,915,3,87.4,68533,7042491,1,0.535,,,1.8571428571428572,0.65,2.0093457943925235,,,1.075
1620,915,3,125.0,68533,7042491,1,0.58,,,1.7439024390243902,0.715,2.0086206896551726,,,1.165
1621,168,7,5.0,599707,4109857,1,0.555,,,1.9487179487179487,0.76,2.009009009009009,,,1.115
1623,168,7,10.2,599707,4109857,1,0.295,,,1.6829268292682926,0.345,2.0,,,0.59
1624,168,7,14.6,599707,4109857,1,0.485,,,1.8857142857142857,0.66,2.0,,,0.97
1627,168,7,42.7,599707,4109857,1,0.445,,,1.9285714285714286,0.54,2.0,,,0.89
1628,168,7,61.0,599707,4109857,1,0.62,,,1.8857142857142857,0.66,2.0080645161290325,,,1.245
1631,851,5,5.0,272177,3577978,1,0.325,,,2.0652173913043477,0.475,2.0,,,0.65
1632,851,5,7.1,272177,3577978,1,0.57,,,2.064935064935065,0.795,2.008771929824561,,,1.1449999999999998
1633,851,5,10.2,272177,3577978,1,0.455,,,2.0689655172413794,0.6000000000000001,2.0,,,0.91
1640,851,5,125.0,272177,3577978,1,0.55,,,1.8225806451612903,0.565,2.0090909090909093,,,1.1050000000000002
1645,764,7,20.9,907441,5095093,1,0.62,,,1.964705882352941,0.835,2.0080645161290325,,,1.245
1648,764,7,61.0,907441,5095093,1,0.525,,,1.9210526315789473,0.73,2.019047619047619,,,1.06
1655,713,5,20.9,970048,7440745,1,0.4,,,1.7407407407407407,0.47,2.0125,,,0.805
1657,713,5,42.7,970048,7440745,1,0.535,,,1.9166666666666667,0.575,2.0093457943925235,,,1.075
1662,126,6,7.1,1041769,851521,1,0.31,,,1.894736842105263,0.36,2.0,,,0.62
1667,126,6,42.7,1041769,851521,1,0.4,,,1.9821428571428572,0.555,2.0125,,,0.805
1668,126,6,61.0,1041769,851521,1,0.295,,,1.6842105263157894,0.32,2.0,,,0.59
1671,75,4,5.0,667815,6648498,1,0.74,,,1.75,0.91,2.0,,,1.48
1673,75,4,10.2,667815,6648498,1,0.475,,,1.6933333333333334,0.635,2.0210526315789474,,,0.96
1674,75,4,14.6,667815,6648498,1,0.525,,,1.878787878787879,0.62,2.0095238095238095,,,1.055
1675,75,4,20.9,667815,6648498,1,0.675,,,1.8453608247422681,0.895,2.0074074074074075,,,1.355
1677,75,4,42.7,667815,6648498,1,0.62,,,1.8953488372093024,0.815,2.0,,,1.24
1678,75,4,61.0,667815,6648498,1,0.6,,,1.9466666666666668,0.73,2.0,,,1.2
1679,75,4,87.4,667815,6648498,1,0.305,,,1.6428571428571428,0.345,2.0,,,0.61
1680,75,4,125.0,667815,6648498,1,0.63,,,1.7826086956521738,0.82,2.015873015873016,,,1.27
1681,548,5,5.0,473239,390126,1,0.265,,,1.8857142857142857,0.33,2.0,,,0.53
1683,548,5,10.2,473239,390126,1,0.385,,,1.9411764705882353,0.495,2.012987012987013,,,0.775
1687,548,5,42.7,473239,390126,1,0.49,,,1.8461538461538463,0.6,2.0,,,0.98
1690,548,5,125.0,473239,390126,1,0.575,,,1.9444444444444444,0.7,2.0,,,1.15
1695,310,3,20.9,1066981,2945118,1,0.58,,,1.6375,0.655,2.0,,,1.16
1703,780,3,10.2,820024,5229994,1,0.35,,,1.8095238095238095,0.38,2.0,,,0.7
1705,780,3,20.9,820024,5229994,1,0.625,,,1.788888888888889,0.805,2.008,,,1.255
1707,780,3,42.7,820024,5229994,1,0.395,,,1.6724137931034482,0.485,2.0,,,0.79
1709,780,3,87.4,820024,5229994,1,0.385,,,1.7543859649122806,0.5,2.0,,,0.77
1712,254,3,7.1,881963,3516523,1,0.49,,,1.7538461538461538,0.57,2.0,,,0.98
1714,254,3,14.6,881963,3516523,1,0.635,,,1.7125,0.685,2.0078740157480315,,,1.275
1719,254,3,87.4,881963,3516523,1,0.31,,,1.8,0.36,2.0161290322580645,,,0.625
1721,54,7,5.0,643603,3716644,1,0.65,,,1.7234042553191489,0.81,2.0,,,1.3
1723,54,7,10.2,643603,3716644,1,0.635,,,1.7674418604651163,0.76,2.0,,,1.27
1727,54,7,42.7,643603,3716644,1,0.71,,,1.9894736842105263,0.945,2.007042253521127,,,1.4250000000000003
1728,54,7,61.0,643603,3716644,1,0.495,,,1.903225806451613,0.59,2.0,,,0.99
1730,54,7,125.0,643603,3716644,1,0.33,,,1.6444444444444444,0.37,2.0,,,0.66
1733,69,3,10.2,78209,5252486,1,0.415,,,1.7096774193548387,0.53,2.0,,,0.83
1735,69,3,20.9,78209,5252486,1,0.4,,,1.7777777777777777,0.56,2.0,,,0.8
1737,69,3,42.7,78209,5252486,1,0.515,,,1.71875,0.55,2.0194174757281553,,,1.04
1738,69,3,61.0,78209,5252486,1,0.54,,,1.5774647887323943,0.5599999999999999,2.0,,,1.08
1743,800,5,10.2,1126653,2224583,1,0.305,,,1.6511627906976745,0.355,2.0,,,0.61
1748,800,5,61.0,1126653,2224583,1,0.435,,,1.7058823529411764,0.58,2.0114942528735633,,,0.875
1750,800,5,125.0,1126653,2224583,1,0.61,,,1.925,0.77,2.0081967213114753,,,1.225
1760,970,6,125.0,495295,4276973,1,0.545,,,1.8888888888888888,0.68,2.0,,,1.09
1764,231,5,14.6,1004855,6681273,1,0.515,,,1.6521739130434783,0.57,2.0,,,1.03
1765,231,5,20.9,1004855,6681273,1,0.285,,,1.564102564102564,0.305,2.017543859649123,,,0.575
1770,231,5,125.0,1004855,6681273,1,0.515,,,2.0,0.57,2.0097087378640777,,,1.035
1771,147,5,5.0,253111,2951164,1,0.63,,,1.9775280898876404,0.88,2.0,,,1.26
1772,147,5,7.1,253111,2951164,1,0.655,,,1.7608695652173914,0.81,2.0,,,1.31
1774,147,5,14.6,253111,2951164,1,0.585,,,1.8055555555555556,0.65,2.0,,,1.17
1776,147,5,29.9,253111,2951164,1,0.28,,,1.5945945945945945,0.295,2.0,,,0.56
1777,147,5,42.7,253111,2951164,1,0.485,,,1.9047619047619047,0.6,2.0,,,0.97
1780,147,5,125.0,253111,2951164,1,0.595,,,1.9390243902439024,0.795,2.008403361344538,,,1.195
1781,508,7,5.0,977045,406031,1,0.465,,,1.8666666666666667,0.7,2.0,,,0.93
1782,508,7,7.1,977045,406031,1,0.5,,,1.873015873015873,0.59,2.01,,,1.005
1784,508,7,14.6,977045,406031,1,0.565,,,1.9452054794520548,0.71,2.0088495575221237,,,1.1349999999999998
1790,508,7,125.0,977045,406031,1,0.445,,,1.631578947368421,0.465,2.0,,,0.89
1792,46,2,7.1,862152,5853360,1,0.79,,,1.5154639175257731,0.735,2.0126582278481013,,,1.59
1800,46,2,125.0,862152,5853360,1,0.755,,,1.5714285714285714,0.715,2.0,,,1.51
1804,535,5,14.6,577090,6729326,1,0.665,,,1.8043478260869565,0.83,2.007518796992481,,,1.335
1806,535,5,29.9,577090,6729326,1,0.48,,,1.5873015873015872,0.5,2.0104166666666665,,,0.965
1808,535,5,61.0,577090,6729326,1,0.56,,,1.7882352941176471,0.76,2.0089285714285716,,,1.1250000000000002
1812,736,4,7.1,514199,4710516,1,0.325,,,1.8888888888888888,0.425,2.0153846153846153,,,0.655
1814,736,4,14.6,514199,4710516,1,0.4,,,1.719298245614035,0.49,2.0,,,0.8
1818,736,4,61.0,514199,4710516,1,0.295,,,1.7857142857142858,0.375,2.0,,,0.59
1823,374,7,10.2,1155673,6010507,1,0.66,,,1.9411764705882353,0.825,2.0,,,1.32
1825,374,7,20.9,1155673,6010507,1,0.525,,,1.7361111111111112,0.625,2.0,,,1.05
1827,374,7,42.7,1155673,6010507,1,0.645,,,1.6419753086419753,0.665,2.0,,,1.29
1832,364,4,7.1,200318,2192063,1,0.28,,,1.8571428571428572,0.39,2.0,,,0.56
1833,364,4,10.2,200318,2192063,1,0.38,,,1.6862745098039216,0.43,2.0,,,0.76
1839,364,4,87.4,200318,2192063,1,0.705,,,1.8877551020408163,0.925,2.0,,,1.41
1840,364,4,125.0,200318,2192063,1,0.59,,,1.8,0.765,2.0,,,1.18
1841,571,6,5.0,1058443,3020113,1,0.65,,,1.793103448275862,0.78,2.0076923076923077,,,1.305
1843,571,6,10.2,1058443,3020113,1,0.51,,,1.873015873015873,0.59,2.0,,,1.02
1844,571,6,14.6,1058443,3020113,1,0.7,,,1.8,0.9,2.0142857142857142,,,1.41
1851,411,7,5.0,179544,6266571,1,0.595,,,1.8131868131868132,0.825,2.008403361344538,,,1.195
1854,411,7,14.6,179544,6266571,1,0.625,,,1.7590361445783131,0.73,2.0,,,1.25
1855,411,7,20.9,179544,6266571,1,0.59,,,1.880952380952381,0.79,2.0084745762711864,,,1.185
1856,411,7,29.9,179544,6266571,1,0.345,,,1.509433962264151,0.4,2.0,,,0.69
1858,411,7,61.0,179544,6266571,1,0.485,,,1.6440677966101696,0.485,2.020618556701031,,,0.98
1859,411,7,87.4,179544,6266571,1,0.225,,,1.6388888888888888,0.295,2.0,,,0.45
1860,411,7,125.0,179544,6266571,1,0.585,,,1.876543209876543,0.76,2.0085470085470085,,,1.175
1877,174,3,42.7,434845,4955019,1,0.58,,,1.7532467532467533,0.675,2.0,,,1.16
1884,517,2,14.6,532901,1432144,1,0.345,,,1.4893617021276595,0.35,2.0144927536231885,,,0.695
1886,517,2,29.9,532901,1432144,1,0.43,,,1.423728813559322,0.42,2.011627906976744,,,0.865
1887,517,2,42.7,532901,1432144,1,0.78,,,1.627659574468085,0.765,2.0064102564102564,,,1.565
1890,517,2,125.0,532901,1432144,1,0.65,,,1.644736842105263,0.6249999999999999,2.0,,,1.3
1893,996,8,10.2,366934,5387618,1,0.265,,,1.6666666666666667,0.3,2.0,,,0.53
1900,996,8,125.0,366934,5387618,1,0.35,,,1.7608695652173914,0.405,2.0142857142857142,,,0.705
1901,187,2,5.0,843589,1052878,1,0.79,,,1.4845360824742269,0.72,2.0126582278481013,,,1.59
1903,187,2,10.2,843589,1052878,1,0.595,,,1.75,0.63,2.0,,,1.19
1904,187,2,14.6,843589,1052878,1,0.57,,,1.5352112676056338,0.545,2.008771929824561,,,1.1449999999999998
1906,187,2,29.9,843589,1052878,1,0.565,,,1.7083333333333333,0.615,2.0,,,1.13
1908,187,2,61.0,843589,1052878,1,0.725,,,1.5657894736842106,0.595,2.0,,,1.45
1909,187,2,87.4,843589,1052878,1,0.495,,,1.390625,0.445,2.0,,,0.99
1910,187,2,125.0,843589,1052878,1,0.65,,,1.5774647887323943,0.5599999999999999,2.0,,,1.3
1911,732,3,5.0,173782,4804568,1,0.47,,,1.646153846153846,0.535,2.0319148936170213,,,0.955
1914,732,3,14.6,173782,4804568,1,0.55,,,1.838235294117647,0.625,2.0,,,1.1
1916,732,3,29.9,173782,4804568,1,0.4,,,1.625,0.455,2.0125,,,0.805
1918,732,3,61.0,173782,4804568,1,0.58,,,1.7297297297297298,0.64,2.0086206896551726,,,1.165
1931,178,4,5.0,488054,4844989,1,0.44,,,1.9558823529411764,0.665,2.0,,,0.88
1935,178,4,20.9,488054,4844989,1,0.66,,,1.7765957446808511,0.835,2.007575757575758,,,1.325
1936,178,4,29.9,488054,4844989,1,0.56,,,2.0128205128205128,0.785,2.0,,,1.12
1937,178,4,42.7,488054,4844989,1,0.525,,,2.0933333333333333,0.785,2.0285714285714285,,,1.065
1940,178,4,125.0,488054,4844989,1,0.525,,,1.8630136986301369,0.68,2.0,,,1.05
1942,491,6,7.1,927779,6224225,1,0.49,,,1.9,0.665,2.0,,,0.98
1944,491,6,14.6,927779,6224225,1,0.525,,,1.6712328767123288,0.61,2.0,,,1.05
1947,491,6,42.7,927779,6224225,1,0.365,,,1.608695652173913,0.37,2.0,,,0.73
1955,580,6,20.9,167827,3249308,1,0.675,,,1.9157894736842105,0.91,2.0074074074074075,,,1.355
1956,580,6,29.9,167827,3249308,1,0.315,,,1.7045454545454546,0.375,2.0,,,0.63
1957,580,6,42.7,167827,3249308,1,0.48,,,1.8153846153846154,0.59,2.0104166666666665,,,0.965
1959,580,6,87.4,167827,3249308,1,0.59,,,2.0259740259740258,0.7799999999999998,2.0,,,1.18
1965,88,4,20.9,465040,1419318,1,0.315,,,1.5128205128205128,0.295,2.0,,,0.63
1966,88,4,29.9,465040,1419318,1,0.41,,,1.7049180327868851,0.52,2.0,,,0.82
1967,88,4,42.7,465040,1419318,1,0.545,,,1.9661016949152543,0.58,2.0,,,1.09
1969,88,4,87.4,465040,1419318,1,0.465,,,1.8333333333333333,0.55,2.021505376344086,,,0.94
1971,482,5,5.0,336668,3768166,1,0.555,,,1.8235294117647058,0.62,2.0,,,1.11
1972,482,5,7.1,336668,3768166,1,0.41,,,2.017543859649123,0.575,2.0121951219512195,,,0.825
1973,482,5,10.2,336668,3768166,1,0.435,,,1.8548387096774193,0.575,2.0,,,0.87
1974,482,5,14.6,336668,3768166,1,0.445,,,1.8545454545454545,0.51,2.0112359550561796,,,0.8949999999999999
1975,482,5,20.9,336668,3768166,1,0.545,,,1.8630136986301369,0.68,2.0091743119266057,,,1.0950000000000002
1976,482,5,29.9,336668,3768166,1,0.29,,,1.725,0.345,2.0,,,0.58
1983,682,2,10.2,148856,5776151,1,0.695,,,14.183823529411764,9.645,2.158273381294964,,,1.5
1985,682,2,20.9,148856,5776151,1,0.7,,,5.29126213592233,2.725,2.2071428571428573,,,1.545
1987,682,2,42.7,148856,5776151,1,0.67,,,2.561224489795918,1.255,2.08955223880597,,,1.4
1988,682,2,61.0,148856,5776151,1,0.58,,,2.2839506172839505,0.925,2.0948275862068964,,,1.2149999999999999
1989,682,2,87.4,148856,5776151,1,0.76,,,1.9615384615384615,1.02,2.0789473684210527,,,1.58
1993,358,3,10.2,1040225,5729202,1,0.34,,,1.5909090909090908,0.35,2.014705882352941,,,0.685
1995,358,3,20.9,1040225,5729202,1,0.29,,,1.5897435897435896,0.30999999999999994,2.0,,,0.58
1997,358,3,42.7,1040225,5729202,1,0.345,,,1.9803921568627452,0.505,2.0,,,0.69
1998,358,3,61.0,1040225,5729202,1,0.555,,,1.608695652173913,0.555,2.0,,,1.11
2001,697,7,5.0,203528,6190154,1,0.425,,,1.7333333333333334,0.52,2.011764705882353,,,0.855
2002,697,7,7.1,203528,6190154,1,0.26,,,2.0,0.44,2.0,,,0.52
2006,697,7,29.9,203528,6190154,1,0.515,,,2.0294117647058822,0.69,2.0,,,1.03
2011,418,6,5.0,1182806,753016,1,0.305,,,1.744186046511628,0.375,2.0,,,0.61
2016,418,6,29.9,1182806,753016,1,0.515,,,1.7936507936507937,0.565,2.0,,,1.03
2017,418,6,42.7,1182806,753016,1,0.465,,,1.9298245614035088,0.55,2.0,,,0.93
2018,418,6,61.0,1182806,753016,1,0.29,,,1.9487179487179487,0.38,2.0172413793103448,,,0.585
2019,418,6,87.4,1182806,753016,1,0.61,,,1.8641975308641976,0.755,2.0081967213114753,,,1.225
2020,418,6,125.0,1182806,753016,1,0.465,,,1.8225806451612903,0.565,2.0,,,0.93
2023,833,2,10.2,833179,1221269,1,0.46,,,1.5211267605633803,0.54,2.0217391304347827,,,0.93
2026,833,2,29.9,833179,1221269,1,0.41,,,1.490566037735849,0.395,2.0121951219512195,,,0.825
2027,833,2,42.7,833179,1221269,1,0.685,,,1.5227272727272727,0.67,2.021897810218978,,,1.385
2032,601,6,7.1,492078,4305921,1,0.49,,,1.8095238095238095,0.57,2.0,,,0.98
2034,601,6,14.6,492078,4305921,1,0.505,,,1.875,0.6,2.0,,,1.01
2035,601,6,20.9,492078,4305921,1,0.52,,,2.1463414634146343,0.88,2.0,,,1.04
2038,601,6,61.0,492078,4305921,1,0.54,,,1.7714285714285714,0.62,2.0,,,1.08
2040,601,6,125.0,492078,4305921,1,0.44,,,1.9482758620689655,0.565,2.0113636363636362,,,0.885
2041,632,3,5.0,781390,2024723,1,0.39,,,1.6603773584905661,0.44,2.0,,,0.78
2042,632,3,7.1,781390,2024723,1,0.36,,,1.6470588235294117,0.42,2.0,,,0.72
2043,632,3,10.2,781390,2024723,1,0.64,,,1.7532467532467533,0.675,2.015625,,,1.29
2044,632,3,14.6,781390,2024723,1,0.3,,,1.85,0.37,2.0,,,0.6
2046,632,3,29.9,781390,2024723,1,0.595,,,1.7375,0.695,2.008403361344538,,,1.195
2048,632,3,61.0,781390,2024723,1,0.275,,,1.8,0.225,2.018181818181818,,,0.555
2049,632,3,87.4,781390,2024723,1,0.6,,,1.8588235294117648,0.79,2.0,,,1.2
2050,632,3,125.0,781390,2024723,1,0.655,,,1.6455696202531647,0.65,2.0076335877862594,,,1.315
2052,436,8,7.1,378199,984646,1,0.51,,,1.6944444444444444,0.61,2.0,,,1.02
2053,436,8,10.2,378199,984646,1,0.46,,,1.9154929577464788,0.68,2.0,,,0.92
2054,436,8,14.6,378199,984646,1,0.475,,,1.8333333333333333,0.66,2.0,,,0.95
2055,436,8,20.9,378199,984646,1,0.42,,,1.694915254237288,0.5,2.0,,,0.84
2057,436,8,42.7,378199,984646,1,0.215,,,1.6296296296296295,0.22,2.0,,,0.43
2059,436,8,87.4,378199,984646,1,0.365,,,1.76,0.44,2.0,,,0.73
2060,436,8,125.0,378199,984646,1,0.27,,,1.8333333333333333,0.33,2.0,,,0.54
2061,790,7,5.0,78612,2654643,1,0.58,,,2.0125,0.805,2.0,,,1.16
2062,790,7,7.1,78612,2654643,1,0.6,,,1.8255813953488371,0.785,2.0,,,1.2
2063,790,7,10.2,78612,2654643,1,0.57,,,1.9012345679012346,0.77,2.008771929824561,,,1.1449999999999998
2064,790,7,14.6,78612,2654643,1,0.63,,,1.7446808510638299,0.82,2.0,,,1.26
2066,790,7,29.9,78612,2654643,1,0.615,,,1.8902439024390243,0.775,2.008130081300813,,,1.235
2067,790,7,42.7,78612,2654643,1,0.565,,,1.75,0.7,2.0,,,1.13
2068,790,7,61.0,78612,2654643,1,0.255,,,1.9696969696969697,0.325,2.0,,,0.51
2070,790,7,125.0,78612,2654643,1,0.505,,,1.6923076923076923,0.55,2.0,,,1.01
2081,512,4,5.0,687763,6345894,1,0.575,,,1.8125,0.58,2.008695652173913,,,1.155
2082,512,4,7.1,687763,6345894,1,0.62,,,1.8148148148148149,0.735,2.0080645161290325,,,1.245
2083,512,4,10.2,687763,6345894,1,0.31,,,1.9069767441860466,0.41,2.0,,,0.62
2085,512,4,20.9,687763,6345894,1,0.64,,,1.9069767441860466,0.82,2.0078125,,,1.285
2089,512,4,87.4,687763,6345894,1,0.57,,,1.9102564102564104,0.745,2.026315789473684,,,1.1549999999999998
2090,512,4,125.0,687763,6345894,1,0.615,,,1.7176470588235293,0.73,2.0,,,1.23
2093,454,4,10.2,326607,1373017,1,0.69,,,1.858695652173913,0.855,2.0072463768115942,,,1.385
2094,454,4,14.6,326607,1373017,1,0.39,,,1.6938775510204083,0.415,2.0,,,0.78
2104,235,7,14.6,801870,7204118,1,0.365,,,1.8043478260869565,0.415,2.0,,,0.73
2111,664,5,5.0,442214,2069828,1,0.495,,,1.9682539682539681,0.62,2.0202020202020203,,,1.0
2113,664,5,10.2,442214,2069828,1,0.69,,,1.8387096774193548,0.855,2.0072463768115942,,,1.385
2115,664,5,20.9,442214,2069828,1,0.49,,,1.7424242424242424,0.575,2.0,,,0.98
2117,664,5,42.7,442214,2069828,1,0.365,,,1.803921568627451,0.46,2.0,,,0.73
2118,664,5,61.0,442214,2069828,1,0.72,,,1.9428571428571428,1.02,2.0,,,1.44
2119,664,5,87.4,442214,2069828,1,0.355,,,1.7450980392156863,0.445,2.0,,,0.71
2123,700,6,10.2,247217,1805565,1,0.365,,,1.6545454545454545,0.455,2.0,,,0.73
2124,700,6,14.6,247217,1805565,1,0.455,,,1.7118644067796611,0.505,2.0,,,0.91
2126,700,6,29.9,247217,1805565,1,0.575,,,1.8108108108108107,0.67,2.008695652173913,,,1.155
2127,700,6,42.7,247217,1805565,1,0.45,,,2.0416666666666665,0.49,2.011111111111111,,,0.905
2129,700,6,87.4,247217,1805565,1,0.61,,,1.8488372093023255,0.795,2.0081967213114753,,,1.225
2131,81,6,5.0,316968,2365480,1,0.295,,,1.7317073170731707,0.355,2.0,,,0.59
2134,81,6,14.6,316968,2365480,1,0.39,,,2.2363636363636363,0.615,2.0,,,0.78
2138,81,6,61.0,316968,2365480,1,0.295,,,1.641025641025641,0.32,2.0,,,0.59
2142,264,6,7.1,1188411,5498682,1,0.305,,,1.7906976744186047,0.385,2.0327868852459017,,,0.62
2149,264,6,87.4,1188411,5498682,1,0.52,,,1.7916666666666667,0.645,2.0,,,1.04
2150,264,6,125.0,1188411,5498682,1,0.33,,,1.6511627906976745,0.355,2.0,,,0.66
2153,332,6,10.2,183548,654336,1,0.665,,,1.8673469387755102,0.915,2.0225563909774436,,,1.345
2156,332,6,29.9,183548,654336,1,0.635,,,1.903225806451613,0.885,2.0236220472440944,,,1.285
2157,332,6,42.7,183548,654336,1,0.415,,,1.9636363636363636,0.54,2.0120481927710845,,,0.835
2159,332,6,87.4,183548,654336,1,0.495,,,1.7647058823529411,0.6,2.0,,,0.99
2164,825,5,14.6,175925,5979388,1,0.645,,,1.9042553191489362,0.895,2.0155038759689923,,,1.3
2165,825,5,20.9,175925,5979388,1,0.605,,,1.925531914893617,0.905,2.0082644628099175,,,1.215
2167,825,5,42.7,175925,5979388,1,0.32,,,1.934782608695652,0.445,2.015625,,,0.645
2169,825,5,87.4,175925,5979388,1,0.4,,,1.7407407407407407,0.47,2.025,,,0.81
2170,825,5,125.0,175925,5979388,1,0.315,,,1.6,0.36,2.0,,,0.63
2180,262,5,125.0,1160842,921931,1,0.335,,,1.9024390243902438,0.39,2.014925373134328,,,0.675
2181,37,7,5.0,225012,7920954,1,0.61,,,1.9886363636363635,0.875,2.0163934426229506,,,1.2299999999999998
2182,37,7,7.1,225012,7920954,1,0.575,,,1.8205128205128205,0.71,2.008695652173913,,,1.155
2184,37,7,14.6,225012,7920954,1,0.245,,,1.6944444444444444,0.305,2.0,,,0.49
2186,37,7,29.9,225012,7920954,1,0.32,,,1.6666666666666667,0.375,2.0,,,0.64
2187,37,7,42.7,225012,7920954,1,0.52,,,1.671641791044776,0.56,2.0,,,1.04
2189,37,7,87.4,225012,7920954,1,0.35,,,1.84,0.46,2.0,,,0.7
2190,37,7,125.0,225012,7920954,1,0.74,,,1.8058252427184467,0.93,2.0,,,1.48
2195,496,3,20.9,469525,6532850,1,0.42,,,1.8461538461538463,0.48,2.0,,,0.84
2196,496,3,29.9,469525,6532850,1,0.355,,,1.6341463414634145,0.335,2.0,,,0.71
2198,496,3,61.0,469525,6532850,1,0.375,,,1.6818181818181819,0.37,2.0,,,0.75
2202,785,3,7.1,256971,1560624,1,0.295,,,1.5869565217391304,0.365,2.0,,,0.59
2210,785,3,125.0,256971,1560624,1,0.57,,,1.6666666666666667,0.65,2.0,,,1.14
2212,310,5,7.1,1088708,5926810,1,0.28,,,1.7567567567567568,0.325,2.0357142857142856,,,0.57
2213,310,5,10.2,1088708,5926810,1,0.52,,,1.7702702702702702,0.655,2.0096153846153846,,,1.045
2217,310,5,42.7,1088708,5926810,1,0.36,,,1.7692307692307692,0.46,2.013888888888889,,,0.725
2218,310,5,61.0,1088708,5926810,1,0.63,,,1.7241379310344827,0.75,2.0,,,1.26
2222,558,7,7.1,500866,527209,1,0.61,,,1.9375,0.775,2.0163934426229506,,,1.2299999999999998
2225,558,7,20.9,500866,527209,1,0.39,,,1.7818181818181817,0.49,2.0,,,0.78
2227,558,7,42.7,500866,527209,1,0.37,,,1.7647058823529411,0.45,2.0,,,0.74
2229,558,7,87.4,500866,527209,1,0.415,,,1.9642857142857142,0.55,2.0,,,0.83
2232,294,3,7.1,123066,693586,1,0.59,,,1.728395061728395,0.7,2.0084745762711864,,,1.185
2242,62,2,7.1,338325,3825828,1,0.335,,,1.46,0.365,2.014925373134328,,,0.675
2243,62,2,10.2,338325,3825828,1,0.735,,,1.6144578313253013,0.67,2.0136054421768708,,,1.48
2244,62,2,14.6,338325,3825828,1,0.38,,,1.467741935483871,0.455,2.013157894736842,,,0.765
2245,62,2,20.9,338325,3825828,1,0.575,,,1.6567164179104477,0.555,2.026086956521739,,,1.1649999999999998
2246,62,2,29.9,338325,3825828,1,0.71,,,1.4945054945054945,0.68,2.007042253521127,,,1.4250000000000003
2248,62,2,61.0,338325,3825828,1,0.55,,,1.5072463768115942,0.52,2.0,,,1.1
2249,62,2,87.4,338325,3825828,1,0.77,,,1.75,0.875,2.0,,,1.54
2251,965,5,5.0,89017,1799588,1,0.405,,,1.8727272727272728,0.515,2.0,,,0.81
2252,965,5,7.1,89017,1799588,1,0.625,,,1.9186046511627908,0.825,2.008,,,1.255
2253,965,5,10.2,89017,1799588,1,0.315,,,1.8048780487804879,0.37,2.0,,,0.63
2254,965,5,14.6,89017,1799588,1,0.545,,,1.8181818181818181,0.7,2.0,,,1.09
2255,965,5,20.9,89017,1799588,1,0.335,,,1.7142857142857142,0.42,2.0,,,0.67
2256,965,5,29.9,89017,1799588,1,0.405,,,1.9482758620689655,0.565,2.0,,,0.81
2257,965,5,42.7,89017,1799588,1,0.305,,,1.930232558139535,0.415,2.0327868852459017,,,0.62
2259,965,5,87.4,89017,1799588,1,0.565,,,1.7638888888888888,0.635,2.0,,,1.13
2260,965,5,125.0,89017,1799588,1,0.445,,,1.7884615384615385,0.465,2.0,,,0.89
2263,257,3,10.2,309281,1301282,1,0.295,,,1.607843137254902,0.41,2.0,,,0.59
2268,257,3,61.0,309281,1301282,1,0.345,,,1.7222222222222223,0.465,2.0,,,0.69
2270,257,3,125.0,309281,1301282,1,0.545,,,1.8387096774193548,0.57,2.0,,,1.09
2278,793,6,61.0,406364,5204107,1,0.365,,,1.7843137254901962,0.455,2.0,,,0.73
2290,271,4,125.0,433420,2827792,1,0.625,,,1.8705882352941177,0.795,2.024,,,1.265
2291,24,3,5.0,244382,5539304,1,0.605,,,1.6455696202531647,0.65,2.0165289256198347,,,1.22
2292,24,3,7.1,244382,5539304,1,0.565,,,1.8513513513513513,0.685,2.0,,,1.13
2294,24,3,14.6,244382,5539304,1,0.695,,,1.576086956521739,0.725,2.014388489208633,,,1.4
2295,24,3,20.9,244382,5539304,1,0.7,,,1.6206896551724137,0.705,2.007142857142857,,,1.405
2296,24,3,29.9,244382,5539304,1,0.435,,,1.7818181818181817,0.49,2.0229885057471266,,,0.8800000000000001
2298,24,3,61.0,244382,5539304,1,0.495,,,1.721311475409836,0.525,2.0202020202020203,,,1.0
2299,24,3,87.4,244382,5539304,1,0.365,,,1.4444444444444444,0.325,2.0,,,0.73
2300,24,3,125.0,244382,5539304,1,0.51,,,1.746031746031746,0.55,2.019607843137255,,,1.03
2301,708,6,5.0,678329,1019555,1,0.545,,,1.8082191780821917,0.66,2.0,,,1.09
2303,708,6,10.2,678329,1019555,1,0.28,,,1.40625,0.225,2.0,,,0.56
2304,708,6,14.6,678329,1019555,1,0.435,,,1.8135593220338984,0.535,2.0114942528735633,,,0.875
2306,708,6,29.9,678329,1019555,1,0.215,,,1.8620689655172413,0.27,2.0,,,0.43
2310,708,6,125.0,678329,1019555,1,0.48,,,1.7246376811594204,0.5950000000000001,2.0,,,0.96
2311,101,4,5.0,721196,7599214,1,0.615,,,1.9186046511627908,0.825,2.016260162601626,,,1.2399999999999998
2313,101,4,10.2,721196,7599214,1,0.395,,,1.7241379310344827,0.5,2.0,,,0.79
2314,101,4,14.6,721196,7599214,1,0.395,,,1.6,0.48,2.0126582278481013,,,0.795
2316,101,4,29.9,721196,7599214,1,0.365,,,1.7826086956521738,0.41,2.0,,,0.73
2320,101,4,125.0,721196,7599214,1,0.295,,,1.8205128205128205,0.355,2.0,,,0.59
2321,116,3,5.0,875891,7017791,1,0.235,,,1.6216216216216217,0.3,2.0,,,0.47
2324,116,3,14.6,875891,7017791,1,0.475,,,1.734375,0.555,2.0105263157894737,,,0.955
2327,116,3,42.7,875891,7017791,1,0.47,,,1.5820895522388059,0.53,2.0,,,0.94
2330,116,3,125.0,875891,7017791,1,0.315,,,1.627906976744186,0.35,2.0,,,0.63
2341,138,8,5.0,1171787,7528049,1,0.51,,,1.661764705882353,0.565,2.0,,,1.02
2345,138,8,20.9,1171787,7528049,1,0.56,,,1.917808219178082,0.7,2.0,,,1.12
2346,138,8,29.9,1171787,7528049,1,0.43,,,1.8867924528301887,0.5,2.0,,,0.86
2347,138,8,42.7,1171787,7528049,1,0.49,,,1.6428571428571428,0.46,2.0,,,0.98
2348,138,8,61.0,1171787,7528049,1,0.565,,,1.9078947368421053,0.725,2.0,,,1.13
2350,138,8,125.0,1171787,7528049,1,0.355,,,1.6862745098039216,0.43,2.0140845070422535,,,0.715
2354,812,2,14.6,1165666,4518912,1,0.66,,,1.974025974025974,0.76,2.022727272727273,,,1.335
2358,812,2,61.0,1165666,4518912,1,0.355,,,1.4727272727272727,0.405,2.0140845070422535,,,0.715
2359,812,2,87.4,1165666,4518912,1,0.47,,,1.3870967741935485,0.43,2.0,,,0.94
2362,861,5,7.1,931901,5044129,1,0.53,,,1.9714285714285715,0.69,2.009433962264151,,,1.065
2363,861,5,10.2,931901,5044129,1,0.65,,,1.9042553191489362,0.895,2.0,,,1.3
2365,861,5,20.9,931901,5044129,1,0.62,,,1.7662337662337662,0.68,2.0,,,1.24
2367,861,5,42.7,931901,5044129,1,0.235,,,1.9411764705882353,0.33,2.0,,,0.47
2368,861,5,61.0,931901,5044129,1,0.24,,,1.736842105263158,0.33,2.0,,,0.48
2371,523,3,5.0,87049,6051201,1,0.715,,,1.925531914893617,0.905,2.013986013986014,,,1.44
2374,523,3,14.6,87049,6051201,1,0.565,,,1.844155844155844,0.71,2.0,,,1.13
2376,523,3,29.9,87049,6051201,1,0.315,,,1.7692307692307692,0.46,2.0,,,0.63
2378,523,3,61.0,87049,6051201,1,0.35,,,1.6666666666666667,0.4,2.0142857142857142,,,0.705
2381,629,6,5.0,380820,2391488,1,0.27,,,1.7297297297297298,0.32,2.0185185185185186,,,0.545
2385,629,6,20.9,380820,2391488,1,0.55,,,1.974025974025974,0.76,2.0,,,1.1
2387,629,6,42.7,380820,2391488,1,0.515,,,1.9104477611940298,0.64,2.0194174757281553,,,1.04
2388,629,6,61.0,380820,2391488,1,0.385,,,1.8333333333333333,0.495,2.0,,,0.77
2390,629,6,125.0,380820,2391488,1,0.41,,,1.7301587301587302,0.545,2.0,,,0.82
2392,96,4,7.1,594459,4227296,1,0.475,,,1.894736842105263,0.54,2.0105263157894737,,,0.955
2396,96,4,29.9,594459,4227296,1,0.495,,,1.85,0.555,2.0,,,0.99
2401,771,5,5.0,276448,724741,1,0.255,,,1.894736842105263,0.36,2.0,,,0.51
2402,771,5,7.1,276448,724741,1,0.265,,,1.8181818181818181,0.3,2.0,,,0.53
2404,771,5,14.6,276448,724741,1,0.26,,,1.9,0.285,2.019230769230769,,,0.525
2407,771,5,42.7,276448,724741,1,0.29,,,1.837837837837838,0.34,2.0344827586206895,,,0.59
2412,605,5,7.1,400588,1176586,1,0.64,,,1.8695652173913044,0.86,2.0234375,,,1.295
2415,605,5,20.9,400588,1176586,1,0.59,,,1.7037037037037037,0.69,2.0084745762711864,,,1.185
2419,605,5,87.4,400588,1176586,1,0.33,,,1.7894736842105263,0.34,2.0,,,0.66
2421,387,4,5.0,863832,2127595,1,0.555,,,1.75,0.595,2.0,,,1.11
2424,387,4,14.6,863832,2127595,1,0.345,,,1.6956521739130435,0.39,2.0,,,0.69
2425,387,4,20.9,863832,2127595,1,0.55,,,1.7671232876712328,0.645,2.0090909090909093,,,1.1050000000000002
2426,387,4,29.9,863832,2127595,1,0.625,,,1.9777777777777779,0.89,2.0,,,1.25
2427,387,4,42.7,863832,2127595,1,0.445,,,1.6557377049180328,0.505,2.0,,,0.89
2428,387,4,61.0,863832,2127595,1,0.335,,,1.8780487804878048,0.385,2.0,,,0.67
2432,485,6,7.1,850807,295537,1,0.445,,,1.8421052631578947,0.525,2.0112359550561796,,,0.8949999999999999
2433,485,6,10.2,850807,295537,1,0.305,,,1.7857142857142858,0.375,2.0,,,0.61
2434,485,6,14.6,850807,295537,1,0.355,,,1.711111111111111,0.385,2.0,,,0.71
2435,485,6,20.9,850807,295537,1,0.365,,,1.75,0.42,2.0,,,0.73
2436,485,6,29.9,850807,295537,1,0.375,,,1.6607142857142858,0.465,2.0,,,0.75
2438,485,6,61.0,850807,295537,1,0.61,,,1.8279569892473118,0.85,2.0081967213114753,,,1.225
2439,485,6,87.4,850807,295537,1,0.635,,,1.8089887640449438,0.805,2.0078740157480315,,,1.275
2440,485,6,125.0,850807,295537,1,0.355,,,1.8,0.405,2.0,,,0.71
2447,414,4,42.7,771964,7743600,1,0.265,,,1.7179487179487178,0.335,2.0377358490566038,,,0.54
2450,414,4,125.0,771964,7743600,1,0.34,,,1.6222222222222222,0.365,2.014705882352941,,,0.685
2452,288,8,7.1,455990,4214430,1,0.3,,,1.7083333333333333,0.41,2.0,,,0.6
2454,288,8,14.6,455990,4214430,1,0.42,,,1.9636363636363636,0.54,2.0,,,0.84
2464,281,4,14.6,164553,7278692,1,0.44,,,1.6842105263157894,0.48,2.0,,,0.88
2466,281,4,29.9,164553,7278692,1,0.64,,,1.9565217391304348,0.9,2.0234375,,,1.295
2468,281,4,61.0,164553,7278692,1,0.635,,,1.7553191489361701,0.825,2.0078740157480315,,,1.275
2472,445,4,7.1,95834,3926454,1,0.34,,,1.6964285714285714,0.475,2.0,,,0.68
2476,445,4,29.9,95834,3926454,1,0.49,,,1.8987341772151898,0.75,2.0,,,0.98
2477,445,4,42.7,95834,3926454,1,0.415,,,1.6206896551724137,0.47,2.0,,,0.83
2481,306,6,5.0,848302,7005107,1,0.455,,,1.8923076923076922,0.615,2.0,,,0.91
2484,306,6,14.6,848302,7005107,1,0.58,,,1.881578947368421,0.715,2.0,,,1.16
2485,306,6,20.9,848302,7005107,1,0.425,,,1.7611940298507462,0.59,2.0,,,0.85
2486,306,6,29.9,848302,7005107,1,0.46,,,1.8,0.54,2.0,,,0.92
2487,306,6,42.7,848302,7005107,1,0.495,,,2.1363636363636362,0.705,2.01010101010101,,,0.9949999999999999
2492,649,5,7.1,548096,267648,1,0.35,,,1.7391304347826086,0.4,2.0142857142857142,,,0.705
2494,649,5,14.6,548096,267648,1,0.335,,,1.9814814814814814,0.535,2.014925373134328,,,0.675
2500,649,5,125.0,548096,267648,1,0.295,,,1.6875,0.405,2.0,,,0.59
