config_id,validator_count,node_degree,propagation_delay,block_creation_interval,max_block_size,attacker_hash_power,tie_breaking_parameter,number_of_attackers
1,106,105,35166,1027608,3,0.4490006865741189,0.8730065410016302,48
2,825,96,24877,421407,6,0.4764276553315955,0.8957030157302093,393
3,176,167,9259,655539,7,0.4496546115447338,0.7842875229994376,79
4,392,86,12680,960131,2,0.3329056869446791,0.7147089390273172,130
5,97,96,19449,611395,2,0.0,0.6872563900176525,0
6,294,99,8310,851219,7,0.43211714912132915,0.9333787180215339,127
7,280,123,8122,357410,7,0.48607885254961186,0.7093844331704776,136
8,578,30,31231,670818,2,0.0,0.9183919096555421,0
9,999,51,28438,884750,3,0.4048768461778261,0.25172475856200305,404
10,657,246,16399,1121403,5,0.33175145035925724,0.5798341789288478,218
11,430,34,10225,468120,3,0.4786072792296699,0.4776470802858031,206
12,71,70,38865,263814,5,0.3196936838813548,0.3548053979461303,23
13,539,221,17875,498462,2,0.0,0.1830234807654596,0
14,78,77,28327,820916,1,0.40283959020194793,0.927147193557945,31
15,38,37,32381,595795,1,0.3346185307795049,0.2169026047317838,13
16,308,154,36279,425839,4,0.25,0.5331897442625516,77
17,436,202,24818,824748,2,0.0,0.9134083885267759,0
18,993,7,24700,528995,5,0.2816169073025236,0.19792952309191444,280
19,608,97,39330,923067,6,0.2831550431339249,0.716846475844913,172
20,254,181,13952,795337,1,0.2751537992781105,0.8144125194879249,70
21,583,196,39096,450823,8,0.3221532308342169,0.9445002559284852,188
22,711,157,27788,505414,8,0.29236755469142456,0.34286837375499707,208
23,559,40,6647,497472,3,0.4827673316008433,0.24665600424962036,270
24,272,242,35439,744056,2,0.447016571928571,0.42481294971780864,122
25,201,200,27308,1066159,7,0.4097641877657143,0.35392314437419475,82
26,413,49,37777,912738,5,0.3061328700633991,0.2806919404532739,126
27,335,36,28655,314374,4,0.28805160223595133,0.9375340383324932,96
28,488,81,10999,793257,6,0.0,0.0272149144324168,0
29,248,156,20564,626312,1,0.2798192426870456,0.7888735220933292,69
30,293,227,20009,1157068,3,0.2890316993704548,0.8161858491350052,85
31,791,57,27685,1093572,4,0.30479832214156094,0.6095252860752779,241
32,632,142,21175,455016,7,0.0,0.9831665058288849,0
33,668,23,15291,1034241,4,0.44159425869573576,0.041689472274789384,295
34,321,174,14787,374701,5,0.27923694126380194,0.7100743668752698,90
35,780,72,33321,1192959,2,0.3113603838115605,0.286085025929453,243
36,700,244,11303,77239,6,0.35305436944871615,0.6914989405716515,247
37,949,74,29736,643563,3,0.3466780401346887,0.9902510166994876,329
38,164,163,17796,153491,1,0.25,0.45614239709327226,41
39,304,153,22372,130178,1,0.4239110123913705,0.5015966402967919,129
40,457,37,22678,778605,3,0.25,0.8400647321866512,114
41,874,61,20670,591493,4,0.3883522813754843,0.2667981702854204,339
42,612,159,31579,827134,8,0.4406850146699314,0.40872913343586936,270
43,139,38,33953,293520,1,0.42494283326458404,0.8814467686740147,59
44,669,40,37001,864842,6,0.2948340838234425,0.6559251889006281,197
45,983,148,14013,640791,4,0.0,0.7978825156917139,0
46,990,217,19568,261215,6,0.4536310154780863,0.6746806613241133,449
47,884,44,32293,1159856,4,0.46592048200746955,0.7480182279503044,412
48,143,99,16471,558672,7,0.46491470937424895,0.9083521533454779,66
49,846,136,33078,114682,5,0.48212369010805034,0.7584491467808675,408
50,511,112,30928,1020511,6,0.3341147454511301,0.8708697441434983,171
51,203,15,30011,200315,3,0.4928879157410047,0.574250993118777,99
52,225,91,23607,936789,0,0.35144576531676497,0.524912107753028,79
53,316,70,31415,441427,7,0.43086975191363985,0.14804365090238716,136
54,146,141,23177,702600,2,0.0,0.7332244883517501,0
55,815,136,12602,306587,5,0.4689198659160019,0.02093666670529442,382
56,888,212,17315,601804,2,0.38683535875608616,0.4325547368138921,344
57,336,146,30988,899144,3,0.0,0.07968188255256488,0
58,299,44,26305,521725,2,0.34031232953776547,0.0334155420063982,102
59,237,120,16990,771915,4,0.28680570876880485,0.29710555665681715,68
60,198,87,20337,623034,3,0.3696864310600369,0.6255880318045619,73
61,422,198,28970,430427,4,0.3768635865676808,0.32375331413731445,159
62,591,55,36322,1081585,6,0.45954054807026423,0.3789873777428324,272
63,552,67,39680,576236,1,0.31071332257848455,0.19948818317947636,172
64,768,79,35313,292450,8,0.25,0.2284309288817686,192
65,657,92,25924,222116,7,0.42173045730003544,0.6737171000156997,277
66,402,134,16600,939514,3,0.40868035158996396,0.6363032264134364,164
67,947,172,9008,365887,7,0.4435410310695254,0.7257077558960469,420
68,222,94,6517,78341,2,0.3676821610535259,0.3889129976975681,82
69,604,179,14275,369774,4,0.4971223538682058,0.5452972737102184,295
70,110,61,12771,869887,1,0.47246884394544353,0.9553490539790142,52
71,722,187,7685,140704,8,0.0,0.3487629252737973,0
72,671,127,34600,718898,8,0.49571442779810276,0.01758069156709202,328
73,569,8,37437,130834,4,0.32288190407511674,0.3700161889563148,184
74,935,64,10424,160091,0,0.25,0.12983787223033405,234
75,880,109,24299,378018,1,0.2811282610907627,0.13675826610399114,247
76,764,117,28380,949939,1,0.3628768169252399,0.4005131654532387,277
77,447,129,13000,309103,3,0.25,0.04766331794423427,112
78,364,248,38089,1195846,2,0.31472484063140643,0.368492602331595,115
79,973,43,8549,1166907,4,0.3475605892953272,0.6880517307047783,338
80,339,109,31740,685899,4,0.3120816334602247,0.4381997849111047,106
81,451,139,20077,797190,4,0.38017688673797134,0.1478748381044954,171
82,786,248,9477,1050067,6,0.3395198009049396,0.060654300848904115,267
83,116,66,20290,763141,1,0.37762988971370637,0.8854499576970073,44
84,306,126,10013,238191,4,0.39554500132883985,0.25554432238045216,121
85,535,29,19159,804404,5,0.41497145196147567,0.9877831202363571,222
86,499,134,26883,335107,4,0.3375168362624015,0.31460669191082163,168
87,563,194,8380,1040976,1,0.3773377951021186,0.599989377977795,212
88,152,13,13376,940927,5,0.0,0.5934613493842489,0
89,542,176,7586,139001,7,0.4076633092867331,0.5189241483972544,221
90,126,70,20159,436888,4,0.36144932055483664,0.07463912132908636,46
91,904,162,21071,92901,5,0.31906623004743917,0.992390441579193,288
92,183,32,37379,404344,3,0.25,0.9534217894064695,46
93,154,153,24228,469107,5,0.4902923097897307,0.6664504557219953,75
94,417,34,21989,474308,5,0.0,0.345547656983086,0
95,75,74,16052,276483,3,0.25,0.25389864300286485,19
96,129,128,35048,989507,6,0.0,0.3654350790159565,0
97,411,47,37887,603837,1,0.3573430847403327,0.0052621296470080235,147
98,566,191,32879,1175233,7,0.0,0.9617947606414251,0
99,243,145,18809,236011,7,0.4611135173111708,0.10291011516067064,112
100,261,157,9734,532200,7,0.3829701773166585,0.28347116642425063,100
101,970,177,38303,1109363,4,0.0,0.08956994323845013,0
102,108,107,21959,768758,5,0.3446799267656494,0.4124139161667093,37
103,915,230,12421,620175,7,0.39853206196495317,0.6710756758518536,365
104,372,10,22136,1069307,3,0.0,0.15715107012067098,0
105,524,54,22398,1059468,5,0.0,0.5172096546434249,0
106,602,77,26051,960615,3,0.4166290729364953,0.33478521462770044,251
107,811,27,17261,748079,1,0.41351749642423563,0.2638778016545216,335
108,104,68,9405,187118,6,0.0,0.8829615542970171,0
109,43,42,33589,62435,8,0.4329384974633038,0.832688292663769,19
110,784,11,27028,1000378,1,0.0,0.6684995026705753,0
111,724,190,18252,756036,3,0.4457633107331117,0.37331623094345145,323
112,901,221,6804,1171525,3,0.49644302968672394,0.8311687657933164,441
113,167,166,34983,247895,6,0.0,0.905939429055629,0
114,363,245,29284,799519,8,0.38498758474741224,0.9684464978900549,140
115,328,216,22751,859408,2,0.4001428859067916,0.3628210749585581,131
116,356,75,8703,783350,4,0.47325335492144655,0.7604023183380761,168
117,471,249,26531,814894,3,0.31701924800089515,0.09055378390823907,149
118,955,6,9214,305821,0,0.37995434683008344,0.5366655936442876,363
119,53,52,12003,212839,4,0.4996148680327623,0.5262095039786457,25
120,858,232,39342,1100410,3,0.0,0.8124689087903271,0
121,418,175,18367,842590,6,0.4819021331241302,0.34190298558984294,201
122,460,216,29352,1078315,4,0.0,0.5683225750104122,0
123,332,152,24622,683651,4,0.3335843917688329,0.730984518267993,111
124,253,117,25089,818000,3,0.0,0.5086050890022451,0
125,834,149,34901,1128770,6,0.302635622566923,0.00750619795553742,252
126,495,57,26665,882946,2,0.46851936792704524,0.4785858926162927,232
127,326,163,10362,585169,7,0.0,0.8387166543116072,0
128,144,36,39899,1023436,2,0.36620726476575305,0.529187803038167,53
129,275,195,32494,285206,8,0.25,0.9746323770657381,69
130,878,88,32301,108664,6,0.25,0.6923889288457047,220
131,497,1,8786,760303,4,0.25,0.6941919132103278,124
132,651,180,19352,507905,1,0.0,0.12755935407934185,0
133,99,98,29477,905281,6,0.0,0.031135865395477653,0
134,32,31,39631,1164692,7,0.25,0.38332372296460493,8
135,31,30,30802,471304,1,0.46192160600422344,0.5437266187730222,14
136,388,39,37530,617450,1,0.0,0.24917355682360712,0
137,863,104,24962,688681,2,0.49922888898089524,0.25699438819642756,422
138,978,223,18751,1139605,7,0.4487969219610418,0.42698542275586165,439
139,453,85,34566,1074326,6,0.25,0.16449724796807558,113
140,903,206,25613,770466,2,0.4853046054258461,0.6278975611194527,438
141,679,208,27560,360234,1,0.3942843615256251,0.33712649138804696,268
142,603,145,10129,192368,7,0.2971376700881499,0.8509036617927754,179
143,148,75,8100,887669,6,0.3488902868005933,0.5233771061194864,52
144,473,111,6915,681331,3,0.0,0.8976547727968034,0
145,504,54,26131,613348,7,0.3273109602718962,0.407079601982328,165
146,696,178,20373,146351,6,0.3622324661792904,0.9990686517733028,252
147,350,233,30520,509846,2,0.25,0.8487999405002171,88
148,514,53,33801,1032410,5,0.3230451168954091,0.651465490146965,166
149,576,24,25668,1126341,6,0.4584073655197451,0.7351065919468107,264
150,346,118,20872,259369,0,0.33544194045823117,0.6764835136462996,116
151,627,113,29280,387072,6,0.29727567536307276,0.20362249216704784,186
152,628,155,39151,224948,1,0.3923981893065218,0.7680972281538246,246
153,89,88,32791,927023,5,0.4027312459668482,0.5652730523631696,36
154,426,71,19715,327293,7,0.32954927758666064,0.6119274041328977,140
155,278,200,7716,718937,7,0.42210302756648055,0.38577475078708207,117
156,968,83,34027,661577,2,0.4440799699321838,0.14051579500155767,430
157,919,169,28899,381333,0,0.31810876754395845,0.7208721897699716,292
158,434,163,28828,573383,5,0.25,0.5559961860896665,108
159,606,46,18693,1173363,6,0.35703557366513367,0.025293443027427254,216
160,664,133,8906,445991,5,0.36586831222032523,0.08330944565223028,243
161,64,63,12894,384604,7,0.0,0.003064396334510725,0
162,637,161,36200,1007033,2,0.25,0.16260598283953223,159
163,520,207,36789,94532,3,0.3208507566283594,0.37410469161233434,167
164,675,153,25254,352645,6,0.25,0.7901549823404884,169
165,713,238,12090,266634,7,0.4202754600720626,0.38601697951591574,300
166,705,41,11629,417889,3,0.3724549457010604,0.740562216063801,263
167,352,122,34121,877477,5,0.370772925719885,0.9001661475265138,131
168,736,36,28101,1104173,6,0.47026688886335993,0.8103103209867603,346
169,258,237,17912,98273,2,0.2768122749055955,0.27499999333086106,71
170,833,80,9113,1115738,3,0.4893057597894903,0.32022175343375,408
171,623,184,14510,393570,1,0.4465203539172163,0.6296482842022451,278
172,517,38,26342,837591,1,0.4111752726211129,0.8357270106128605,213
173,81,80,16298,388487,3,0.0,0.3073615351119956,0
174,751,110,6615,142562,3,0.25,0.2155002339038306,188
175,844,199,19847,121232,1,0.25,0.4740920332615477,211
176,230,88,26866,811982,5,0.30712379204031903,0.4804237195991102,71
177,649,108,10589,715857,5,0.35451246916250256,0.4941801974305002,230
178,640,65,19499,88638,4,0.4524650263009468,0.1354070266861582,290
179,863,238,21454,448219,5,0.4334368788910671,0.23638911622033693,374
180,622,10,15798,948484,1,0.39009102587385025,0.028236060614153635,243
181,938,100,11363,70994,8,0.0,0.520255677718245,0
182,691,134,15967,580587,7,0.0,0.7448134347548937,0
183,799,198,36060,1169064,4,0.3716744555924421,0.2699240379057615,297
184,908,165,30745,1096124,1,0.40194897761762505,0.659157914476872,365
185,385,227,8601,149858,5,0.4058456284833115,0.22191985432210545,156
186,776,39,31336,1198691,3,0.4404478027667639,0.4289059487910717,342
187,56,55,36499,868117,7,0.35912814602582566,0.01192835112431442,20
188,733,206,21787,434682,4,0.3831299142166378,0.12342779748779922,281
189,631,166,34788,273395,5,0.0,0.723575107571585,0
190,455,148,19430,713221,3,0.2938088762573355,0.7651487755268044,134
191,49,48,11459,727509,3,0.0,0.44303882189701793,0
192,390,51,11229,341202,2,0.3742355378622577,0.8080278306805758,146
193,168,167,20178,66511,3,0.3214975139330688,0.3985365174837774,54
194,47,46,7511,483234,7,0.46525078539949444,0.6530623288043484,22
195,950,188,28602,228540,0,0.25,0.25863397924134723,238
196,383,203,14586,208778,1,0.25,0.4731320512450737,96
197,61,3,30190,652361,4,0.25,0.0766254720070507,15
198,852,12,18214,511780,6,0.2995335931523004,0.7749648274247607,255
199,345,209,7070,847505,5,0.0,0.8872933322154183,0
200,756,102,29496,696551,4,0.28375251160148063,0.30445577644179594,215
201,689,222,36740,709844,1,0.37847642774392,0.9231705594644736,261
202,475,100,26748,559849,2,0.419258850711693,0.3382023289705598,199
203,876,131,17048,860620,1,0.3991942286753283,0.4632475664774518,350
204,234,189,32576,502221,6,0.27609979759349756,0.6573324425569748,65
205,247,2,39936,456927,5,0.4670859536137622,0.4867292351394714,115
206,822,196,12505,666067,5,0.25,0.03901382955207485,206
207,655,78,7223,541618,0,0.3287716873776076,0.4961117903374286,215
208,782,131,14703,1143110,5,0.30982358089370077,0.7803531471875217,242
209,396,91,21525,753703,3,0.3415972543611668,0.5130562621229303,135
210,580,142,30574,329232,3,0.43481102184832615,0.11212674532464478,252
211,830,158,9898,623477,2,0.3968433207962603,0.055232462628163226,329
212,921,75,26599,340034,1,0.39286848159178556,0.5051630810494913,362
213,600,72,14356,315591,6,0.4562658820953664,0.5959407357496082,274
214,908,171,15471,1147595,5,0.25,0.193808992476603,227
215,755,128,11908,731052,8,0.3425406596974431,0.8668813892126752,259
216,951,225,7331,846186,1,0.4068730733574407,0.7376347237841844,387
217,75,74,35622,607590,5,0.2804284907398779,0.5702690336682579,21
218,941,184,27097,155992,6,0.30537616069487356,0.7870354664400379,287
219,802,59,38041,1177450,7,0.2927125017590963,0.32432482338858176,235
220,842,143,28070,439814,6,0.3186103607938762,0.6451805757658559,268
221,286,183,27855,1018158,3,0.0,0.23243798922192488,0
222,276,237,34426,313045,7,0.45593482962505033,0.3172084488509726,126
223,868,114,18875,749270,4,0.3139064607163025,0.9577733720718176,272
224,528,101,35772,87155,7,0.29471987336564337,0.18915092691576124,156
225,726,213,39784,220122,6,0.4256558987054555,0.21946241314186196,309
226,325,178,38977,502680,8,0.0,0.0840333132952442,0
227,188,62,29023,723936,2,0.35502881032558753,0.9423949269633549,67
228,408,114,11116,413411,3,0.4322805368241584,0.41789587110823806,176
229,546,202,19945,953117,5,0.37327590011644507,0.7928776677159497,204
230,693,210,9703,555282,2,0.36516637386864026,0.6183309189607236,253
231,708,42,9575,1088753,7,0.42263013657970716,0.16157865614701516,299
232,595,137,11718,896906,3,0.47174330901219974,0.6308995832264176,281
233,190,189,34207,255293,4,0.4449884253025118,0.5629476169023759,85
234,381,230,25507,289448,2,0.29578076798260705,0.4233800456549081,113
235,55,2,10708,1003526,1,0.30819494614528115,0.8276124795113304,17
236,204,83,14130,400566,5,0.2875277361705344,0.8789251161751296,59
237,360,63,29663,992220,7,0.4272307953255115,0.318090277750339,154
238,196,16,16869,805881,3,0.36392877100664167,0.33314125500735403,71
239,840,166,15082,519056,0,0.48328291880112945,0.06433263844045381,406
240,365,56,23337,215784,6,0.41022912276786394,0.7951592320414049,150
241,432,177,16168,418778,3,0.0,0.3601720558797634,0
242,923,193,39249,486250,4,0.0,0.12166771291811508,0
243,219,170,27666,184360,4,0.45426207122641005,0.03595941896958132,99
244,41,40,20799,403845,1,0.4054012807427827,0.0231492836914413,17
245,23,22,7022,383632,6,0.39165342208572484,0.3287166376016952,9
246,400,4,27175,986800,5,0.25,0.5871069946987577,100
247,151,138,21880,203904,6,0.25,0.8682599998466767,38
248,71,20,29087,1189056,5,0.25,0.9060198990312749,18
249,404,232,31925,930604,7,0.44211509958566686,0.6417333961705682,179
250,571,155,22554,694356,2,0.27801130623883313,0.3130033164443068,159
251,457,18,10965,320269,8,0.0,0.06390262771493428,0
252,916,192,7877,856119,2,0.33911379619630444,0.43494159932915616,311
253,266,160,27464,523300,3,0.0,0.26401257518594057,0
254,312,64,10919,1122753,2,0.25,0.2959616428925017,78
255,751,95,25159,123684,2,0.4115884724189697,0.8011880469152202,309
256,660,13,13585,1079727,2,0.30670135713828584,0.7500856575721565,202
257,837,211,21652,1147089,2,0.25,0.7421641643365907,209
258,593,250,38126,331974,8,0.3887983033641841,0.04897959786720628,231
259,90,63,8017,896660,1,0.25,0.2984117195138792,22
260,818,61,8205,84145,2,0.4867537082327642,0.8911992729388591,398
261,393,17,37458,162048,2,0.4361083285777694,0.6434369154255146,171
262,890,231,22456,117679,5,0.46980376745300595,0.09611163036382564,418
263,289,182,23113,821987,2,0.25,0.23570312353058737,72
264,134,133,16267,530540,1,0.4508465355903234,0.9722003001454693,60
265,359,31,15660,1091508,3,0.25,0.16820452143562664,90
266,319,220,10480,1188517,4,0.44478255946294676,0.8999894085449208,142
267,624,30,8770,788302,0,0.0,0.8746982465392847,0
268,93,52,21253,862579,6,0.4904162226942275,0.7833787058308509,45
269,926,42,32176,690279,6,0.279152586856231,0.8463036385915541,258
270,789,181,16917,346183,1,0.4926148155371953,0.8362230415799395,386
271,762,240,17969,230429,8,0.2856832575402009,0.27620552820400546,218
272,95,94,38207,256890,8,0.29029883314727134,0.1439852141661113,28
273,806,185,23022,878726,4,0.3442760845821447,0.5918364844382924,277
274,558,215,25536,295680,2,0.4388592117263685,0.09883103008168465,245
275,652,31,27963,537588,3,0.41541473988364924,0.46963879152494675,271
276,912,111,33442,488198,7,0.25,0.7068596224323589,228
277,284,140,33238,628500,2,0.25,0.23073286280764674,71
278,483,24,23505,965172,3,0.3381830769873214,0.4922019443211462,163
279,716,217,39857,874143,5,0.0,0.8199309317145015,0
280,420,112,28254,249720,7,0.4889240407439242,0.044586394063099166,205
281,200,166,25756,1115267,1,0.4639973286257694,0.46026135532566187,93
282,181,67,9110,453914,1,0.25,0.3461223321031458,45
283,121,11,15594,282612,0,0.34309375407659065,0.82473217133124,42
284,448,96,28745,231597,1,0.3997142536087262,0.48572303764855995,179
285,374,179,13213,337343,6,0.4880089561351044,0.06684909076251118,183
286,263,35,22812,658749,7,0.25,0.9359659085974099,66
287,979,49,17394,166362,2,0.29121294268835735,0.6340801065739364,285
288,619,20,20485,201686,2,0.34165562769796415,0.38045754292542494,211
289,698,144,24367,703575,4,0.45916122609668575,0.27166274767672083,320
290,461,115,20943,993141,4,0.35866758489766737,0.9957165287671512,165
291,962,137,14198,918861,4,0.0,0.31159513238331865,0
292,172,4,30022,1087009,7,0.3282771259630196,0.2135700274796201,56
293,747,149,35674,706640,5,0.41992519768189185,0.3261054983732665,314
294,137,29,19267,398643,5,0.42341411202786505,0.11887994197250348,58
295,157,156,24420,1014579,5,0.34814213298265984,0.9762928706097403,55
296,524,231,30444,408731,8,0.3673586389061633,0.4419818884861261,192
297,244,195,9941,128152,3,0.0,0.7999839333218537,0
298,589,143,35563,1184633,4,0.48705611442924335,0.5501270857934542,287
299,471,124,32979,269114,4,0.3701363412066515,0.773954475873915,174
300,181,180,28689,1071292,6,0.30398808907187835,0.19418429358716738,55
301,674,108,26192,475613,6,0.4139337542334659,0.358856022436731,279
302,173,172,38406,395361,8,0.4568024702997912,0.415918801130007,79
303,91,90,12560,100035,1,0.34574280620295883,0.09383479012301134,31
304,766,200,37165,197116,8,0.25,0.5660330269484863,192
305,211,97,33431,926012,5,0.3963854745732463,0.1520610091290905,84
306,891,246,37098,478877,3,0.4796274559644518,0.6621240161057007,427
307,894,128,10738,834838,1,0.4208792969874575,0.0008916328537024447,376
308,239,187,36667,488711,4,0.4073520167105329,0.5027669359445363,97
309,347,201,17128,534704,6,0.4792188556323326,0.1767360387906592,166
310,720,152,24743,1075954,5,0.0,0.4195896854983267,0
311,778,235,22191,146815,7,0.45987419600804647,0.211319764843958,358
312,118,46,16093,515085,7,0.36090398686207104,0.9471406854860261,43
313,585,151,13873,614891,4,0.27741262086866264,0.22287365600677148,162
314,597,42,12310,1136327,7,0.0,0.5076928707822488,0
315,491,226,17579,175716,0,0.3002736797219405,0.49814092209484917,147
316,486,219,26425,789661,8,0.31429439851948054,0.660294821889129,153
317,739,227,30622,916380,3,0.45466088729233584,0.1750172779773459,336
318,477,198,39546,700053,2,0.25,0.39553078515735934,119
319,735,120,27394,410080,8,0.4178787003308222,0.5488046909395219,307
320,643,201,35923,245690,6,0.0,0.7037255719707406,0
321,942,22,14218,548414,5,0.3123548902195797,0.6034144660610263,294
322,131,130,32948,907305,1,0.0,0.8071643354097386,0
323,268,19,23862,1142309,4,0.47532253425703413,0.1726743476437103,127
324,932,14,14448,985149,3,0.3252710296459682,0.9142750983825202,303
325,826,93,31984,964841,5,0.4876229637585976,0.16748809190151595,403
326,331,52,37197,279517,5,0.45525572576916445,0.970927201502419,151
327,722,111,24064,802101,1,0.39372391052355427,0.5105101505366866,284
328,686,45,16550,654805,4,0.3257814068427612,0.4450176943659521,223
329,510,94,30237,233913,7,0.0,0.6217692919087071,0
330,895,59,29798,363176,8,0.42951737594517425,0.7541314986185269,384
331,58,27,36956,1180269,6,0.0,0.24509421109670748,0
332,263,249,31181,171774,2,0.0,0.9403969487690922,0
333,760,233,36884,241993,8,0.0,0.1786442596432154,0
334,292,247,25862,954797,7,0.2843866657847307,0.6055362997434071,83
335,975,163,32039,299573,3,0.4425270226496733,0.9029357535951497,431
336,743,172,8945,526785,2,0.25,0.7569106415552319,186
337,464,189,18579,68365,2,0.4805166783462493,0.6839404223475795,223
338,85,84,31760,137498,2,0.4746106490899959,0.6656373693282162,40
339,442,228,7938,1055225,6,0.49218884730259244,0.7796128966300501,216
340,191,21,35898,424319,3,0.286038358421165,0.3003123529417678,55
341,856,106,15373,662780,4,0.29086069206767007,0.45484213045026234,249
342,397,207,24018,271305,2,0.4606771514647674,0.5310090369703379,183
343,118,117,26240,666651,1,0.39064426742282027,0.601475315827865,46
344,677,130,10561,709185,5,0.4963711230072724,0.4910952182862291,331
345,885,24,34084,943640,3,0.4915628091506036,0.5839409837994692,433
346,682,32,25957,1155962,6,0.39586420722634164,0.5353498845348517,270
347,501,125,11557,170246,4,0.0,0.07259770493026613,0
348,313,48,7371,190034,6,0.48089079562043635,0.20065692806410573,151
349,194,193,26970,106204,4,0.0,0.13282499719356974,0
350,998,5,7475,101255,0,0.4979557181218524,0.11055702350318826,489
351,301,116,11428,968870,7,0.37538877585213415,0.23948257962050068,113
352,794,116,37807,735524,7,0.30368666393328425,0.20795526983643758,241
353,377,87,13086,692609,6,0.3160059079954946,0.60724041211569,119
354,51,5,12221,181494,4,0.35383799239020464,0.8057461708894167,18
355,232,156,30338,932486,5,0.4375617963641511,0.45852229956812013,102
356,714,186,19070,1008519,7,0.4718145813185926,0.9304900608963358,337
357,468,105,17196,733895,8,0.38437867318620256,0.9508120258700515,180
358,68,67,28167,1182558,5,0.49823958066929125,0.8771809740136933,33
359,161,160,17421,374310,8,0.3811868676455975,0.11611368528622917,61
360,964,243,33163,75182,2,0.375177051529468,0.2787673734703729,362
361,530,9,12371,443121,4,0.4842392124706099,0.2853822202946044,257
362,208,81,23780,1104742,7,0.30970787583331644,0.43007179226440295,64
363,322,234,32672,994890,1,0.4124572375789428,0.04243186958899078,133
364,645,169,22620,572802,2,0.2930492185440476,0.24320326418184812,189
365,126,125,32716,243247,2,0.0,0.7773633276946809,0
366,444,84,38488,1129989,7,0.41767291677556584,0.4379760639305484,185
367,772,101,30143,493764,5,0.0,0.22645311411370764,0
368,482,173,39436,540063,0,0.0,0.06949067597310087,0
369,251,204,14882,212345,5,0.3128253320782599,0.2049836956718498,79
370,169,84,15543,1098366,2,0.0,0.8297186695040101,0
371,617,165,13164,104848,7,0.35109833385575767,0.6472688213724497,217
372,615,203,27888,163098,3,0.0,0.48824829196185526,0
373,574,35,13608,152805,3,0.3164216158825677,0.9176047165736689,182
374,667,205,28506,1012548,6,0.33099046143757394,0.6236923134211199,221
375,222,168,13473,596488,6,0.31539949385462507,0.5970608063720573,70
376,786,48,15712,1046520,8,0.435537284855692,0.10167540915262263,342
377,178,21,35204,840754,3,0.0,0.20915647158663245,0
378,855,229,37987,363418,5,0.3597163653918981,0.014892914482127706,308
379,987,107,22871,73039,2,0.4769555410545199,0.46535089588277,471
380,376,87,9803,753013,4,0.25,0.45194591130489803,94
381,506,49,35503,1044399,2,0.3437764274988614,0.4119159817126881,174
382,37,36,38822,590653,7,0.25,0.392467972154459,9
383,953,138,34302,492786,6,0.28496897599820087,0.10878804097322496,272
384,937,154,18488,933850,0,0.0,0.18426805955483527,0
385,487,147,36038,90733,3,0.25,0.8649916000157544,122
386,849,74,18904,673264,7,0.3017425173061562,0.7525884477135751,256
387,810,14,24170,465139,8,0.25,0.6847901485344399,202
388,850,215,20612,116449,1,0.4383468410151128,0.9844638901948426,373
389,728,242,23294,299141,5,0.2987288898769426,0.26022061683241104,217
390,227,95,23667,909225,1,0.34096523391641,0.15412620566256457,77
391,113,103,15891,974014,1,0.4706952278227313,0.36673418670014546,53
392,424,228,11749,460487,1,0.43659711398388323,0.4669677299751351,185
393,215,52,16750,850689,1,0.0,0.18138528006223964,0
394,287,247,23937,207606,6,0.4122731158716747,0.14422430220990018,118
395,638,179,37281,582940,5,0.324352140578966,0.9666656227643796,207
396,466,135,26677,836227,2,0.4482463998346884,0.13107387180442284,209
397,135,3,8296,1015997,2,0.360656228659326,0.9244956372195141,49
398,185,184,17659,739907,8,0.28872851120470056,0.5469665726461205,53
399,958,73,31477,1118398,8,0.3307388926813883,0.6394067480910257,317
400,304,222,33225,983329,3,0.0,0.3560585348920193,0
401,440,241,10098,1151605,8,0.0,0.5397181735879697,0
402,807,79,34323,956077,3,0.40079588473715566,0.4535290025870293,323
403,793,77,38742,813398,7,0.0,0.08121578216830905,0
404,507,45,33883,318781,2,0.0,0.28969033318812376,0
405,739,76,24514,773870,3,0.4143510972221691,0.8531059254433299,306
406,871,164,24552,1112501,7,0.47382031197729446,0.698547446907512,413
407,27,26,15257,809820,4,0.450481347797729,0.4468094487842454,12
408,925,224,25030,355550,0,0.33565356098554666,0.5610213470464425,310
409,342,102,12180,286992,6,0.4092685526208,0.013892371926670252,140
410,67,66,22259,547372,4,0.25,0.6157872631979343,17
411,493,244,13685,80565,2,0.25,0.293085989966325,123
412,22,21,9584,998931,7,0.4302153656735504,0.727495125540195,9
413,212,28,21151,347961,6,0.36377581522726754,0.9594595684786104,77
414,662,71,19661,635303,4,0.42814443363903537,0.7138324885890691,283
415,548,60,31123,565263,5,0.25,0.9633491878932878,137
416,973,144,16621,1029424,1,0.48485775156394356,0.19016954975794084,472
417,257,192,25286,110226,4,0.3086258344020757,0.9800412278711707,79
418,210,8,29907,371530,6,0.0,0.5803622968942381,0
419,85,82,37602,742344,3,0.36884536569082665,0.9894055567271988,31
420,645,23,35247,1163103,5,0.34595742194459045,0.009724556040326175,223
421,35,34,29183,1061861,7,0.42555711026355636,0.6162467884130965,15
422,556,212,35819,901922,0,0.47546072432410696,0.29045007240563575,264
423,409,139,36588,911078,1,0.349558441134618,0.10507428888669108,143
424,160,130,18087,1134750,2,0.32365246952664256,0.8540243998573434,52
425,687,127,11163,737665,5,0.32055599487275954,0.9641586942371496,220
426,270,141,23803,427082,6,0.45787413644854263,0.07176020855462821,124
427,369,159,39055,649073,1,0.25,0.059600756264477084,92
428,555,89,22057,342748,1,0.0,0.5596687305081913,0
429,820,218,29872,891410,4,0.2960566431076338,0.47005627435573993,243
430,992,17,18127,646971,4,0.3874357282828712,0.056976901421210695,384
431,797,219,7239,764654,8,0.30797094436768424,0.33075913600569606,245
432,79,26,9366,550375,5,0.4310031602132657,0.40488292405377313,34
433,340,129,6862,1039820,1,0.39487752330843257,0.08630077278345295,134
434,985,19,17733,1063764,6,0.25,0.8600601807015767,246
435,744,121,21733,598086,7,0.47730595957149935,0.8447497964276715,355
436,966,188,8493,176369,1,0.0,0.572617154797828,0
437,29,25,21322,722330,7,0.25,0.5409644333819014,7
438,240,122,21001,462954,8,0.46254787561884503,0.612512236282181,111
439,881,58,20714,786693,4,0.3790532728586302,0.2403291600969959,334
440,981,202,36174,981043,1,0.3523741713915849,0.7662847175537026,346
441,540,119,38588,978274,2,0.40125347191997307,0.5524396043989254,217
442,748,157,13456,679530,5,0.3012254490686517,0.8631957953140135,225
443,828,22,21377,634343,6,0.3648078567489721,0.11582890530094403,302
444,533,91,34713,568761,6,0.45174056670039003,0.4024326734258288,241
445,869,65,38339,567501,7,0.4341174793309615,0.9794049405204293,377
446,611,174,13267,1047562,6,0.0,0.6484648050500205,0
447,813,123,19771,831513,2,0.33242581525098625,0.7380508210142903,270
448,282,146,27219,1056914,3,0.41631268367959073,0.8891185898778209,117
449,102,46,36518,554746,2,0.40432884215361453,0.10602716113152083,41
450,944,119,7114,830388,5,0.3815637676152226,0.05312308958729221,360
451,354,208,29581,1025719,5,0.25,0.12412171442241925,88
452,683,243,38602,758976,1,0.42798941870082347,0.5857147064996567,292
453,45,44,15875,893716,2,0.36828679014932497,0.9484580651221453,17
454,816,239,39494,323006,7,0.37120172950307273,0.8200151012293534,303
455,551,28,33663,637813,1,0.3558015778965646,0.9968666653337942,196
456,63,56,23186,351081,3,0.2763393154749897,0.30234161513156027,17
457,544,230,18525,1194872,3,0.4783218956179491,0.9206763775496336,260
458,526,82,19187,605456,2,0.4946508664950569,0.17145743777974304,257
459,708,185,7775,301731,5,0.35788560189226626,0.35098266221077806,253
460,912,121,12945,577804,4,0.3501403684713511,0.8439429036294731,319
461,26,7,25397,1085575,6,0.4397093430941306,0.5567327544695506,11
462,298,213,11951,630954,2,0.3909618638644562,0.22591292277035907,117
463,370,241,10852,920137,4,0.49376593563934207,0.5147629757008325,181
464,897,211,17523,1108438,6,0.32983243624765324,0.8027971930256222,296
465,230,132,33711,217602,4,0.32600308213737983,0.01929231694373727,75
466,536,214,31645,873210,5,0.3563681145023777,0.6809150619184307,191
467,759,55,14618,431691,5,0.43786207571505364,0.3970776633671496,332
468,406,6,22931,253325,6,0.3372763419348638,0.1385283132047425,137
469,929,15,16814,188474,2,0.0,0.051319424271857456,0
470,959,76,33507,675335,7,0.35244811414040655,0.44888265818170786,338
471,837,197,13792,411520,6,0.30259735293056006,0.7702634431966163,253
472,380,92,18977,645546,4,0.38953061774801145,0.8573868932117222,148
473,771,220,18308,563388,7,0.4266494454178361,0.633933832025026,329
474,588,60,12804,480005,7,0.4472424641338832,0.15829093472234795,263
475,522,147,11825,1004726,7,0.4940630563963096,0.3764507002788507,255
476,995,79,37670,134647,3,0.38378368171087185,0.9389494392831553,382
477,562,16,15190,194538,1,0.41888716239153545,0.8580057910092831,235
478,634,17,34503,390767,7,0.2899346577832984,0.9118538453763081,184
479,111,110,32105,853788,1,0.40361728157656096,0.39139804396079825,45
480,773,124,25388,976017,8,0.0,0.4833317178772812,0
481,695,106,23387,971492,6,0.299745615216796,0.7192058456549637,208
482,430,9,14974,180488,4,0.348323390645184,0.09520402353764032,150
483,217,33,34973,729883,0,0.0,0.18710301262226844,0
484,315,50,31841,125267,4,0.38608243245012364,0.7632276896352023,122
485,582,106,13870,1154374,1,0.452888931110206,0.7285089366995738,264
486,123,96,31089,1131853,4,0.28231801226315123,0.7046077777743226,35
487,866,115,36417,677864,5,0.42888186863012856,0.7002920526398358,371
488,157,156,27483,944830,1,0.37584677600286054,0.27200418888931505,59
489,479,58,10285,516077,3,0.4677745560901561,0.7468984240302187,224
490,803,104,23585,885812,6,0.3362064409755223,0.8931355660580217,270
491,931,68,14819,776216,1,0.46668188562622154,0.42058624963689134,434
492,731,12,34644,61026,3,0.39781801135207395,0.6971893870683785,291
493,140,103,32498,1036908,6,0.0,0.037927642182099125,0
494,438,85,15072,325934,3,0.3269665827574867,0.6786339643359455,143
495,415,26,21603,1052515,7,0.3856646346513257,0.5779099653743841,160
496,567,205,30872,167408,7,0.3820397486167675,0.15192745694516577,217
497,513,151,31502,780682,5,0.3734868188080109,0.5896279480704877,192
498,704,172,38685,276854,5,0.46428858713811316,0.9280274894798343,327
499,861,90,6716,543946,4,0.29837186745902483,0.822729615280228,257
500,900,33,30415,586780,4,0.4629973313171399,0.30882278023965254,417
