config_id,system_config_id,validator_count,node_degree,propagation_delay,block_creation_interval,max_block_size,attacker_config_id,attack_strategy,attacker_hash_power,tie_breaking_parameter
1,2111,686,8,31968,61050,4436583,48,selfish,0.2114807290736435,0.0244607249130057
2,2111,686,8,31968,61050,4436583,48,lead_stubborn,0.2114807290736435,0.0244607249130057
3,2111,686,8,31968,61050,4436583,48,trail_stubborn,0.2114807290736435,0.0244607249130057
4,2111,686,8,31968,61050,4436583,9,selfish,0.2331676534838964,0.9471927912224244
5,2111,686,8,31968,61050,4436583,9,lead_stubborn,0.2331676534838964,0.9471927912224244
6,2111,686,8,31968,61050,4436583,9,trail_stubborn,0.2331676534838964,0.9471927912224244
7,2111,686,8,31968,61050,4436583,7,selfish,0.4657787213448116,0.0151426399118454
8,2111,686,8,31968,61050,4436583,7,lead_stubborn,0.4657787213448116,0.0151426399118454
9,2111,686,8,31968,61050,4436583,7,trail_stubborn,0.4657787213448116,0.0151426399118454
10,2111,686,8,31968,61050,4436583,74,selfish,0.4831039344913304,0.9827660363748432
11,2111,686,8,31968,61050,4436583,74,lead_stubborn,0.4831039344913304,0.9827660363748432
12,2111,686,8,31968,61050,4436583,74,trail_stubborn,0.4831039344913304,0.9827660363748432
13,2111,686,8,31968,61050,4436583,50,selfish,0.3349244931377773,0.5073741801149648
14,2111,686,8,31968,61050,4436583,50,lead_stubborn,0.3349244931377773,0.5073741801149648
15,2111,686,8,31968,61050,4436583,50,trail_stubborn,0.3349244931377773,0.5073741801149648
16,2061,215,3,31968,631179,3731952,48,selfish,0.2114807290736435,0.0244607249130057
17,2061,215,3,31968,631179,3731952,48,lead_stubborn,0.2114807290736435,0.0244607249130057
18,2061,215,3,31968,631179,3731952,48,trail_stubborn,0.2114807290736435,0.0244607249130057
19,2061,215,3,31968,631179,3731952,9,selfish,0.2331676534838964,0.9471927912224244
20,2061,215,3,31968,631179,3731952,9,lead_stubborn,0.2331676534838964,0.9471927912224244
21,2061,215,3,31968,631179,3731952,9,trail_stubborn,0.2331676534838964,0.9471927912224244
22,2061,215,3,31968,631179,3731952,7,selfish,0.4657787213448116,0.0151426399118454
23,2061,215,3,31968,631179,3731952,7,lead_stubborn,0.4657787213448116,0.0151426399118454
24,2061,215,3,31968,631179,3731952,7,trail_stubborn,0.4657787213448116,0.0151426399118454
25,2061,215,3,31968,631179,3731952,74,selfish,0.4831039344913304,0.9827660363748432
26,2061,215,3,31968,631179,3731952,74,lead_stubborn,0.4831039344913304,0.9827660363748432
27,2061,215,3,31968,631179,3731952,74,trail_stubborn,0.4831039344913304,0.9827660363748432
28,2061,215,3,31968,631179,3731952,50,selfish,0.3349244931377773,0.5073741801149648
29,2061,215,3,31968,631179,3731952,50,lead_stubborn,0.3349244931377773,0.5073741801149648
30,2061,215,3,31968,631179,3731952,50,trail_stubborn,0.3349244931377773,0.5073741801149648
31,471,509,7,31968,1197602,7258928,48,selfish,0.2114807290736435,0.0244607249130057
32,471,509,7,31968,1197602,7258928,48,lead_stubborn,0.2114807290736435,0.0244607249130057
33,471,509,7,31968,1197602,7258928,48,trail_stubborn,0.2114807290736435,0.0244607249130057
34,471,509,7,31968,1197602,7258928,9,selfish,0.2331676534838964,0.9471927912224244
35,471,509,7,31968,1197602,7258928,9,lead_stubborn,0.2331676534838964,0.9471927912224244
36,471,509,7,31968,1197602,7258928,9,trail_stubborn,0.2331676534838964,0.9471927912224244
37,471,509,7,31968,1197602,7258928,7,selfish,0.4657787213448116,0.0151426399118454
38,471,509,7,31968,1197602,7258928,7,lead_stubborn,0.4657787213448116,0.0151426399118454
39,471,509,7,31968,1197602,7258928,7,trail_stubborn,0.4657787213448116,0.0151426399118454
40,471,509,7,31968,1197602,7258928,74,selfish,0.4831039344913304,0.9827660363748432
41,471,509,7,31968,1197602,7258928,74,lead_stubborn,0.4831039344913304,0.9827660363748432
42,471,509,7,31968,1197602,7258928,74,trail_stubborn,0.4831039344913304,0.9827660363748432
43,471,509,7,31968,1197602,7258928,50,selfish,0.3349244931377773,0.5073741801149648
44,471,509,7,31968,1197602,7258928,50,lead_stubborn,0.3349244931377773,0.5073741801149648
45,471,509,7,31968,1197602,7258928,50,trail_stubborn,0.3349244931377773,0.5073741801149648
46,2211,905,2,31968,531664,270175,48,selfish,0.2114807290736435,0.0244607249130057
47,2211,905,2,31968,531664,270175,48,lead_stubborn,0.2114807290736435,0.0244607249130057
48,2211,905,2,31968,531664,270175,48,trail_stubborn,0.2114807290736435,0.0244607249130057
49,2211,905,2,31968,531664,270175,9,selfish,0.2331676534838964,0.9471927912224244
50,2211,905,2,31968,531664,270175,9,lead_stubborn,0.2331676534838964,0.9471927912224244
51,2211,905,2,31968,531664,270175,9,trail_stubborn,0.2331676534838964,0.9471927912224244
52,2211,905,2,31968,531664,270175,7,selfish,0.4657787213448116,0.0151426399118454
53,2211,905,2,31968,531664,270175,7,lead_stubborn,0.4657787213448116,0.0151426399118454
54,2211,905,2,31968,531664,270175,7,trail_stubborn,0.4657787213448116,0.0151426399118454
55,2211,905,2,31968,531664,270175,74,selfish,0.4831039344913304,0.9827660363748432
56,2211,905,2,31968,531664,270175,74,lead_stubborn,0.4831039344913304,0.9827660363748432
57,2211,905,2,31968,531664,270175,74,trail_stubborn,0.4831039344913304,0.9827660363748432
58,2211,905,2,31968,531664,270175,50,selfish,0.3349244931377773,0.5073741801149648
59,2211,905,2,31968,531664,270175,50,lead_stubborn,0.3349244931377773,0.5073741801149648
60,2211,905,2,31968,531664,270175,50,trail_stubborn,0.3349244931377773,0.5073741801149648
61,41,851,2,31968,489134,4111402,48,selfish,0.2114807290736435,0.0244607249130057
62,41,851,2,31968,489134,4111402,48,lead_stubborn,0.2114807290736435,0.0244607249130057
63,41,851,2,31968,489134,4111402,48,trail_stubborn,0.2114807290736435,0.0244607249130057
64,41,851,2,31968,489134,4111402,9,selfish,0.2331676534838964,0.9471927912224244
65,41,851,2,31968,489134,4111402,9,lead_stubborn,0.2331676534838964,0.9471927912224244
66,41,851,2,31968,489134,4111402,9,trail_stubborn,0.2331676534838964,0.9471927912224244
67,41,851,2,31968,489134,4111402,7,selfish,0.4657787213448116,0.0151426399118454
68,41,851,2,31968,489134,4111402,7,lead_stubborn,0.4657787213448116,0.0151426399118454
69,41,851,2,31968,489134,4111402,7,trail_stubborn,0.4657787213448116,0.0151426399118454
70,41,851,2,31968,489134,4111402,74,selfish,0.4831039344913304,0.9827660363748432
71,41,851,2,31968,489134,4111402,74,lead_stubborn,0.4831039344913304,0.9827660363748432
72,41,851,2,31968,489134,4111402,74,trail_stubborn,0.4831039344913304,0.9827660363748432
73,41,851,2,31968,489134,4111402,50,selfish,0.3349244931377773,0.5073741801149648
74,41,851,2,31968,489134,4111402,50,lead_stubborn,0.3349244931377773,0.5073741801149648
75,41,851,2,31968,489134,4111402,50,trail_stubborn,0.3349244931377773,0.5073741801149648
76,61,469,4,31968,299136,7998256,48,selfish,0.2114807290736435,0.0244607249130057
77,61,469,4,31968,299136,7998256,48,lead_stubborn,0.2114807290736435,0.0244607249130057
78,61,469,4,31968,299136,7998256,48,trail_stubborn,0.2114807290736435,0.0244607249130057
79,61,469,4,31968,299136,7998256,9,selfish,0.2331676534838964,0.9471927912224244
80,61,469,4,31968,299136,7998256,9,lead_stubborn,0.2331676534838964,0.9471927912224244
81,61,469,4,31968,299136,7998256,9,trail_stubborn,0.2331676534838964,0.9471927912224244
82,61,469,4,31968,299136,7998256,7,selfish,0.4657787213448116,0.0151426399118454
83,61,469,4,31968,299136,7998256,7,lead_stubborn,0.4657787213448116,0.0151426399118454
84,61,469,4,31968,299136,7998256,7,trail_stubborn,0.4657787213448116,0.0151426399118454
85,61,469,4,31968,299136,7998256,74,selfish,0.4831039344913304,0.9827660363748432
86,61,469,4,31968,299136,7998256,74,lead_stubborn,0.4831039344913304,0.9827660363748432
87,61,469,4,31968,299136,7998256,74,trail_stubborn,0.4831039344913304,0.9827660363748432
88,61,469,4,31968,299136,7998256,50,selfish,0.3349244931377773,0.5073741801149648
89,61,469,4,31968,299136,7998256,50,lead_stubborn,0.3349244931377773,0.5073741801149648
90,61,469,4,31968,299136,7998256,50,trail_stubborn,0.3349244931377773,0.5073741801149648
