system_config_id,core_config_id,bandwidth_variant_id,validator_count,node_degree,bandwidth,block_creation_interval,max_block_size
1,1,1,195,2,5.0,1117112,2763342
2,1,2,195,2,7.1,1117112,2763342
3,1,3,195,2,10.2,1117112,2763342
4,1,4,195,2,14.6,1117112,2763342
5,1,5,195,2,20.9,1117112,2763342
6,1,6,195,2,29.9,1117112,2763342
7,1,7,195,2,42.7,1117112,2763342
8,1,8,195,2,61.0,1117112,2763342
9,1,9,195,2,87.4,1117112,2763342
10,1,10,195,2,125.0,1117112,2763342
11,2,1,57,6,5.0,143476,3082676
12,2,2,57,6,7.1,143476,3082676
13,2,3,57,6,10.2,143476,3082676
14,2,4,57,6,14.6,143476,3082676
15,2,5,57,6,20.9,143476,3082676
16,2,6,57,6,29.9,143476,3082676
17,2,7,57,6,42.7,143476,3082676
18,2,8,57,6,61.0,143476,3082676
19,2,9,57,6,87.4,143476,3082676
20,2,10,57,6,125.0,143476,3082676
21,3,1,953,6,5.0,1197932,5801972
22,3,2,953,6,7.1,1197932,5801972
23,3,3,953,6,10.2,1197932,5801972
24,3,4,953,6,14.6,1197932,5801972
25,3,5,953,6,20.9,1197932,5801972
26,3,6,953,6,29.9,1197932,5801972
27,3,7,953,6,42.7,1197932,5801972
28,3,8,953,6,61.0,1197932,5801972
29,3,9,953,6,87.4,1197932,5801972
30,3,10,953,6,125.0,1197932,5801972
31,4,1,842,2,5.0,1031839,587281
32,4,2,842,2,7.1,1031839,587281
33,4,3,842,2,10.2,1031839,587281
34,4,4,842,2,14.6,1031839,587281
35,4,5,842,2,20.9,1031839,587281
36,4,6,842,2,29.9,1031839,587281
37,4,7,842,2,42.7,1031839,587281
38,4,8,842,2,61.0,1031839,587281
39,4,9,842,2,87.4,1031839,587281
40,4,10,842,2,125.0,1031839,587281
41,5,1,599,8,5.0,940127,5147543
42,5,2,599,8,7.1,940127,5147543
43,5,3,599,8,10.2,940127,5147543
44,5,4,599,8,14.6,940127,5147543
45,5,5,599,8,20.9,940127,5147543
46,5,6,599,8,29.9,940127,5147543
47,5,7,599,8,42.7,940127,5147543
48,5,8,599,8,61.0,940127,5147543
49,5,9,599,8,87.4,940127,5147543
50,5,10,599,8,125.0,940127,5147543
51,6,1,29,8,5.0,890055,4550282
52,6,2,29,8,7.1,890055,4550282
53,6,3,29,8,10.2,890055,4550282
54,6,4,29,8,14.6,890055,4550282
55,6,5,29,8,20.9,890055,4550282
56,6,6,29,8,29.9,890055,4550282
57,6,7,29,8,42.7,890055,4550282
58,6,8,29,8,61.0,890055,4550282
59,6,9,29,8,87.4,890055,4550282
60,6,10,29,8,125.0,890055,4550282
61,7,1,645,7,5.0,690687,2454771
62,7,2,645,7,7.1,690687,2454771
63,7,3,645,7,10.2,690687,2454771
64,7,4,645,7,14.6,690687,2454771
65,7,5,645,7,20.9,690687,2454771
66,7,6,645,7,29.9,690687,2454771
67,7,7,645,7,42.7,690687,2454771
68,7,8,645,7,61.0,690687,2454771
69,7,9,645,7,87.4,690687,2454771
70,7,10,645,7,125.0,690687,2454771
71,8,1,564,3,5.0,1012372,3981310
72,8,2,564,3,7.1,1012372,3981310
73,8,3,564,3,10.2,1012372,3981310
74,8,4,564,3,14.6,1012372,3981310
75,8,5,564,3,20.9,1012372,3981310
76,8,6,564,3,29.9,1012372,3981310
77,8,7,564,3,42.7,1012372,3981310
78,8,8,564,3,61.0,1012372,3981310
79,8,9,564,3,87.4,1012372,3981310
80,8,10,564,3,125.0,1012372,3981310
81,9,1,365,3,5.0,582801,3620340
82,9,2,365,3,7.1,582801,3620340
83,9,3,365,3,10.2,582801,3620340
84,9,4,365,3,14.6,582801,3620340
85,9,5,365,3,20.9,582801,3620340
86,9,6,365,3,29.9,582801,3620340
87,9,7,365,3,42.7,582801,3620340
88,9,8,365,3,61.0,582801,3620340
89,9,9,365,3,87.4,582801,3620340
90,9,10,365,3,125.0,582801,3620340
91,10,1,963,5,5.0,650552,1655147
92,10,2,963,5,7.1,650552,1655147
93,10,3,963,5,10.2,650552,1655147
94,10,4,963,5,14.6,650552,1655147
95,10,5,963,5,20.9,650552,1655147
96,10,6,963,5,29.9,650552,1655147
97,10,7,963,5,42.7,650552,1655147
98,10,8,963,5,61.0,650552,1655147
99,10,9,963,5,87.4,650552,1655147
100,10,10,963,5,125.0,650552,1655147
101,11,1,104,4,5.0,637257,4082743
102,11,2,104,4,7.1,637257,4082743
103,11,3,104,4,10.2,637257,4082743
104,11,4,104,4,14.6,637257,4082743
105,11,5,104,4,20.9,637257,4082743
106,11,6,104,4,29.9,637257,4082743
107,11,7,104,4,42.7,637257,4082743
108,11,8,104,4,61.0,637257,4082743
109,11,9,104,4,87.4,637257,4082743
110,11,10,104,4,125.0,637257,4082743
111,12,1,642,5,5.0,1074544,2702765
112,12,2,642,5,7.1,1074544,2702765
113,12,3,642,5,10.2,1074544,2702765
114,12,4,642,5,14.6,1074544,2702765
115,12,5,642,5,20.9,1074544,2702765
116,12,6,642,5,29.9,1074544,2702765
117,12,7,642,5,42.7,1074544,2702765
118,12,8,642,5,61.0,1074544,2702765
119,12,9,642,5,87.4,1074544,2702765
120,12,10,642,5,125.0,1074544,2702765
121,13,1,621,7,5.0,424702,2860996
122,13,2,621,7,7.1,424702,2860996
123,13,3,621,7,10.2,424702,2860996
124,13,4,621,7,14.6,424702,2860996
125,13,5,621,7,20.9,424702,2860996
126,13,6,621,7,29.9,424702,2860996
127,13,7,621,7,42.7,424702,2860996
128,13,8,621,7,61.0,424702,2860996
129,13,9,621,7,87.4,424702,2860996
130,13,10,621,7,125.0,424702,2860996
131,14,1,582,3,5.0,208567,3850795
132,14,2,582,3,7.1,208567,3850795
133,14,3,582,3,10.2,208567,3850795
134,14,4,582,3,14.6,208567,3850795
135,14,5,582,3,20.9,208567,3850795
136,14,6,582,3,29.9,208567,3850795
137,14,7,582,3,42.7,208567,3850795
138,14,8,582,3,61.0,208567,3850795
139,14,9,582,3,87.4,208567,3850795
140,14,10,582,3,125.0,208567,3850795
141,15,1,618,4,5.0,1062757,1523951
142,15,2,618,4,7.1,1062757,1523951
143,15,3,618,4,10.2,1062757,1523951
144,15,4,618,4,14.6,1062757,1523951
145,15,5,618,4,20.9,1062757,1523951
146,15,6,618,4,29.9,1062757,1523951
147,15,7,618,4,42.7,1062757,1523951
148,15,8,618,4,61.0,1062757,1523951
149,15,9,618,4,87.4,1062757,1523951
150,15,10,618,4,125.0,1062757,1523951
151,16,1,855,7,5.0,947189,7772393
152,16,2,855,7,7.1,947189,7772393
153,16,3,855,7,10.2,947189,7772393
154,16,4,855,7,14.6,947189,7772393
155,16,5,855,7,20.9,947189,7772393
156,16,6,855,7,29.9,947189,7772393
157,16,7,855,7,42.7,947189,7772393
158,16,8,855,7,61.0,947189,7772393
159,16,9,855,7,87.4,947189,7772393
160,16,10,855,7,125.0,947189,7772393
161,17,1,208,7,5.0,620168,5691464
162,17,2,208,7,7.1,620168,5691464
163,17,3,208,7,10.2,620168,5691464
164,17,4,208,7,14.6,620168,5691464
165,17,5,208,7,20.9,620168,5691464
166,17,6,208,7,29.9,620168,5691464
167,17,7,208,7,42.7,620168,5691464
168,17,8,208,7,61.0,620168,5691464
169,17,9,208,7,87.4,620168,5691464
170,17,10,208,7,125.0,620168,5691464
171,18,1,747,8,5.0,1141429,6898054
172,18,2,747,8,7.1,1141429,6898054
173,18,3,747,8,10.2,1141429,6898054
174,18,4,747,8,14.6,1141429,6898054
175,18,5,747,8,20.9,1141429,6898054
176,18,6,747,8,29.9,1141429,6898054
177,18,7,747,8,42.7,1141429,6898054
178,18,8,747,8,61.0,1141429,6898054
179,18,9,747,8,87.4,1141429,6898054
180,18,10,747,8,125.0,1141429,6898054
181,19,1,871,3,5.0,1179798,7333864
182,19,2,871,3,7.1,1179798,7333864
183,19,3,871,3,10.2,1179798,7333864
184,19,4,871,3,14.6,1179798,7333864
185,19,5,871,3,20.9,1179798,7333864
186,19,6,871,3,29.9,1179798,7333864
187,19,7,871,3,42.7,1179798,7333864
188,19,8,871,3,61.0,1179798,7333864
189,19,9,871,3,87.4,1179798,7333864
190,19,10,871,3,125.0,1179798,7333864
191,20,1,136,4,5.0,153589,5645635
192,20,2,136,4,7.1,153589,5645635
193,20,3,136,4,10.2,153589,5645635
194,20,4,136,4,14.6,153589,5645635
195,20,5,136,4,20.9,153589,5645635
196,20,6,136,4,29.9,153589,5645635
197,20,7,136,4,42.7,153589,5645635
198,20,8,136,4,61.0,153589,5645635
199,20,9,136,4,87.4,153589,5645635
200,20,10,136,4,125.0,153589,5645635
201,21,1,865,7,5.0,412235,1832679
202,21,2,865,7,7.1,412235,1832679
203,21,3,865,7,10.2,412235,1832679
204,21,4,865,7,14.6,412235,1832679
205,21,5,865,7,20.9,412235,1832679
206,21,6,865,7,29.9,412235,1832679
207,21,7,865,7,42.7,412235,1832679
208,21,8,865,7,61.0,412235,1832679
209,21,9,865,7,87.4,412235,1832679
210,21,10,865,7,125.0,412235,1832679
211,22,1,213,6,5.0,141762,3297552
212,22,2,213,6,7.1,141762,3297552
213,22,3,213,6,10.2,141762,3297552
214,22,4,213,6,14.6,141762,3297552
215,22,5,213,6,20.9,141762,3297552
216,22,6,213,6,29.9,141762,3297552
217,22,7,213,6,42.7,141762,3297552
218,22,8,213,6,61.0,141762,3297552
219,22,9,213,6,87.4,141762,3297552
220,22,10,213,6,125.0,141762,3297552
221,23,1,808,7,5.0,194378,7168707
222,23,2,808,7,7.1,194378,7168707
223,23,3,808,7,10.2,194378,7168707
224,23,4,808,7,14.6,194378,7168707
225,23,5,808,7,20.9,194378,7168707
226,23,6,808,7,29.9,194378,7168707
227,23,7,808,7,42.7,194378,7168707
228,23,8,808,7,61.0,194378,7168707
229,23,9,808,7,87.4,194378,7168707
230,23,10,808,7,125.0,194378,7168707
231,24,1,800,5,5.0,482284,6557948
232,24,2,800,5,7.1,482284,6557948
233,24,3,800,5,10.2,482284,6557948
234,24,4,800,5,14.6,482284,6557948
235,24,5,800,5,20.9,482284,6557948
236,24,6,800,5,29.9,482284,6557948
237,24,7,800,5,42.7,482284,6557948
238,24,8,800,5,61.0,482284,6557948
239,24,9,800,5,87.4,482284,6557948
240,24,10,800,5,125.0,482284,6557948
241,25,1,957,2,5.0,280627,1139953
242,25,2,957,2,7.1,280627,1139953
243,25,3,957,2,10.2,280627,1139953
244,25,4,957,2,14.6,280627,1139953
245,25,5,957,2,20.9,280627,1139953
246,25,6,957,2,29.9,280627,1139953
247,25,7,957,2,42.7,280627,1139953
248,25,8,957,2,61.0,280627,1139953
249,25,9,957,2,87.4,280627,1139953
250,25,10,957,2,125.0,280627,1139953
251,26,1,133,3,5.0,517936,948850
252,26,2,133,3,7.1,517936,948850
253,26,3,133,3,10.2,517936,948850
254,26,4,133,3,14.6,517936,948850
255,26,5,133,3,20.9,517936,948850
256,26,6,133,3,29.9,517936,948850
257,26,7,133,3,42.7,517936,948850
258,26,8,133,3,61.0,517936,948850
259,26,9,133,3,87.4,517936,948850
260,26,10,133,3,125.0,517936,948850
261,27,1,469,5,5.0,133171,7254917
262,27,2,469,5,7.1,133171,7254917
263,27,3,469,5,10.2,133171,7254917
264,27,4,469,5,14.6,133171,7254917
265,27,5,469,5,20.9,133171,7254917
266,27,6,469,5,29.9,133171,7254917
267,27,7,469,5,42.7,133171,7254917
268,27,8,469,5,61.0,133171,7254917
269,27,9,469,5,87.4,133171,7254917
270,27,10,469,5,125.0,133171,7254917
271,28,1,125,5,5.0,1191771,6449186
272,28,2,125,5,7.1,1191771,6449186
273,28,3,125,5,10.2,1191771,6449186
274,28,4,125,5,14.6,1191771,6449186
275,28,5,125,5,20.9,1191771,6449186
276,28,6,125,5,29.9,1191771,6449186
277,28,7,125,5,42.7,1191771,6449186
278,28,8,125,5,61.0,1191771,6449186
279,28,9,125,5,87.4,1191771,6449186
280,28,10,125,5,125.0,1191771,6449186
281,29,1,939,2,5.0,525515,3746875
282,29,2,939,2,7.1,525515,3746875
283,29,3,939,2,10.2,525515,3746875
284,29,4,939,2,14.6,525515,3746875
285,29,5,939,2,20.9,525515,3746875
286,29,6,939,2,29.9,525515,3746875
287,29,7,939,2,42.7,525515,3746875
288,29,8,939,2,61.0,525515,3746875
289,29,9,939,2,87.4,525515,3746875
290,29,10,939,2,125.0,525515,3746875
291,30,1,931,7,5.0,763920,5881002
292,30,2,931,7,7.1,763920,5881002
293,30,3,931,7,10.2,763920,5881002
294,30,4,931,7,14.6,763920,5881002
295,30,5,931,7,20.9,763920,5881002
296,30,6,931,7,29.9,763920,5881002
297,30,7,931,7,42.7,763920,5881002
298,30,8,931,7,61.0,763920,5881002
299,30,9,931,7,87.4,763920,5881002
300,30,10,931,7,125.0,763920,5881002
301,31,1,336,6,5.0,647922,7842665
302,31,2,336,6,7.1,647922,7842665
303,31,3,336,6,10.2,647922,7842665
304,31,4,336,6,14.6,647922,7842665
305,31,5,336,6,20.9,647922,7842665
306,31,6,336,6,29.9,647922,7842665
307,31,7,336,6,42.7,647922,7842665
308,31,8,336,6,61.0,647922,7842665
309,31,9,336,6,87.4,647922,7842665
310,31,10,336,6,125.0,647922,7842665
311,32,1,704,3,5.0,1000261,7536640
312,32,2,704,3,7.1,1000261,7536640
313,32,3,704,3,10.2,1000261,7536640
314,32,4,704,3,14.6,1000261,7536640
315,32,5,704,3,20.9,1000261,7536640
316,32,6,704,3,29.9,1000261,7536640
317,32,7,704,3,42.7,1000261,7536640
318,32,8,704,3,61.0,1000261,7536640
319,32,9,704,3,87.4,1000261,7536640
320,32,10,704,3,125.0,1000261,7536640
321,33,1,726,7,5.0,451913,4586158
322,33,2,726,7,7.1,451913,4586158
323,33,3,726,7,10.2,451913,4586158
324,33,4,726,7,14.6,451913,4586158
325,33,5,726,7,20.9,451913,4586158
326,33,6,726,7,29.9,451913,4586158
327,33,7,726,7,42.7,451913,4586158
328,33,8,726,7,61.0,451913,4586158
329,33,9,726,7,87.4,451913,4586158
330,33,10,726,7,125.0,451913,4586158
331,34,1,223,6,5.0,673812,3540215
332,34,2,223,6,7.1,673812,3540215
333,34,3,223,6,10.2,673812,3540215
334,34,4,223,6,14.6,673812,3540215
335,34,5,223,6,20.9,673812,3540215
336,34,6,223,6,29.9,673812,3540215
337,34,7,223,6,42.7,673812,3540215
338,34,8,223,6,61.0,673812,3540215
339,34,9,223,6,87.4,673812,3540215
340,34,10,223,6,125.0,673812,3540215
341,35,1,816,3,5.0,722477,833558
342,35,2,816,3,7.1,722477,833558
343,35,3,816,3,10.2,722477,833558
344,35,4,816,3,14.6,722477,833558
345,35,5,816,3,20.9,722477,833558
346,35,6,816,3,29.9,722477,833558
347,35,7,816,3,42.7,722477,833558
348,35,8,816,3,61.0,722477,833558
349,35,9,816,3,87.4,722477,833558
350,35,10,816,3,125.0,722477,833558
351,36,1,455,7,5.0,156535,1498820
352,36,2,455,7,7.1,156535,1498820
353,36,3,455,7,10.2,156535,1498820
354,36,4,455,7,14.6,156535,1498820
355,36,5,455,7,20.9,156535,1498820
356,36,6,455,7,29.9,156535,1498820
357,36,7,455,7,42.7,156535,1498820
358,36,8,455,7,61.0,156535,1498820
359,36,9,455,7,87.4,156535,1498820
360,36,10,455,7,125.0,156535,1498820
361,37,1,590,8,5.0,995472,2540501
362,37,2,590,8,7.1,995472,2540501
363,37,3,590,8,10.2,995472,2540501
364,37,4,590,8,14.6,995472,2540501
365,37,5,590,8,20.9,995472,2540501
366,37,6,590,8,29.9,995472,2540501
367,37,7,590,8,42.7,995472,2540501
368,37,8,590,8,61.0,995472,2540501
369,37,9,590,8,87.4,995472,2540501
370,37,10,590,8,125.0,995472,2540501
371,38,1,552,7,5.0,569635,5077854
372,38,2,552,7,7.1,569635,5077854
373,38,3,552,7,10.2,569635,5077854
374,38,4,552,7,14.6,569635,5077854
375,38,5,552,7,20.9,569635,5077854
376,38,6,552,7,29.9,569635,5077854
377,38,7,552,7,42.7,569635,5077854
378,38,8,552,7,61.0,569635,5077854
379,38,9,552,7,87.4,569635,5077854
380,38,10,552,7,125.0,569635,5077854
381,39,1,63,2,5.0,229143,3154915
382,39,2,63,2,7.1,229143,3154915
383,39,3,63,2,10.2,229143,3154915
384,39,4,63,2,14.6,229143,3154915
385,39,5,63,2,20.9,229143,3154915
386,39,6,63,2,29.9,229143,3154915
387,39,7,63,2,42.7,229143,3154915
388,39,8,63,2,61.0,229143,3154915
389,39,9,63,2,87.4,229143,3154915
390,39,10,63,2,125.0,229143,3154915
391,40,1,219,5,5.0,535070,6788045
392,40,2,219,5,7.1,535070,6788045
393,40,3,219,5,10.2,535070,6788045
394,40,4,219,5,14.6,535070,6788045
395,40,5,219,5,20.9,535070,6788045
396,40,6,219,5,29.9,535070,6788045
397,40,7,219,5,42.7,535070,6788045
398,40,8,219,5,61.0,535070,6788045
399,40,9,219,5,87.4,535070,6788045
400,40,10,219,5,125.0,535070,6788045
401,41,1,50,3,5.0,370910,2614782
402,41,2,50,3,7.1,370910,2614782
403,41,3,50,3,10.2,370910,2614782
404,41,4,50,3,14.6,370910,2614782
405,41,5,50,3,20.9,370910,2614782
406,41,6,50,3,29.9,370910,2614782
407,41,7,50,3,42.7,370910,2614782
408,41,8,50,3,61.0,370910,2614782
409,41,9,50,3,87.4,370910,2614782
410,41,10,50,3,125.0,370910,2614782
411,42,1,903,4,5.0,887509,2560879
412,42,2,903,4,7.1,887509,2560879
413,42,3,903,4,10.2,887509,2560879
414,42,4,903,4,14.6,887509,2560879
415,42,5,903,4,20.9,887509,2560879
416,42,6,903,4,29.9,887509,2560879
417,42,7,903,4,42.7,887509,2560879
418,42,8,903,4,61.0,887509,2560879
419,42,9,903,4,87.4,887509,2560879
420,42,10,903,4,125.0,887509,2560879
421,43,1,811,5,5.0,353499,6626861
422,43,2,811,5,7.1,353499,6626861
423,43,3,811,5,10.2,353499,6626861
424,43,4,811,5,14.6,353499,6626861
425,43,5,811,5,20.9,353499,6626861
426,43,6,811,5,29.9,353499,6626861
427,43,7,811,5,42.7,353499,6626861
428,43,8,811,5,61.0,353499,6626861
429,43,9,811,5,87.4,353499,6626861
430,43,10,811,5,125.0,353499,6626861
431,44,1,392,6,5.0,69564,6474543
432,44,2,392,6,7.1,69564,6474543
433,44,3,392,6,10.2,69564,6474543
434,44,4,392,6,14.6,69564,6474543
435,44,5,392,6,20.9,69564,6474543
436,44,6,392,6,29.9,69564,6474543
437,44,7,392,6,42.7,69564,6474543
438,44,8,392,6,61.0,69564,6474543
439,44,9,392,6,87.4,69564,6474543
440,44,10,392,6,125.0,69564,6474543
441,45,1,225,6,5.0,769787,2985363
442,45,2,225,6,7.1,769787,2985363
443,45,3,225,6,10.2,769787,2985363
444,45,4,225,6,14.6,769787,2985363
445,45,5,225,6,20.9,769787,2985363
446,45,6,225,6,29.9,769787,2985363
447,45,7,225,6,42.7,769787,2985363
448,45,8,225,6,61.0,769787,2985363
449,45,9,225,6,87.4,769787,2985363
450,45,10,225,6,125.0,769787,2985363
451,46,1,892,5,5.0,962418,3117110
452,46,2,892,5,7.1,962418,3117110
453,46,3,892,5,10.2,962418,3117110
454,46,4,892,5,14.6,962418,3117110
455,46,5,892,5,20.9,962418,3117110
456,46,6,892,5,29.9,962418,3117110
457,46,7,892,5,42.7,962418,3117110
458,46,8,892,5,61.0,962418,3117110
459,46,9,892,5,87.4,962418,3117110
460,46,10,892,5,125.0,962418,3117110
461,47,1,677,6,5.0,632782,5635856
462,47,2,677,6,7.1,632782,5635856
463,47,3,677,6,10.2,632782,5635856
464,47,4,677,6,14.6,632782,5635856
465,47,5,677,6,20.9,632782,5635856
466,47,6,677,6,29.9,632782,5635856
467,47,7,677,6,42.7,632782,5635856
468,47,8,677,6,61.0,632782,5635856
469,47,9,677,6,87.4,632782,5635856
470,47,10,677,6,125.0,632782,5635856
471,48,1,277,5,5.0,1173981,6918455
472,48,2,277,5,7.1,1173981,6918455
473,48,3,277,5,10.2,1173981,6918455
474,48,4,277,5,14.6,1173981,6918455
475,48,5,277,5,20.9,1173981,6918455
476,48,6,277,5,29.9,1173981,6918455
477,48,7,277,5,42.7,1173981,6918455
478,48,8,277,5,61.0,1173981,6918455
479,48,9,277,5,87.4,1173981,6918455
480,48,10,277,5,125.0,1173981,6918455
481,49,1,41,7,5.0,1151602,7388167
482,49,2,41,7,7.1,1151602,7388167
483,49,3,41,7,10.2,1151602,7388167
484,49,4,41,7,14.6,1151602,7388167
485,49,5,41,7,20.9,1151602,7388167
486,49,6,41,7,29.9,1151602,7388167
487,49,7,41,7,42.7,1151602,7388167
488,49,8,41,7,61.0,1151602,7388167
489,49,9,41,7,87.4,1151602,7388167
490,49,10,41,7,125.0,1151602,7388167
491,50,1,26,4,5.0,786242,338431
492,50,2,26,4,7.1,786242,338431
493,50,3,26,4,10.2,786242,338431
494,50,4,26,4,14.6,786242,338431
495,50,5,26,4,20.9,786242,338431
496,50,6,26,4,29.9,786242,338431
497,50,7,26,4,42.7,786242,338431
498,50,8,26,4,61.0,786242,338431
499,50,9,26,4,87.4,786242,338431
500,50,10,26,4,125.0,786242,338431
501,51,1,636,4,5.0,983429,1947501
502,51,2,636,4,7.1,983429,1947501
503,51,3,636,4,10.2,983429,1947501
504,51,4,636,4,14.6,983429,1947501
505,51,5,636,4,20.9,983429,1947501
506,51,6,636,4,29.9,983429,1947501
507,51,7,636,4,42.7,983429,1947501
508,51,8,636,4,61.0,983429,1947501
509,51,9,636,4,87.4,983429,1947501
510,51,10,636,4,125.0,983429,1947501
511,52,1,984,8,5.0,116439,5472286
512,52,2,984,8,7.1,116439,5472286
513,52,3,984,8,10.2,116439,5472286
514,52,4,984,8,14.6,116439,5472286
515,52,5,984,8,20.9,116439,5472286
516,52,6,984,8,29.9,116439,5472286
517,52,7,984,8,42.7,116439,5472286
518,52,8,984,8,61.0,116439,5472286
519,52,9,984,8,87.4,116439,5472286
520,52,10,984,8,125.0,116439,5472286
521,53,1,404,8,5.0,261804,2429479
522,53,2,404,8,7.1,261804,2429479
523,53,3,404,8,10.2,261804,2429479
524,53,4,404,8,14.6,261804,2429479
525,53,5,404,8,20.9,261804,2429479
526,53,6,404,8,29.9,261804,2429479
527,53,7,404,8,42.7,261804,2429479
528,53,8,404,8,61.0,261804,2429479
529,53,9,404,8,87.4,261804,2429479
530,53,10,404,8,125.0,261804,2429479
531,54,1,245,5,5.0,345160,5433288
532,54,2,245,5,7.1,345160,5433288
533,54,3,245,5,10.2,345160,5433288
534,54,4,245,5,14.6,345160,5433288
535,54,5,245,5,20.9,345160,5433288
536,54,6,245,5,29.9,345160,5433288
537,54,7,245,5,42.7,345160,5433288
538,54,8,245,5,61.0,345160,5433288
539,54,9,245,5,87.4,345160,5433288
540,54,10,245,5,125.0,345160,5433288
541,55,1,749,5,5.0,991651,3043360
542,55,2,749,5,7.1,991651,3043360
543,55,3,749,5,10.2,991651,3043360
544,55,4,749,5,14.6,991651,3043360
545,55,5,749,5,20.9,991651,3043360
546,55,6,749,5,29.9,991651,3043360
547,55,7,749,5,42.7,991651,3043360
548,55,8,749,5,61.0,991651,3043360
549,55,9,749,5,87.4,991651,3043360
550,55,10,749,5,125.0,991651,3043360
551,56,1,475,7,5.0,857879,2331062
552,56,2,475,7,7.1,857879,2331062
553,56,3,475,7,10.2,857879,2331062
554,56,4,475,7,14.6,857879,2331062
555,56,5,475,7,20.9,857879,2331062
556,56,6,475,7,29.9,857879,2331062
557,56,7,475,7,42.7,857879,2331062
558,56,8,475,7,61.0,857879,2331062
559,56,9,475,7,87.4,857879,2331062
560,56,10,475,7,125.0,857879,2331062
561,57,1,323,8,5.0,621098,7452855
562,57,2,323,8,7.1,621098,7452855
563,57,3,323,8,10.2,621098,7452855
564,57,4,323,8,14.6,621098,7452855
565,57,5,323,8,20.9,621098,7452855
566,57,6,323,8,29.9,621098,7452855
567,57,7,323,8,42.7,621098,7452855
568,57,8,323,8,61.0,621098,7452855
569,57,9,323,8,87.4,621098,7452855
570,57,10,323,8,125.0,621098,7452855
571,58,1,183,4,5.0,558235,7891629
572,58,2,183,4,7.1,558235,7891629
573,58,3,183,4,10.2,558235,7891629
574,58,4,183,4,14.6,558235,7891629
575,58,5,183,4,20.9,558235,7891629
576,58,6,183,4,29.9,558235,7891629
577,58,7,183,4,42.7,558235,7891629
578,58,8,183,4,61.0,558235,7891629
579,58,9,183,4,87.4,558235,7891629
580,58,10,183,4,125.0,558235,7891629
581,59,1,555,2,5.0,1149320,4915645
582,59,2,555,2,7.1,1149320,4915645
583,59,3,555,2,10.2,1149320,4915645
584,59,4,555,2,14.6,1149320,4915645
585,59,5,555,2,20.9,1149320,4915645
586,59,6,555,2,29.9,1149320,4915645
587,59,7,555,2,42.7,1149320,4915645
588,59,8,555,2,61.0,1149320,4915645
589,59,9,555,2,87.4,1149320,4915645
590,59,10,555,2,125.0,1149320,4915645
591,60,1,203,3,5.0,1025262,7304156
592,60,2,203,3,7.1,1025262,7304156
593,60,3,203,3,10.2,1025262,7304156
594,60,4,203,3,14.6,1025262,7304156
595,60,5,203,3,20.9,1025262,7304156
596,60,6,203,3,29.9,1025262,7304156
597,60,7,203,3,42.7,1025262,7304156
598,60,8,203,3,61.0,1025262,7304156
599,60,9,203,3,87.4,1025262,7304156
600,60,10,203,3,125.0,1025262,7304156
601,61,1,879,5,5.0,697312,4456442
602,61,2,879,5,7.1,697312,4456442
603,61,3,879,5,10.2,697312,4456442
604,61,4,879,5,14.6,697312,4456442
605,61,5,879,5,20.9,697312,4456442
606,61,6,879,5,29.9,697312,4456442
607,61,7,879,5,42.7,697312,4456442
608,61,8,879,5,61.0,697312,4456442
609,61,9,879,5,87.4,697312,4456442
610,61,10,879,5,125.0,697312,4456442
611,62,1,539,4,5.0,564144,5898035
612,62,2,539,4,7.1,564144,5898035
613,62,3,539,4,10.2,564144,5898035
614,62,4,539,4,14.6,564144,5898035
615,62,5,539,4,20.9,564144,5898035
616,62,6,539,4,29.9,564144,5898035
617,62,7,539,4,42.7,564144,5898035
618,62,8,539,4,61.0,564144,5898035
619,62,9,539,4,87.4,564144,5898035
620,62,10,539,4,125.0,564144,5898035
621,63,1,742,4,5.0,972266,6502101
622,63,2,742,4,7.1,972266,6502101
623,63,3,742,4,10.2,972266,6502101
624,63,4,742,4,14.6,972266,6502101
625,63,5,742,4,20.9,972266,6502101
626,63,6,742,4,29.9,972266,6502101
627,63,7,742,4,42.7,972266,6502101
628,63,8,742,4,61.0,972266,6502101
629,63,9,742,4,87.4,972266,6502101
630,63,10,742,4,125.0,972266,6502101
631,64,1,328,2,5.0,388142,4020608
632,64,2,328,2,7.1,388142,4020608
633,64,3,328,2,10.2,388142,4020608
634,64,4,328,2,14.6,388142,4020608
635,64,5,328,2,20.9,388142,4020608
636,64,6,328,2,29.9,388142,4020608
637,64,7,328,2,42.7,388142,4020608
638,64,8,328,2,61.0,388142,4020608
639,64,9,328,2,87.4,388142,4020608
640,64,10,328,2,125.0,388142,4020608
641,65,1,587,3,5.0,663189,4363208
642,65,2,587,3,7.1,663189,4363208
643,65,3,587,3,10.2,663189,4363208
644,65,4,587,3,14.6,663189,4363208
645,65,5,587,3,20.9,663189,4363208
646,65,6,587,3,29.9,663189,4363208
647,65,7,587,3,42.7,663189,4363208
648,65,8,587,3,61.0,663189,4363208
649,65,9,587,3,87.4,663189,4363208
650,65,10,587,3,125.0,663189,4363208
651,66,1,488,5,5.0,60818,6314311
652,66,2,488,5,7.1,60818,6314311
653,66,3,488,5,10.2,60818,6314311
654,66,4,488,5,14.6,60818,6314311
655,66,5,488,5,20.9,60818,6314311
656,66,6,488,5,29.9,60818,6314311
657,66,7,488,5,42.7,60818,6314311
658,66,8,488,5,61.0,60818,6314311
659,66,9,488,5,87.4,60818,6314311
660,66,10,488,5,125.0,60818,6314311
661,67,1,424,7,5.0,754181,7594924
662,67,2,424,7,7.1,754181,7594924
663,67,3,424,7,10.2,754181,7594924
664,67,4,424,7,14.6,754181,7594924
665,67,5,424,7,20.9,754181,7594924
666,67,6,424,7,29.9,754181,7594924
667,67,7,424,7,42.7,754181,7594924
668,67,8,424,7,61.0,754181,7594924
669,67,9,424,7,87.4,754181,7594924
670,67,10,424,7,125.0,754181,7594924
671,68,1,655,4,5.0,898154,1751566
672,68,2,655,4,7.1,898154,1751566
673,68,3,655,4,10.2,898154,1751566
674,68,4,655,4,14.6,898154,1751566
675,68,5,655,4,20.9,898154,1751566
676,68,6,655,4,29.9,898154,1751566
677,68,7,655,4,42.7,898154,1751566
678,68,8,655,4,61.0,898154,1751566
679,68,9,655,4,87.4,898154,1751566
680,68,10,655,4,125.0,898154,1751566
681,69,1,399,7,5.0,365033,6882073
682,69,2,399,7,7.1,365033,6882073
683,69,3,399,7,10.2,365033,6882073
684,69,4,399,7,14.6,365033,6882073
685,69,5,399,7,20.9,365033,6882073
686,69,6,399,7,29.9,365033,6882073
687,69,7,399,7,42.7,365033,6882073
688,69,8,399,7,61.0,365033,6882073
689,69,9,399,7,87.4,365033,6882073
690,69,10,399,7,125.0,365033,6882073
691,70,1,463,4,5.0,1083875,360924
692,70,2,463,4,7.1,1083875,360924
693,70,3,463,4,10.2,1083875,360924
694,70,4,463,4,14.6,1083875,360924
695,70,5,463,4,20.9,1083875,360924
696,70,6,463,4,29.9,1083875,360924
697,70,7,463,4,42.7,1083875,360924
698,70,8,463,4,61.0,1083875,360924
699,70,9,463,4,87.4,1083875,360924
700,70,10,463,4,125.0,1083875,360924
701,71,1,975,5,5.0,589887,4392660
702,71,2,975,5,7.1,589887,4392660
703,71,3,975,5,10.2,589887,4392660
704,71,4,975,5,14.6,589887,4392660
705,71,5,975,5,20.9,589887,4392660
706,71,6,975,5,29.9,589887,4392660
707,71,7,975,5,42.7,589887,4392660
708,71,8,975,5,61.0,589887,4392660
709,71,9,975,5,87.4,589887,4392660
710,71,10,975,5,125.0,589887,4392660
711,72,1,353,7,5.0,447493,1716934
712,72,2,353,7,7.1,447493,1716934
713,72,3,353,7,10.2,447493,1716934
714,72,4,353,7,14.6,447493,1716934
715,72,5,353,7,20.9,447493,1716934
716,72,6,353,7,29.9,447493,1716934
717,72,7,353,7,42.7,447493,1716934
718,72,8,353,7,61.0,447493,1716934
719,72,9,353,7,87.4,447493,1716934
720,72,10,353,7,125.0,447493,1716934
721,73,1,250,8,5.0,911140,5410068
722,73,2,250,8,7.1,911140,5410068
723,73,3,250,8,10.2,911140,5410068
724,73,4,250,8,14.6,911140,5410068
725,73,5,250,8,20.9,911140,5410068
726,73,6,250,8,29.9,911140,5410068
727,73,7,250,8,42.7,911140,5410068
728,73,8,250,8,61.0,911140,5410068
729,73,9,250,8,87.4,911140,5410068
730,73,10,250,8,125.0,911140,5410068
731,74,1,898,7,5.0,760639,4056088
732,74,2,898,7,7.1,760639,4056088
733,74,3,898,7,10.2,760639,4056088
734,74,4,898,7,14.6,760639,4056088
735,74,5,898,7,20.9,760639,4056088
736,74,6,898,7,29.9,760639,4056088
737,74,7,898,7,42.7,760639,4056088
738,74,8,898,7,61.0,760639,4056088
739,74,9,898,7,87.4,760639,4056088
740,74,10,898,7,125.0,760639,4056088
741,75,1,351,4,5.0,935689,642421
742,75,2,351,4,7.1,935689,642421
743,75,3,351,4,10.2,935689,642421
744,75,4,351,4,14.6,935689,642421
745,75,5,351,4,20.9,935689,642421
746,75,6,351,4,29.9,935689,642421
747,75,7,351,4,42.7,935689,642421
748,75,8,351,4,61.0,935689,642421
749,75,9,351,4,87.4,935689,642421
750,75,10,351,4,125.0,935689,642421
751,76,1,755,6,5.0,815771,5006363
752,76,2,755,6,7.1,815771,5006363
753,76,3,755,6,10.2,815771,5006363
754,76,4,755,6,14.6,815771,5006363
755,76,5,755,6,20.9,815771,5006363
756,76,6,755,6,29.9,815771,5006363
757,76,7,755,6,42.7,815771,5006363
758,76,8,755,6,61.0,815771,5006363
759,76,9,755,6,87.4,815771,5006363
760,76,10,755,6,125.0,815771,5006363
761,77,1,381,6,5.0,612977,1098150
762,77,2,381,6,7.1,612977,1098150
763,77,3,381,6,10.2,612977,1098150
764,77,4,381,6,14.6,612977,1098150
765,77,5,381,6,20.9,612977,1098150
766,77,6,381,6,29.9,612977,1098150
767,77,7,381,6,42.7,612977,1098150
768,77,8,381,6,61.0,612977,1098150
769,77,9,381,6,87.4,612977,1098150
770,77,10,381,6,125.0,612977,1098150
771,78,1,285,7,5.0,479437,1362798
772,78,2,285,7,7.1,479437,1362798
773,78,3,285,7,10.2,479437,1362798
774,78,4,285,7,14.6,479437,1362798
775,78,5,285,7,20.9,479437,1362798
776,78,6,285,7,29.9,479437,1362798
777,78,7,285,7,42.7,479437,1362798
778,78,8,285,7,61.0,479437,1362798
779,78,9,285,7,87.4,479437,1362798
780,78,10,285,7,125.0,479437,1362798
781,79,1,594,4,5.0,240540,7147011
782,79,2,594,4,7.1,240540,7147011
783,79,3,594,4,10.2,240540,7147011
784,79,4,594,4,14.6,240540,7147011
785,79,5,594,4,20.9,240540,7147011
786,79,6,594,4,29.9,240540,7147011
787,79,7,594,4,42.7,240540,7147011
788,79,8,594,4,61.0,240540,7147011
789,79,9,594,4,87.4,240540,7147011
790,79,10,594,4,125.0,240540,7147011
791,80,1,528,8,5.0,748694,1322580
792,80,2,528,8,7.1,748694,1322580
793,80,3,528,8,10.2,748694,1322580
794,80,4,528,8,14.6,748694,1322580
795,80,5,528,8,20.9,748694,1322580
796,80,6,528,8,29.9,748694,1322580
797,80,7,528,8,42.7,748694,1322580
798,80,8,528,8,61.0,748694,1322580
799,80,9,528,8,87.4,748694,1322580
800,80,10,528,8,125.0,748694,1322580
801,81,1,836,8,5.0,521879,6151711
802,81,2,836,8,7.1,521879,6151711
803,81,3,836,8,10.2,521879,6151711
804,81,4,836,8,14.6,521879,6151711
805,81,5,836,8,20.9,521879,6151711
806,81,6,836,8,29.9,521879,6151711
807,81,7,836,8,42.7,521879,6151711
808,81,8,836,8,61.0,521879,6151711
809,81,9,836,8,87.4,521879,6151711
810,81,10,836,8,125.0,521879,6151711
811,82,1,687,2,5.0,1029800,4329160
812,82,2,687,2,7.1,1029800,4329160
813,82,3,687,2,10.2,1029800,4329160
814,82,4,687,2,14.6,1029800,4329160
815,82,5,687,2,20.9,1029800,4329160
816,82,6,687,2,29.9,1029800,4329160
817,82,7,687,2,42.7,1029800,4329160
818,82,8,687,2,61.0,1029800,4329160
819,82,9,687,2,87.4,1029800,4329160
820,82,10,687,2,125.0,1029800,4329160
821,83,1,994,4,5.0,707499,5760580
822,83,2,994,4,7.1,707499,5760580
823,83,3,994,4,10.2,707499,5760580
824,83,4,994,4,14.6,707499,5760580
825,83,5,994,4,20.9,707499,5760580
826,83,6,994,4,29.9,707499,5760580
827,83,7,994,4,42.7,707499,5760580
828,83,8,994,4,61.0,707499,5760580
829,83,9,994,4,87.4,707499,5760580
830,83,10,994,4,125.0,707499,5760580
831,84,1,782,2,5.0,416203,7873062
832,84,2,782,2,7.1,416203,7873062
833,84,3,782,2,10.2,416203,7873062
834,84,4,782,2,14.6,416203,7873062
835,84,5,782,2,20.9,416203,7873062
836,84,6,782,2,29.9,416203,7873062
837,84,7,782,2,42.7,416203,7873062
838,84,8,782,2,61.0,416203,7873062
839,84,9,782,2,87.4,416203,7873062
840,84,10,782,2,125.0,416203,7873062
841,85,1,948,6,5.0,1102116,3964761
842,85,2,948,6,7.1,1102116,3964761
843,85,3,948,6,10.2,1102116,3964761
844,85,4,948,6,14.6,1102116,3964761
845,85,5,948,6,20.9,1102116,3964761
846,85,6,948,6,29.9,1102116,3964761
847,85,7,948,6,42.7,1102116,3964761
848,85,8,948,6,61.0,1102116,3964761
849,85,9,948,6,87.4,1102116,3964761
850,85,10,948,6,125.0,1102116,3964761
851,86,1,945,7,5.0,829011,2599119
852,86,2,945,7,7.1,829011,2599119
853,86,3,945,7,10.2,829011,2599119
854,86,4,945,7,14.6,829011,2599119
855,86,5,945,7,20.9,829011,2599119
856,86,6,945,7,29.9,829011,2599119
857,86,7,945,7,42.7,829011,2599119
858,86,8,945,7,61.0,829011,2599119
859,86,9,945,7,87.4,829011,2599119
860,86,10,945,7,125.0,829011,2599119
861,87,1,120,3,5.0,918714,2820493
862,87,2,120,3,7.1,918714,2820493
863,87,3,120,3,10.2,918714,2820493
864,87,4,120,3,14.6,918714,2820493
865,87,5,120,3,20.9,918714,2820493
866,87,6,120,3,29.9,918714,2820493
867,87,7,120,3,42.7,918714,2820493
868,87,8,120,3,61.0,918714,2820493
869,87,9,120,3,87.4,918714,2820493
870,87,10,120,3,125.0,918714,2820493
871,88,1,574,8,5.0,109802,874266
872,88,2,574,8,7.1,109802,874266
873,88,3,574,8,10.2,109802,874266
874,88,4,574,8,14.6,109802,874266
875,88,5,574,8,20.9,109802,874266
876,88,6,574,8,29.9,109802,874266
877,88,7,574,8,42.7,109802,874266
878,88,8,574,8,61.0,109802,874266
879,88,9,574,8,87.4,109802,874266
880,88,10,574,8,125.0,109802,874266
881,89,1,301,8,5.0,124793,3805108
882,89,2,301,8,7.1,124793,3805108
883,89,3,301,8,10.2,124793,3805108
884,89,4,301,8,14.6,124793,3805108
885,89,5,301,8,20.9,124793,3805108
886,89,6,301,8,29.9,124793,3805108
887,89,7,301,8,42.7,124793,3805108
888,89,8,301,8,61.0,124793,3805108
889,89,9,301,8,87.4,124793,3805108
890,89,10,301,8,125.0,124793,3805108
891,90,1,396,7,5.0,222489,4978659
892,90,2,396,7,7.1,222489,4978659
893,90,3,396,7,10.2,222489,4978659
894,90,4,396,7,14.6,222489,4978659
895,90,5,396,7,20.9,222489,4978659
896,90,6,396,7,29.9,222489,4978659
897,90,7,396,7,42.7,222489,4978659
898,90,8,396,7,61.0,222489,4978659
899,90,9,396,7,87.4,222489,4978659
900,90,10,396,7,125.0,222489,4978659
901,91,1,144,5,5.0,736515,7713830
902,91,2,144,5,7.1,736515,7713830
903,91,3,144,5,10.2,736515,7713830
904,91,4,144,5,14.6,736515,7713830
905,91,5,144,5,20.9,736515,7713830
906,91,6,144,5,29.9,736515,7713830
907,91,7,144,5,42.7,736515,7713830
908,91,8,144,5,61.0,736515,7713830
909,91,9,144,5,87.4,736515,7713830
910,91,10,144,5,125.0,736515,7713830
911,92,1,662,4,5.0,103542,6259861
912,92,2,662,4,7.1,103542,6259861
913,92,3,662,4,10.2,103542,6259861
914,92,4,662,4,14.6,103542,6259861
915,92,5,662,4,20.9,103542,6259861
916,92,6,662,4,29.9,103542,6259861
917,92,7,662,4,42.7,103542,6259861
918,92,8,662,4,61.0,103542,6259861
919,92,9,662,4,87.4,103542,6259861
920,92,10,662,4,125.0,103542,6259861
921,93,1,162,6,5.0,653866,7977897
922,93,2,162,6,7.1,653866,7977897
923,93,3,162,6,10.2,653866,7977897
924,93,4,162,6,14.6,653866,7977897
925,93,5,162,6,20.9,653866,7977897
926,93,6,162,6,29.9,653866,7977897
927,93,7,162,6,42.7,653866,7977897
928,93,8,162,6,61.0,653866,7977897
929,93,9,162,6,87.4,653866,7977897
930,93,10,162,6,125.0,653866,7977897
931,94,1,153,8,5.0,541337,1076629
932,94,2,153,8,7.1,541337,1076629
933,94,3,153,8,10.2,541337,1076629
934,94,4,153,8,14.6,541337,1076629
935,94,5,153,8,20.9,541337,1076629
936,94,6,153,8,29.9,541337,1076629
937,94,7,153,8,42.7,541337,1076629
938,94,8,153,8,61.0,541337,1076629
939,94,9,153,8,87.4,541337,1076629
940,94,10,153,8,125.0,541337,1076629
941,95,1,440,4,5.0,966243,3484389
942,95,2,440,4,7.1,966243,3484389
943,95,3,440,4,10.2,966243,3484389
944,95,4,440,4,14.6,966243,3484389
945,95,5,440,4,20.9,966243,3484389
946,95,6,440,4,29.9,966243,3484389
947,95,7,440,4,42.7,966243,3484389
948,95,8,440,4,61.0,966243,3484389
949,95,9,440,4,87.4,966243,3484389
950,95,10,440,4,125.0,966243,3484389
951,96,1,155,7,5.0,878853,2674948
952,96,2,155,7,7.1,878853,2674948
953,96,3,155,7,10.2,878853,2674948
954,96,4,155,7,14.6,878853,2674948
955,96,5,155,7,20.9,878853,2674948
956,96,6,155,7,29.9,878853,2674948
957,96,7,155,7,42.7,878853,2674948
958,96,8,155,7,61.0,878853,2674948
959,96,9,155,7,87.4,878853,2674948
960,96,10,155,7,125.0,878853,2674948
961,97,1,613,3,5.0,393902,2016547
962,97,2,613,3,7.1,393902,2016547
963,97,3,613,3,10.2,393902,2016547
964,97,4,613,3,14.6,393902,2016547
965,97,5,613,3,20.9,393902,2016547
966,97,6,613,3,29.9,393902,2016547
967,97,7,613,3,42.7,393902,2016547
968,97,8,613,3,61.0,393902,2016547
969,97,9,613,3,87.4,393902,2016547
970,97,10,613,3,125.0,393902,2016547
971,98,1,530,8,5.0,1098735,4618356
972,98,2,530,8,7.1,1098735,4618356
973,98,3,530,8,10.2,1098735,4618356
974,98,4,530,8,14.6,1098735,4618356
975,98,5,530,8,20.9,1098735,4618356
976,98,6,530,8,29.9,1098735,4618356
977,98,7,530,8,42.7,1098735,4618356
978,98,8,530,8,61.0,1098735,4618356
979,98,9,530,8,87.4,1098735,4618356
980,98,10,530,8,125.0,1098735,4618356
981,99,1,990,3,5.0,625697,7489363
982,99,2,990,3,7.1,625697,7489363
983,99,3,990,3,10.2,625697,7489363
984,99,4,990,3,14.6,625697,7489363
985,99,5,990,3,20.9,625697,7489363
986,99,6,990,3,29.9,625697,7489363
987,99,7,990,3,42.7,625697,7489363
988,99,8,990,3,61.0,625697,7489363
989,99,9,990,3,87.4,625697,7489363
990,99,10,990,3,125.0,625697,7489363
991,100,1,111,7,5.0,901370,2165039
992,100,2,111,7,7.1,901370,2165039
993,100,3,111,7,10.2,901370,2165039
994,100,4,111,7,14.6,901370,2165039
995,100,5,111,7,20.9,901370,2165039
996,100,6,111,7,29.9,901370,2165039
997,100,7,111,7,42.7,901370,2165039
998,100,8,111,7,61.0,901370,2165039
999,100,9,111,7,87.4,901370,2165039
1000,100,10,111,7,125.0,901370,2165039
1001,101,1,720,4,5.0,218275,4426223
1002,101,2,720,4,7.1,218275,4426223
1003,101,3,720,4,10.2,218275,4426223
1004,101,4,720,4,14.6,218275,4426223
1005,101,5,720,4,20.9,218275,4426223
1006,101,6,720,4,29.9,218275,4426223
1007,101,7,720,4,42.7,218275,4426223
1008,101,8,720,4,61.0,218275,4426223
1009,101,9,720,4,87.4,218275,4426223
1010,101,10,720,4,125.0,218275,4426223
1011,102,1,887,5,5.0,554442,3210555
1012,102,2,887,5,7.1,554442,3210555
1013,102,3,887,5,10.2,554442,3210555
1014,102,4,887,5,14.6,554442,3210555
1015,102,5,887,5,20.9,554442,3210555
1016,102,6,887,5,29.9,554442,3210555
1017,102,7,887,5,42.7,554442,3210555
1018,102,8,887,5,61.0,554442,3210555
1019,102,9,887,5,87.4,554442,3210555
1020,102,10,887,5,125.0,554442,3210555
1021,103,1,741,5,5.0,427985,6135317
1022,103,2,741,5,7.1,427985,6135317
1023,103,3,741,5,10.2,427985,6135317
1024,103,4,741,5,14.6,427985,6135317
1025,103,5,741,5,20.9,427985,6135317
1026,103,6,741,5,29.9,427985,6135317
1027,103,7,741,5,42.7,427985,6135317
1028,103,8,741,5,61.0,427985,6135317
1029,103,9,741,5,87.4,427985,6135317
1030,103,10,741,5,125.0,427985,6135317
1031,104,1,429,4,5.0,543574,3645522
1032,104,2,429,4,7.1,543574,3645522
1033,104,3,429,4,10.2,543574,3645522
1034,104,4,429,4,14.6,543574,3645522
1035,104,5,429,4,20.9,543574,3645522
1036,104,6,429,4,29.9,543574,3645522
1037,104,7,429,4,42.7,543574,3645522
1038,104,8,429,4,61.0,543574,3645522
1039,104,9,429,4,87.4,543574,3645522
1040,104,10,429,4,125.0,543574,3645522
1041,105,1,900,6,5.0,1105037,4657678
1042,105,2,900,6,7.1,1105037,4657678
1043,105,3,900,6,10.2,1105037,4657678
1044,105,4,900,6,14.6,1105037,4657678
1045,105,5,900,6,20.9,1105037,4657678
1046,105,6,900,6,29.9,1105037,4657678
1047,105,7,900,6,42.7,1105037,4657678
1048,105,8,900,6,61.0,1105037,4657678
1049,105,9,900,6,87.4,1105037,4657678
1050,105,10,900,6,125.0,1105037,4657678
1051,106,1,423,3,5.0,956458,1985502
1052,106,2,423,3,7.1,956458,1985502
1053,106,3,423,3,10.2,956458,1985502
1054,106,4,423,3,14.6,956458,1985502
1055,106,5,423,3,20.9,956458,1985502
1056,106,6,423,3,29.9,956458,1985502
1057,106,7,423,3,42.7,956458,1985502
1058,106,8,423,3,61.0,956458,1985502
1059,106,9,423,3,87.4,956458,1985502
1060,106,10,423,3,125.0,956458,1985502
1061,107,1,869,3,5.0,1071557,2325030
1062,107,2,869,3,7.1,1071557,2325030
1063,107,3,869,3,10.2,1071557,2325030
1064,107,4,869,3,14.6,1071557,2325030
1065,107,5,869,3,20.9,1071557,2325030
1066,107,6,869,3,29.9,1071557,2325030
1067,107,7,869,3,42.7,1071557,2325030
1068,107,8,869,3,61.0,1071557,2325030
1069,107,9,869,3,87.4,1071557,2325030
1070,107,10,869,3,125.0,1071557,2325030
1071,108,1,914,7,5.0,459582,798328
1072,108,2,914,7,7.1,459582,798328
1073,108,3,914,7,10.2,459582,798328
1074,108,4,914,7,14.6,459582,798328
1075,108,5,914,7,20.9,459582,798328
1076,108,6,914,7,29.9,459582,798328
1077,108,7,914,7,42.7,459582,798328
1078,108,8,914,7,61.0,459582,798328
1079,108,9,914,7,87.4,459582,798328
1080,108,10,914,7,125.0,459582,798328
1081,109,1,776,4,5.0,356555,4899302
1082,109,2,776,4,7.1,356555,4899302
1083,109,3,776,4,10.2,356555,4899302
1084,109,4,776,4,14.6,356555,4899302
1085,109,5,776,4,20.9,356555,4899302
1086,109,6,776,4,29.9,356555,4899302
1087,109,7,776,4,42.7,356555,4899302
1088,109,8,776,4,61.0,356555,4899302
1089,109,9,776,4,87.4,356555,4899302
1090,109,10,776,4,125.0,356555,4899302
1091,110,1,170,3,5.0,1079442,4649627
1092,110,2,170,3,7.1,1079442,4649627
1093,110,3,170,3,10.2,1079442,4649627
1094,110,4,170,3,14.6,1079442,4649627
1095,110,5,170,3,20.9,1079442,4649627
1096,110,6,170,3,29.9,1079442,4649627
1097,110,7,170,3,42.7,1079442,4649627
1098,110,8,170,3,61.0,1079442,4649627
1099,110,9,170,3,87.4,1079442,4649627
1100,110,10,170,3,125.0,1079442,4649627
1101,111,1,199,6,5.0,330337,6019297
1102,111,2,199,6,7.1,330337,6019297
1103,111,3,199,6,10.2,330337,6019297
1104,111,4,199,6,14.6,330337,6019297
1105,111,5,199,6,20.9,330337,6019297
1106,111,6,199,6,29.9,330337,6019297
1107,111,7,199,6,42.7,330337,6019297
1108,111,8,199,6,61.0,330337,6019297
1109,111,9,199,6,87.4,330337,6019297
1110,111,10,199,6,125.0,330337,6019297
1111,112,1,569,6,5.0,132204,7633868
1112,112,2,569,6,7.1,132204,7633868
1113,112,3,569,6,10.2,132204,7633868
1114,112,4,569,6,14.6,132204,7633868
1115,112,5,569,6,20.9,132204,7633868
1116,112,6,569,6,29.9,132204,7633868
1117,112,7,569,6,42.7,132204,7633868
1118,112,8,569,6,61.0,132204,7633868
1119,112,9,569,6,87.4,132204,7633868
1120,112,10,569,6,125.0,132204,7633868
1121,113,1,297,4,5.0,510042,7802290
1122,113,2,297,4,7.1,510042,7802290
1123,113,3,297,4,10.2,510042,7802290
1124,113,4,297,4,14.6,510042,7802290
1125,113,5,297,4,20.9,510042,7802290
1126,113,6,297,4,29.9,510042,7802290
1127,113,7,297,4,42.7,510042,7802290
1128,113,8,297,4,61.0,510042,7802290
1129,113,9,297,4,87.4,510042,7802290
1130,113,10,297,4,125.0,510042,7802290
1131,114,1,236,3,5.0,233308,2755253
1132,114,2,236,3,7.1,233308,2755253
1133,114,3,236,3,10.2,233308,2755253
1134,114,4,236,3,14.6,233308,2755253
1135,114,5,236,3,20.9,233308,2755253
1136,114,6,236,3,29.9,233308,2755253
1137,114,7,236,3,42.7,233308,2755253
1138,114,8,236,3,61.0,233308,2755253
1139,114,9,236,3,87.4,233308,2755253
1140,114,10,236,3,125.0,233308,2755253
1141,115,1,693,6,5.0,313310,3455741
1142,115,2,693,6,7.1,313310,3455741
1143,115,3,693,6,10.2,313310,3455741
1144,115,4,693,6,14.6,313310,3455741
1145,115,5,693,6,20.9,313310,3455741
1146,115,6,693,6,29.9,313310,3455741
1147,115,7,693,6,42.7,313310,3455741
1148,115,8,693,6,61.0,313310,3455741
1149,115,9,693,6,87.4,313310,3455741
1150,115,10,693,6,125.0,313310,3455741
1151,116,1,669,2,5.0,923356,530268
1152,116,2,669,2,7.1,923356,530268
1153,116,3,669,2,10.2,923356,530268
1154,116,4,669,2,14.6,923356,530268
1155,116,5,669,2,20.9,923356,530268
1156,116,6,669,2,29.9,923356,530268
1157,116,7,669,2,42.7,923356,530268
1158,116,8,669,2,61.0,923356,530268
1159,116,9,669,2,87.4,923356,530268
1160,116,10,669,2,125.0,923356,530268
1161,117,1,448,3,5.0,111694,7118183
1162,117,2,448,3,7.1,111694,7118183
1163,117,3,448,3,10.2,111694,7118183
1164,117,4,448,3,14.6,111694,7118183
1165,117,5,448,3,20.9,111694,7118183
1166,117,6,448,3,29.9,111694,7118183
1167,117,7,448,3,42.7,111694,7118183
1168,117,8,448,3,61.0,111694,7118183
1169,117,9,448,3,87.4,111694,7118183
1170,117,10,448,3,125.0,111694,7118183
1171,118,1,267,3,5.0,727643,6078227
1172,118,2,267,3,7.1,727643,6078227
1173,118,3,267,3,10.2,727643,6078227
1174,118,4,267,3,14.6,727643,6078227
1175,118,5,267,3,20.9,727643,6078227
1176,118,6,267,3,29.9,727643,6078227
1177,118,7,267,3,42.7,727643,6078227
1178,118,8,267,3,61.0,727643,6078227
1179,118,9,267,3,87.4,727643,6078227
1180,118,10,267,3,125.0,727643,6078227
1181,119,1,928,4,5.0,604298,3884319
1182,119,2,928,4,7.1,604298,3884319
1183,119,3,928,4,10.2,604298,3884319
1184,119,4,928,4,14.6,604298,3884319
1185,119,5,928,4,20.9,604298,3884319
1186,119,6,928,4,29.9,604298,3884319
1187,119,7,928,4,42.7,604298,3884319
1188,119,8,928,4,61.0,604298,3884319
1189,119,9,928,4,87.4,604298,3884319
1190,119,10,928,4,125.0,604298,3884319
1191,120,1,766,7,5.0,798663,7949417
1192,120,2,766,7,7.1,798663,7949417
1193,120,3,766,7,10.2,798663,7949417
1194,120,4,766,7,14.6,798663,7949417
1195,120,5,766,7,20.9,798663,7949417
1196,120,6,766,7,29.9,798663,7949417
1197,120,7,766,7,42.7,798663,7949417
1198,120,8,766,7,61.0,798663,7949417
1199,120,9,766,7,87.4,798663,7949417
1200,120,10,766,7,125.0,798663,7949417
1201,121,1,86,2,5.0,300907,2913285
1202,121,2,86,2,7.1,300907,2913285
1203,121,3,86,2,10.2,300907,2913285
1204,121,4,86,2,14.6,300907,2913285
1205,121,5,86,2,20.9,300907,2913285
1206,121,6,86,2,29.9,300907,2913285
1207,121,7,86,2,42.7,300907,2913285
1208,121,8,86,2,61.0,300907,2913285
1209,121,9,86,2,87.4,300907,2913285
1210,121,10,86,2,125.0,300907,2913285
1211,122,1,338,3,5.0,742603,5594567
1212,122,2,338,3,7.1,742603,5594567
1213,122,3,338,3,10.2,742603,5594567
1214,122,4,338,3,14.6,742603,5594567
1215,122,5,338,3,20.9,742603,5594567
1216,122,6,338,3,29.9,742603,5594567
1217,122,7,338,3,42.7,742603,5594567
1218,122,8,338,3,61.0,742603,5594567
1219,122,9,338,3,87.4,742603,5594567
1220,122,10,338,3,125.0,742603,5594567
1221,123,1,956,3,5.0,1118010,1467651
1222,123,2,956,3,7.1,1118010,1467651
1223,123,3,956,3,10.2,1118010,1467651
1224,123,4,956,3,14.6,1118010,1467651
1225,123,5,956,3,20.9,1118010,1467651
1226,123,6,956,3,29.9,1118010,1467651
1227,123,7,956,3,42.7,1118010,1467651
1228,123,8,956,3,61.0,1118010,1467651
1229,123,9,956,3,87.4,1118010,1467651
1230,123,10,956,3,125.0,1118010,1467651
1231,124,1,759,4,5.0,288973,5169495
1232,124,2,759,4,7.1,288973,5169495
1233,124,3,759,4,10.2,288973,5169495
1234,124,4,759,4,14.6,288973,5169495
1235,124,5,759,4,20.9,288973,5169495
1236,124,6,759,4,29.9,288973,5169495
1237,124,7,759,4,42.7,288973,5169495
1238,124,8,759,4,61.0,288973,5169495
1239,124,9,759,4,87.4,288973,5169495
1240,124,10,759,4,125.0,288973,5169495
1241,125,1,544,6,5.0,732235,1872344
1242,125,2,544,6,7.1,732235,1872344
1243,125,3,544,6,10.2,732235,1872344
1244,125,4,544,6,14.6,732235,1872344
1245,125,5,544,6,20.9,732235,1872344
1246,125,6,544,6,29.9,732235,1872344
1247,125,7,544,6,42.7,732235,1872344
1248,125,8,544,6,61.0,732235,1872344
1249,125,9,544,6,87.4,732235,1872344
1250,125,10,544,6,125.0,732235,1872344
1251,126,1,716,4,5.0,1135398,5288526
1252,126,2,716,4,7.1,1135398,5288526
1253,126,3,716,4,10.2,1135398,5288526
1254,126,4,716,4,14.6,1135398,5288526
1255,126,5,716,4,20.9,1135398,5288526
1256,126,6,716,4,29.9,1135398,5288526
1257,126,7,716,4,42.7,1135398,5288526
1258,126,8,716,4,61.0,1135398,5288526
1259,126,9,716,4,87.4,1135398,5288526
1260,126,10,716,4,125.0,1135398,5288526
1261,127,1,671,6,5.0,267508,2498978
1262,127,2,671,6,7.1,267508,2498978
1263,127,3,671,6,10.2,267508,2498978
1264,127,4,671,6,14.6,267508,2498978
1265,127,5,671,6,20.9,267508,2498978
1266,127,6,671,6,29.9,267508,2498978
1267,127,7,671,6,42.7,267508,2498978
1268,127,8,671,6,61.0,267508,2498978
1269,127,9,671,6,87.4,267508,2498978
1270,127,10,671,6,125.0,267508,2498978
1271,128,1,434,6,5.0,709298,6394202
1272,128,2,434,6,7.1,709298,6394202
1273,128,3,434,6,10.2,709298,6394202
1274,128,4,434,6,14.6,709298,6394202
1275,128,5,434,6,20.9,709298,6394202
1276,128,6,434,6,29.9,709298,6394202
1277,128,7,434,6,42.7,709298,6394202
1278,128,8,434,6,61.0,709298,6394202
1279,128,9,434,6,87.4,709298,6394202
1280,128,10,434,6,125.0,709298,6394202
1281,129,1,32,6,5.0,586809,1200154
1282,129,2,32,6,7.1,586809,1200154
1283,129,3,32,6,10.2,586809,1200154
1284,129,4,32,6,14.6,586809,1200154
1285,129,5,32,6,20.9,586809,1200154
1286,129,6,32,6,29.9,586809,1200154
1287,129,7,32,6,42.7,586809,1200154
1288,129,8,32,6,61.0,586809,1200154
1289,129,9,32,6,87.4,586809,1200154
1290,129,10,32,6,125.0,586809,1200154
1291,130,1,73,8,5.0,1137670,5324555
1292,130,2,73,8,7.1,1137670,5324555
1293,130,3,73,8,10.2,1137670,5324555
1294,130,4,73,8,14.6,1137670,5324555
1295,130,5,73,8,20.9,1137670,5324555
1296,130,6,73,8,29.9,1137670,5324555
1297,130,7,73,8,42.7,1137670,5324555
1298,130,8,73,8,61.0,1137670,5324555
1299,130,9,73,8,87.4,1137670,5324555
1300,130,10,73,8,125.0,1137670,5324555
1301,131,1,979,6,5.0,304275,4165351
1302,131,2,979,6,7.1,304275,4165351
1303,131,3,979,6,10.2,304275,4165351
1304,131,4,979,6,14.6,304275,4165351
1305,131,5,979,6,20.9,304275,4165351
1306,131,6,979,6,29.9,304275,4165351
1307,131,7,979,6,42.7,304275,4165351
1308,131,8,979,6,61.0,304275,4165351
1309,131,9,979,6,87.4,304275,4165351
1310,131,10,979,6,125.0,304275,4165351
1311,132,1,935,6,5.0,987351,6964607
1312,132,2,935,6,7.1,987351,6964607
1313,132,3,935,6,10.2,987351,6964607
1314,132,4,935,6,14.6,987351,6964607
1315,132,5,935,6,20.9,987351,6964607
1316,132,6,935,6,29.9,987351,6964607
1317,132,7,935,6,42.7,987351,6964607
1318,132,8,935,6,61.0,987351,6964607
1319,132,9,935,6,87.4,987351,6964607
1320,132,10,935,6,125.0,987351,6964607
1321,133,1,206,4,5.0,1093404,5572130
1322,133,2,206,4,7.1,1093404,5572130
1323,133,3,206,4,10.2,1093404,5572130
1324,133,4,206,4,14.6,1093404,5572130
1325,133,5,206,4,20.9,1093404,5572130
1326,133,6,206,4,29.9,1093404,5572130
1327,133,7,206,4,42.7,1093404,5572130
1328,133,8,206,4,61.0,1093404,5572130
1329,133,9,206,4,87.4,1093404,5572130
1330,133,10,206,4,125.0,1093404,5572130
1331,134,1,851,6,5.0,1020414,460080
1332,134,2,851,6,7.1,1020414,460080
1333,134,3,851,6,10.2,1020414,460080
1334,134,4,851,6,14.6,1020414,460080
1335,134,5,851,6,20.9,1020414,460080
1336,134,6,851,6,29.9,1020414,460080
1337,134,7,851,6,42.7,1020414,460080
1338,134,8,851,6,61.0,1020414,460080
1339,134,9,851,6,87.4,1020414,460080
1340,134,10,851,6,125.0,1020414,460080
1341,135,1,923,7,5.0,804969,6362730
1342,135,2,923,7,7.1,804969,6362730
1343,135,3,923,7,10.2,804969,6362730
1344,135,4,923,7,14.6,804969,6362730
1345,135,5,923,7,20.9,804969,6362730
1346,135,6,923,7,29.9,804969,6362730
1347,135,7,923,7,42.7,804969,6362730
1348,135,8,923,7,61.0,804969,6362730
1349,135,9,923,7,87.4,804969,6362730
1350,135,10,923,7,125.0,804969,6362730
1351,136,1,242,7,5.0,793672,2274167
1352,136,2,242,7,7.1,793672,2274167
1353,136,3,242,7,10.2,793672,2274167
1354,136,4,242,7,14.6,793672,2274167
1355,136,5,242,7,20.9,793672,2274167
1356,136,6,242,7,29.9,793672,2274167
1357,136,7,242,7,42.7,793672,2274167
1358,136,8,242,7,61.0,793672,2274167
1359,136,9,242,7,87.4,793672,2274167
1360,136,10,242,7,125.0,793672,2274167
1361,137,1,344,2,5.0,1046106,3685562
1362,137,2,344,2,7.1,1046106,3685562
1363,137,3,344,2,10.2,1046106,3685562
1364,137,4,344,2,14.6,1046106,3685562
1365,137,5,344,2,20.9,1046106,3685562
1366,137,6,344,2,29.9,1046106,3685562
1367,137,7,344,2,42.7,1046106,3685562
1368,137,8,344,2,61.0,1046106,3685562
1369,137,9,344,2,87.4,1046106,3685562
1370,137,10,344,2,125.0,1046106,3685562
1371,138,1,158,5,5.0,214456,4769636
1372,138,2,158,5,7.1,214456,4769636
1373,138,3,158,5,10.2,214456,4769636
1374,138,4,158,5,14.6,214456,4769636
1375,138,5,158,5,20.9,214456,4769636
1376,138,6,158,5,29.9,214456,4769636
1377,138,7,158,5,42.7,214456,4769636
1378,138,8,158,5,61.0,214456,4769636
1379,138,9,158,5,87.4,214456,4769636
1380,138,10,158,5,125.0,214456,4769636
1381,139,1,472,7,5.0,294506,3439131
1382,139,2,472,7,7.1,294506,3439131
1383,139,3,472,7,10.2,294506,3439131
1384,139,4,472,7,14.6,294506,3439131
1385,139,5,472,7,20.9,294506,3439131
1386,139,6,472,7,29.9,294506,3439131
1387,139,7,472,7,42.7,294506,3439131
1388,139,8,472,7,61.0,294506,3439131
1389,139,9,472,7,87.4,294506,3439131
1390,139,10,472,7,125.0,294506,3439131
1391,140,1,503,5,5.0,1051958,7084682
1392,140,2,503,5,7.1,1051958,7084682
1393,140,3,503,5,10.2,1051958,7084682
1394,140,4,503,5,14.6,1051958,7084682
1395,140,5,503,5,20.9,1051958,7084682
1396,140,6,503,5,29.9,1051958,7084682
1397,140,7,503,5,42.7,1051958,7084682
1398,140,8,503,5,61.0,1051958,7084682
1399,140,9,503,5,87.4,1051958,7084682
1400,140,10,503,5,125.0,1051958,7084682
1401,141,1,821,5,5.0,1112297,3280514
1402,141,2,821,5,7.1,1112297,3280514
1403,141,3,821,5,10.2,1112297,3280514
1404,141,4,821,5,14.6,1112297,3280514
1405,141,5,821,5,20.9,1112297,3280514
1406,141,6,821,5,29.9,1112297,3280514
1407,141,7,821,5,42.7,1112297,3280514
1408,141,8,821,5,61.0,1112297,3280514
1409,141,9,821,5,87.4,1112297,3280514
1410,141,10,821,5,125.0,1112297,3280514
1411,142,1,110,4,5.0,192223,6823941
1412,142,2,110,4,7.1,192223,6823941
1413,142,3,110,4,10.2,192223,6823941
1414,142,4,110,4,14.6,192223,6823941
1415,142,5,110,4,20.9,192223,6823941
1416,142,6,110,4,29.9,192223,6823941
1417,142,7,110,4,42.7,192223,6823941
1418,142,8,110,4,61.0,192223,6823941
1419,142,9,110,4,87.4,192223,6823941
1420,142,10,110,4,125.0,192223,6823941
1421,143,1,883,5,5.0,823844,1584847
1422,143,2,883,5,7.1,823844,1584847
1423,143,3,883,5,10.2,823844,1584847
1424,143,4,883,5,14.6,823844,1584847
1425,143,5,883,5,20.9,823844,1584847
1426,143,6,883,5,29.9,823844,1584847
1427,143,7,883,5,42.7,823844,1584847
1428,143,8,883,5,61.0,823844,1584847
1429,143,9,883,5,87.4,823844,1584847
1430,143,10,883,5,125.0,823844,1584847
1431,144,1,658,3,5.0,949442,1690806
1432,144,2,658,3,7.1,949442,1690806
1433,144,3,658,3,10.2,949442,1690806
1434,144,4,658,3,14.6,949442,1690806
1435,144,5,658,3,20.9,949442,1690806
1436,144,6,658,3,29.9,949442,1690806
1437,144,7,658,3,42.7,949442,1690806
1438,144,8,658,3,61.0,949442,1690806
1439,144,9,658,3,87.4,949442,1690806
1440,144,10,658,3,125.0,949442,1690806
1441,145,1,723,2,5.0,916560,6727167
1442,145,2,723,2,7.1,916560,6727167
1443,145,3,723,2,10.2,916560,6727167
1444,145,4,723,2,14.6,916560,6727167
1445,145,5,723,2,20.9,916560,6727167
1446,145,6,723,2,29.9,916560,6727167
1447,145,7,723,2,42.7,916560,6727167
1448,145,8,723,2,61.0,916560,6727167
1449,145,9,723,2,87.4,916560,6727167
1450,145,10,723,2,125.0,916560,6727167
1451,146,1,315,7,5.0,1015407,4833322
1452,146,2,315,7,7.1,1015407,4833322
1453,146,3,315,7,10.2,1015407,4833322
1454,146,4,315,7,14.6,1015407,4833322
1455,146,5,315,7,20.9,1015407,4833322
1456,146,6,315,7,29.9,1015407,4833322
1457,146,7,315,7,42.7,1015407,4833322
1458,146,8,315,7,61.0,1015407,4833322
1459,146,9,315,7,87.4,1015407,4833322
1460,146,10,315,7,125.0,1015407,4833322
1461,147,1,829,7,5.0,391716,4154663
1462,147,2,829,7,7.1,391716,4154663
1463,147,3,829,7,10.2,391716,4154663
1464,147,4,829,7,14.6,391716,4154663
1465,147,5,829,7,20.9,391716,4154663
1466,147,6,829,7,29.9,391716,4154663
1467,147,7,829,7,42.7,391716,4154663
1468,147,8,829,7,61.0,391716,4154663
1469,147,9,829,7,87.4,391716,4154663
1470,147,10,829,7,125.0,391716,4154663
1471,148,1,846,5,5.0,502650,6597787
1472,148,2,846,5,7.1,502650,6597787
1473,148,3,846,5,10.2,502650,6597787
1474,148,4,846,5,14.6,502650,6597787
1475,148,5,846,5,20.9,502650,6597787
1476,148,6,846,5,29.9,502650,6597787
1477,148,7,846,5,42.7,502650,6597787
1478,148,8,846,5,61.0,502650,6597787
1479,148,9,846,5,87.4,502650,6597787
1480,148,10,846,5,125.0,502650,6597787
1481,149,1,501,2,5.0,660148,597832
1482,149,2,501,2,7.1,660148,597832
1483,149,3,501,2,10.2,660148,597832
1484,149,4,501,2,14.6,660148,597832
1485,149,5,501,2,20.9,660148,597832
1486,149,6,501,2,29.9,660148,597832
1487,149,7,501,2,42.7,660148,597832
1488,149,8,501,2,61.0,660148,597832
1489,149,9,501,2,87.4,660148,597832
1490,149,10,501,2,125.0,660148,597832
1491,150,1,408,6,5.0,744358,2087706
1492,150,2,408,6,7.1,744358,2087706
1493,150,3,408,6,10.2,744358,2087706
1494,150,4,408,6,14.6,744358,2087706
1495,150,5,408,6,20.9,744358,2087706
1496,150,6,408,6,29.9,744358,2087706
1497,150,7,408,6,42.7,744358,2087706
1498,150,8,408,6,61.0,744358,2087706
1499,150,9,408,6,87.4,744358,2087706
1500,150,10,408,6,125.0,744358,2087706
1501,151,1,372,4,5.0,839325,3193563
1502,151,2,372,4,7.1,839325,3193563
1503,151,3,372,4,10.2,839325,3193563
1504,151,4,372,4,14.6,839325,3193563
1505,151,5,372,4,20.9,839325,3193563
1506,151,6,372,4,29.9,839325,3193563
1507,151,7,372,4,42.7,839325,3193563
1508,151,8,372,4,61.0,839325,3193563
1509,151,9,372,4,87.4,839325,3193563
1510,151,10,372,4,125.0,839325,3193563
1511,152,1,346,7,5.0,100369,480736
1512,152,2,346,7,7.1,100369,480736
1513,152,3,346,7,10.2,100369,480736
1514,152,4,346,7,14.6,100369,480736
1515,152,5,346,7,20.9,100369,480736
1516,152,6,346,7,29.9,100369,480736
1517,152,7,346,7,42.7,100369,480736
1518,152,8,346,7,61.0,100369,480736
1519,152,9,346,7,87.4,100369,480736
1520,152,10,346,7,125.0,100369,480736
1521,153,1,909,5,5.0,351365,3358417
1522,153,2,909,5,7.1,351365,3358417
1523,153,3,909,5,10.2,351365,3358417
1524,153,4,909,5,14.6,351365,3358417
1525,153,5,909,5,20.9,351365,3358417
1526,153,6,909,5,29.9,351365,3358417
1527,153,7,909,5,42.7,351365,3358417
1528,153,8,909,5,61.0,351365,3358417
1529,153,9,909,5,87.4,351365,3358417
1530,153,10,909,5,125.0,351365,3358417
1531,154,1,518,7,5.0,713907,6816403
1532,154,2,518,7,7.1,713907,6816403
1533,154,3,518,7,10.2,713907,6816403
1534,154,4,518,7,14.6,713907,6816403
1535,154,5,518,7,20.9,713907,6816403
1536,154,6,518,7,29.9,713907,6816403
1537,154,7,518,7,42.7,713907,6816403
1538,154,8,518,7,61.0,713907,6816403
1539,154,9,518,7,87.4,713907,6816403
1540,154,10,518,7,125.0,713907,6816403
1541,155,1,611,3,5.0,406565,4495167
1542,155,2,611,3,7.1,406565,4495167
1543,155,3,611,3,10.2,406565,4495167
1544,155,4,611,3,14.6,406565,4495167
1545,155,5,611,3,20.9,406565,4495167
1546,155,6,611,3,29.9,406565,4495167
1547,155,7,611,3,42.7,406565,4495167
1548,155,8,611,3,61.0,406565,4495167
1549,155,9,611,3,87.4,406565,4495167
1550,155,10,611,3,125.0,406565,4495167
1551,156,1,985,8,5.0,870460,3389597
1552,156,2,985,8,7.1,870460,3389597
1553,156,3,985,8,10.2,870460,3389597
1554,156,4,985,8,14.6,870460,3389597
1555,156,5,985,8,20.9,870460,3389597
1556,156,6,985,8,29.9,870460,3389597
1557,156,7,985,8,42.7,870460,3389597
1558,156,8,985,8,61.0,870460,3389597
1559,156,9,985,8,87.4,870460,3389597
1560,156,10,985,8,125.0,870460,3389597
1561,157,1,462,8,5.0,1130029,2254688
1562,157,2,462,8,7.1,1130029,2254688
1563,157,3,462,8,10.2,1130029,2254688
1564,157,4,462,8,14.6,1130029,2254688
1565,157,5,462,8,20.9,1130029,2254688
1566,157,6,462,8,29.9,1130029,2254688
1567,157,7,462,8,42.7,1130029,2254688
1568,157,8,462,8,61.0,1130029,2254688
1569,157,9,462,8,87.4,1130029,2254688
1570,157,10,462,8,125.0,1130029,2254688
1571,158,1,920,3,5.0,571111,1262197
1572,158,2,920,3,7.1,571111,1262197
1573,158,3,920,3,10.2,571111,1262197
1574,158,4,920,3,14.6,571111,1262197
1575,158,5,920,3,20.9,571111,1262197
1576,158,6,920,3,29.9,571111,1262197
1577,158,7,920,3,42.7,571111,1262197
1578,158,8,920,3,61.0,571111,1262197
1579,158,9,920,3,87.4,571111,1262197
1580,158,10,920,3,125.0,571111,1262197
1581,159,1,875,3,5.0,284969,1642034
1582,159,2,875,3,7.1,284969,1642034
1583,159,3,875,3,10.2,284969,1642034
1584,159,4,875,3,14.6,284969,1642034
1585,159,5,875,3,20.9,284969,1642034
1586,159,6,875,3,29.9,284969,1642034
1587,159,7,875,3,42.7,284969,1642034
1588,159,8,875,3,61.0,284969,1642034
1589,159,9,875,3,87.4,284969,1642034
1590,159,10,875,3,125.0,284969,1642034
1591,160,1,624,3,5.0,680674,7660642
1592,160,2,624,3,7.1,680674,7660642
1593,160,3,624,3,10.2,680674,7660642
1594,160,4,624,3,14.6,680674,7660642
1595,160,5,624,3,20.9,680674,7660642
1596,160,6,624,3,29.9,680674,7660642
1597,160,7,624,3,42.7,680674,7660642
1598,160,8,624,3,61.0,680674,7660642
1599,160,9,624,3,87.4,680674,7660642
1600,160,10,624,3,125.0,680674,7660642
1601,161,1,685,4,5.0,779169,3347481
1602,161,2,685,4,7.1,779169,3347481
1603,161,3,685,4,10.2,779169,3347481
1604,161,4,685,4,14.6,779169,3347481
1605,161,5,685,4,20.9,779169,3347481
1606,161,6,685,4,29.9,779169,3347481
1607,161,7,685,4,42.7,779169,3347481
1608,161,8,685,4,61.0,779169,3347481
1609,161,9,685,4,87.4,779169,3347481
1610,161,10,685,4,125.0,779169,3347481
1611,162,1,915,3,5.0,68533,7042491
1612,162,2,915,3,7.1,68533,7042491
1613,162,3,915,3,10.2,68533,7042491
1614,162,4,915,3,14.6,68533,7042491
1615,162,5,915,3,20.9,68533,7042491
1616,162,6,915,3,29.9,68533,7042491
1617,162,7,915,3,42.7,68533,7042491
1618,162,8,915,3,61.0,68533,7042491
1619,162,9,915,3,87.4,68533,7042491
1620,162,10,915,3,125.0,68533,7042491
1621,163,1,168,7,5.0,599707,4109857
1622,163,2,168,7,7.1,599707,4109857
1623,163,3,168,7,10.2,599707,4109857
1624,163,4,168,7,14.6,599707,4109857
1625,163,5,168,7,20.9,599707,4109857
1626,163,6,168,7,29.9,599707,4109857
1627,163,7,168,7,42.7,599707,4109857
1628,163,8,168,7,61.0,599707,4109857
1629,163,9,168,7,87.4,599707,4109857
1630,163,10,168,7,125.0,599707,4109857
1631,164,1,851,5,5.0,272177,3577978
1632,164,2,851,5,7.1,272177,3577978
1633,164,3,851,5,10.2,272177,3577978
1634,164,4,851,5,14.6,272177,3577978
1635,164,5,851,5,20.9,272177,3577978
1636,164,6,851,5,29.9,272177,3577978
1637,164,7,851,5,42.7,272177,3577978
1638,164,8,851,5,61.0,272177,3577978
1639,164,9,851,5,87.4,272177,3577978
1640,164,10,851,5,125.0,272177,3577978
1641,165,1,764,7,5.0,907441,5095093
1642,165,2,764,7,7.1,907441,5095093
1643,165,3,764,7,10.2,907441,5095093
1644,165,4,764,7,14.6,907441,5095093
1645,165,5,764,7,20.9,907441,5095093
1646,165,6,764,7,29.9,907441,5095093
1647,165,7,764,7,42.7,907441,5095093
1648,165,8,764,7,61.0,907441,5095093
1649,165,9,764,7,87.4,907441,5095093
1650,165,10,764,7,125.0,907441,5095093
1651,166,1,713,5,5.0,970048,7440745
1652,166,2,713,5,7.1,970048,7440745
1653,166,3,713,5,10.2,970048,7440745
1654,166,4,713,5,14.6,970048,7440745
1655,166,5,713,5,20.9,970048,7440745
1656,166,6,713,5,29.9,970048,7440745
1657,166,7,713,5,42.7,970048,7440745
1658,166,8,713,5,61.0,970048,7440745
1659,166,9,713,5,87.4,970048,7440745
1660,166,10,713,5,125.0,970048,7440745
1661,167,1,126,6,5.0,1041769,851521
1662,167,2,126,6,7.1,1041769,851521
1663,167,3,126,6,10.2,1041769,851521
1664,167,4,126,6,14.6,1041769,851521
1665,167,5,126,6,20.9,1041769,851521
1666,167,6,126,6,29.9,1041769,851521
1667,167,7,126,6,42.7,1041769,851521
1668,167,8,126,6,61.0,1041769,851521
1669,167,9,126,6,87.4,1041769,851521
1670,167,10,126,6,125.0,1041769,851521
1671,168,1,75,4,5.0,667815,6648498
1672,168,2,75,4,7.1,667815,6648498
1673,168,3,75,4,10.2,667815,6648498
1674,168,4,75,4,14.6,667815,6648498
1675,168,5,75,4,20.9,667815,6648498
1676,168,6,75,4,29.9,667815,6648498
1677,168,7,75,4,42.7,667815,6648498
1678,168,8,75,4,61.0,667815,6648498
1679,168,9,75,4,87.4,667815,6648498
1680,168,10,75,4,125.0,667815,6648498
1681,169,1,548,5,5.0,473239,390126
1682,169,2,548,5,7.1,473239,390126
1683,169,3,548,5,10.2,473239,390126
1684,169,4,548,5,14.6,473239,390126
1685,169,5,548,5,20.9,473239,390126
1686,169,6,548,5,29.9,473239,390126
1687,169,7,548,5,42.7,473239,390126
1688,169,8,548,5,61.0,473239,390126
1689,169,9,548,5,87.4,473239,390126
1690,169,10,548,5,125.0,473239,390126
1691,170,1,310,3,5.0,1066981,2945118
1692,170,2,310,3,7.1,1066981,2945118
1693,170,3,310,3,10.2,1066981,2945118
1694,170,4,310,3,14.6,1066981,2945118
1695,170,5,310,3,20.9,1066981,2945118
1696,170,6,310,3,29.9,1066981,2945118
1697,170,7,310,3,42.7,1066981,2945118
1698,170,8,310,3,61.0,1066981,2945118
1699,170,9,310,3,87.4,1066981,2945118
1700,170,10,310,3,125.0,1066981,2945118
1701,171,1,780,3,5.0,820024,5229994
1702,171,2,780,3,7.1,820024,5229994
1703,171,3,780,3,10.2,820024,5229994
1704,171,4,780,3,14.6,820024,5229994
1705,171,5,780,3,20.9,820024,5229994
1706,171,6,780,3,29.9,820024,5229994
1707,171,7,780,3,42.7,820024,5229994
1708,171,8,780,3,61.0,820024,5229994
1709,171,9,780,3,87.4,820024,5229994
1710,171,10,780,3,125.0,820024,5229994
1711,172,1,254,3,5.0,881963,3516523
1712,172,2,254,3,7.1,881963,3516523
1713,172,3,254,3,10.2,881963,3516523
1714,172,4,254,3,14.6,881963,3516523
1715,172,5,254,3,20.9,881963,3516523
1716,172,6,254,3,29.9,881963,3516523
1717,172,7,254,3,42.7,881963,3516523
1718,172,8,254,3,61.0,881963,3516523
1719,172,9,254,3,87.4,881963,3516523
1720,172,10,254,3,125.0,881963,3516523
1721,173,1,54,7,5.0,643603,3716644
1722,173,2,54,7,7.1,643603,3716644
1723,173,3,54,7,10.2,643603,3716644
1724,173,4,54,7,14.6,643603,3716644
1725,173,5,54,7,20.9,643603,3716644
1726,173,6,54,7,29.9,643603,3716644
1727,173,7,54,7,42.7,643603,3716644
1728,173,8,54,7,61.0,643603,3716644
1729,173,9,54,7,87.4,643603,3716644
1730,173,10,54,7,125.0,643603,3716644
1731,174,1,69,3,5.0,78209,5252486
1732,174,2,69,3,7.1,78209,5252486
1733,174,3,69,3,10.2,78209,5252486
1734,174,4,69,3,14.6,78209,5252486
1735,174,5,69,3,20.9,78209,5252486
1736,174,6,69,3,29.9,78209,5252486
1737,174,7,69,3,42.7,78209,5252486
1738,174,8,69,3,61.0,78209,5252486
1739,174,9,69,3,87.4,78209,5252486
1740,174,10,69,3,125.0,78209,5252486
1741,175,1,800,5,5.0,1126653,2224583
1742,175,2,800,5,7.1,1126653,2224583
1743,175,3,800,5,10.2,1126653,2224583
1744,175,4,800,5,14.6,1126653,2224583
1745,175,5,800,5,20.9,1126653,2224583
1746,175,6,800,5,29.9,1126653,2224583
1747,175,7,800,5,42.7,1126653,2224583
1748,175,8,800,5,61.0,1126653,2224583
1749,175,9,800,5,87.4,1126653,2224583
1750,175,10,800,5,125.0,1126653,2224583
1751,176,1,970,6,5.0,495295,4276973
1752,176,2,970,6,7.1,495295,4276973
1753,176,3,970,6,10.2,495295,4276973
1754,176,4,970,6,14.6,495295,4276973
1755,176,5,970,6,20.9,495295,4276973
1756,176,6,970,6,29.9,495295,4276973
1757,176,7,970,6,42.7,495295,4276973
1758,176,8,970,6,61.0,495295,4276973
1759,176,9,970,6,87.4,495295,4276973
1760,176,10,970,6,125.0,495295,4276973
1761,177,1,231,5,5.0,1004855,6681273
1762,177,2,231,5,7.1,1004855,6681273
1763,177,3,231,5,10.2,1004855,6681273
1764,177,4,231,5,14.6,1004855,6681273
1765,177,5,231,5,20.9,1004855,6681273
1766,177,6,231,5,29.9,1004855,6681273
1767,177,7,231,5,42.7,1004855,6681273
1768,177,8,231,5,61.0,1004855,6681273
1769,177,9,231,5,87.4,1004855,6681273
1770,177,10,231,5,125.0,1004855,6681273
1771,178,1,147,5,5.0,253111,2951164
1772,178,2,147,5,7.1,253111,2951164
1773,178,3,147,5,10.2,253111,2951164
1774,178,4,147,5,14.6,253111,2951164
1775,178,5,147,5,20.9,253111,2951164
1776,178,6,147,5,29.9,253111,2951164
1777,178,7,147,5,42.7,253111,2951164
1778,178,8,147,5,61.0,253111,2951164
1779,178,9,147,5,87.4,253111,2951164
1780,178,10,147,5,125.0,253111,2951164
1781,179,1,508,7,5.0,977045,406031
1782,179,2,508,7,7.1,977045,406031
1783,179,3,508,7,10.2,977045,406031
1784,179,4,508,7,14.6,977045,406031
1785,179,5,508,7,20.9,977045,406031
1786,179,6,508,7,29.9,977045,406031
1787,179,7,508,7,42.7,977045,406031
1788,179,8,508,7,61.0,977045,406031
1789,179,9,508,7,87.4,977045,406031
1790,179,10,508,7,125.0,977045,406031
1791,180,1,46,2,5.0,862152,5853360
1792,180,2,46,2,7.1,862152,5853360
1793,180,3,46,2,10.2,862152,5853360
1794,180,4,46,2,14.6,862152,5853360
1795,180,5,46,2,20.9,862152,5853360
1796,180,6,46,2,29.9,862152,5853360
1797,180,7,46,2,42.7,862152,5853360
1798,180,8,46,2,61.0,862152,5853360
1799,180,9,46,2,87.4,862152,5853360
1800,180,10,46,2,125.0,862152,5853360
1801,181,1,535,5,5.0,577090,6729326
1802,181,2,535,5,7.1,577090,6729326
1803,181,3,535,5,10.2,577090,6729326
1804,181,4,535,5,14.6,577090,6729326
1805,181,5,535,5,20.9,577090,6729326
1806,181,6,535,5,29.9,577090,6729326
1807,181,7,535,5,42.7,577090,6729326
1808,181,8,535,5,61.0,577090,6729326
1809,181,9,535,5,87.4,577090,6729326
1810,181,10,535,5,125.0,577090,6729326
1811,182,1,736,4,5.0,514199,4710516
1812,182,2,736,4,7.1,514199,4710516
1813,182,3,736,4,10.2,514199,4710516
1814,182,4,736,4,14.6,514199,4710516
1815,182,5,736,4,20.9,514199,4710516
1816,182,6,736,4,29.9,514199,4710516
1817,182,7,736,4,42.7,514199,4710516
1818,182,8,736,4,61.0,514199,4710516
1819,182,9,736,4,87.4,514199,4710516
1820,182,10,736,4,125.0,514199,4710516
1821,183,1,374,7,5.0,1155673,6010507
1822,183,2,374,7,7.1,1155673,6010507
1823,183,3,374,7,10.2,1155673,6010507
1824,183,4,374,7,14.6,1155673,6010507
1825,183,5,374,7,20.9,1155673,6010507
1826,183,6,374,7,29.9,1155673,6010507
1827,183,7,374,7,42.7,1155673,6010507
1828,183,8,374,7,61.0,1155673,6010507
1829,183,9,374,7,87.4,1155673,6010507
1830,183,10,374,7,125.0,1155673,6010507
1831,184,1,364,4,5.0,200318,2192063
1832,184,2,364,4,7.1,200318,2192063
1833,184,3,364,4,10.2,200318,2192063
1834,184,4,364,4,14.6,200318,2192063
1835,184,5,364,4,20.9,200318,2192063
1836,184,6,364,4,29.9,200318,2192063
1837,184,7,364,4,42.7,200318,2192063
1838,184,8,364,4,61.0,200318,2192063
1839,184,9,364,4,87.4,200318,2192063
1840,184,10,364,4,125.0,200318,2192063
1841,185,1,571,6,5.0,1058443,3020113
1842,185,2,571,6,7.1,1058443,3020113
1843,185,3,571,6,10.2,1058443,3020113
1844,185,4,571,6,14.6,1058443,3020113
1845,185,5,571,6,20.9,1058443,3020113
1846,185,6,571,6,29.9,1058443,3020113
1847,185,7,571,6,42.7,1058443,3020113
1848,185,8,571,6,61.0,1058443,3020113
1849,185,9,571,6,87.4,1058443,3020113
1850,185,10,571,6,125.0,1058443,3020113
1851,186,1,411,7,5.0,179544,6266571
1852,186,2,411,7,7.1,179544,6266571
1853,186,3,411,7,10.2,179544,6266571
1854,186,4,411,7,14.6,179544,6266571
1855,186,5,411,7,20.9,179544,6266571
1856,186,6,411,7,29.9,179544,6266571
1857,186,7,411,7,42.7,179544,6266571
1858,186,8,411,7,61.0,179544,6266571
1859,186,9,411,7,87.4,179544,6266571
1860,186,10,411,7,125.0,179544,6266571
1861,187,1,94,5,5.0,324157,1923230
1862,187,2,94,5,7.1,324157,1923230
1863,187,3,94,5,10.2,324157,1923230
1864,187,4,94,5,14.6,324157,1923230
1865,187,5,94,5,20.9,324157,1923230
1866,187,6,94,5,29.9,324157,1923230
1867,187,7,94,5,42.7,324157,1923230
1868,187,8,94,5,61.0,324157,1923230
1869,187,9,94,5,87.4,324157,1923230
1870,187,10,94,5,125.0,324157,1923230
1871,188,1,174,3,5.0,434845,4955019
1872,188,2,174,3,7.1,434845,4955019
1873,188,3,174,3,10.2,434845,4955019
1874,188,4,174,3,14.6,434845,4955019
1875,188,5,174,3,20.9,434845,4955019
1876,188,6,174,3,29.9,434845,4955019
1877,188,7,174,3,42.7,434845,4955019
1878,188,8,174,3,61.0,434845,4955019
1879,188,9,174,3,87.4,434845,4955019
1880,188,10,174,3,125.0,434845,4955019
1881,189,1,517,2,5.0,532901,1432144
1882,189,2,517,2,7.1,532901,1432144
1883,189,3,517,2,10.2,532901,1432144
1884,189,4,517,2,14.6,532901,1432144
1885,189,5,517,2,20.9,532901,1432144
1886,189,6,517,2,29.9,532901,1432144
1887,189,7,517,2,42.7,532901,1432144
1888,189,8,517,2,61.0,532901,1432144
1889,189,9,517,2,87.4,532901,1432144
1890,189,10,517,2,125.0,532901,1432144
1891,190,1,996,8,5.0,366934,5387618
1892,190,2,996,8,7.1,366934,5387618
1893,190,3,996,8,10.2,366934,5387618
1894,190,4,996,8,14.6,366934,5387618
1895,190,5,996,8,20.9,366934,5387618
1896,190,6,996,8,29.9,366934,5387618
1897,190,7,996,8,42.7,366934,5387618
1898,190,8,996,8,61.0,366934,5387618
1899,190,9,996,8,87.4,366934,5387618
1900,190,10,996,8,125.0,366934,5387618
1901,191,1,187,2,5.0,843589,1052878
1902,191,2,187,2,7.1,843589,1052878
1903,191,3,187,2,10.2,843589,1052878
1904,191,4,187,2,14.6,843589,1052878
1905,191,5,187,2,20.9,843589,1052878
1906,191,6,187,2,29.9,843589,1052878
1907,191,7,187,2,42.7,843589,1052878
1908,191,8,187,2,61.0,843589,1052878
1909,191,9,187,2,87.4,843589,1052878
1910,191,10,187,2,125.0,843589,1052878
1911,192,1,732,3,5.0,173782,4804568
1912,192,2,732,3,7.1,173782,4804568
1913,192,3,732,3,10.2,173782,4804568
1914,192,4,732,3,14.6,173782,4804568
1915,192,5,732,3,20.9,173782,4804568
1916,192,6,732,3,29.9,173782,4804568
1917,192,7,732,3,42.7,173782,4804568
1918,192,8,732,3,61.0,173782,4804568
1919,192,9,732,3,87.4,173782,4804568
1920,192,10,732,3,125.0,173782,4804568
1921,193,1,191,6,5.0,698641,5345873
1922,193,2,191,6,7.1,698641,5345873
1923,193,3,191,6,10.2,698641,5345873
1924,193,4,191,6,14.6,698641,5345873
1925,193,5,191,6,20.9,698641,5345873
1926,193,6,191,6,29.9,698641,5345873
1927,193,7,191,6,42.7,698641,5345873
1928,193,8,191,6,61.0,698641,5345873
1929,193,9,191,6,87.4,698641,5345873
1930,193,10,191,6,125.0,698641,5345873
1931,194,1,178,4,5.0,488054,4844989
1932,194,2,178,4,7.1,488054,4844989
1933,194,3,178,4,10.2,488054,4844989
1934,194,4,178,4,14.6,488054,4844989
1935,194,5,178,4,20.9,488054,4844989
1936,194,6,178,4,29.9,488054,4844989
1937,194,7,178,4,42.7,488054,4844989
1938,194,8,178,4,61.0,488054,4844989
1939,194,9,178,4,87.4,488054,4844989
1940,194,10,178,4,125.0,488054,4844989
1941,195,1,491,6,5.0,927779,6224225
1942,195,2,491,6,7.1,927779,6224225
1943,195,3,491,6,10.2,927779,6224225
1944,195,4,491,6,14.6,927779,6224225
1945,195,5,491,6,20.9,927779,6224225
1946,195,6,491,6,29.9,927779,6224225
1947,195,7,491,6,42.7,927779,6224225
1948,195,8,491,6,61.0,927779,6224225
1949,195,9,491,6,87.4,927779,6224225
1950,195,10,491,6,125.0,927779,6224225
1951,196,1,580,6,5.0,167827,3249308
1952,196,2,580,6,7.1,167827,3249308
1953,196,3,580,6,10.2,167827,3249308
1954,196,4,580,6,14.6,167827,3249308
1955,196,5,580,6,20.9,167827,3249308
1956,196,6,580,6,29.9,167827,3249308
1957,196,7,580,6,42.7,167827,3249308
1958,196,8,580,6,61.0,167827,3249308
1959,196,9,580,6,87.4,167827,3249308
1960,196,10,580,6,125.0,167827,3249308
1961,197,1,88,4,5.0,465040,1419318
1962,197,2,88,4,7.1,465040,1419318
1963,197,3,88,4,10.2,465040,1419318
1964,197,4,88,4,14.6,465040,1419318
1965,197,5,88,4,20.9,465040,1419318
1966,197,6,88,4,29.9,465040,1419318
1967,197,7,88,4,42.7,465040,1419318
1968,197,8,88,4,61.0,465040,1419318
1969,197,9,88,4,87.4,465040,1419318
1970,197,10,88,4,125.0,465040,1419318
1971,198,1,482,5,5.0,336668,3768166
1972,198,2,482,5,7.1,336668,3768166
1973,198,3,482,5,10.2,336668,3768166
1974,198,4,482,5,14.6,336668,3768166
1975,198,5,482,5,20.9,336668,3768166
1976,198,6,482,5,29.9,336668,3768166
1977,198,7,482,5,42.7,336668,3768166
1978,198,8,482,5,61.0,336668,3768166
1979,198,9,482,5,87.4,336668,3768166
1980,198,10,482,5,125.0,336668,3768166
1981,199,1,682,2,5.0,148856,5776151
1982,199,2,682,2,7.1,148856,5776151
1983,199,3,682,2,10.2,148856,5776151
1984,199,4,682,2,14.6,148856,5776151
1985,199,5,682,2,20.9,148856,5776151
1986,199,6,682,2,29.9,148856,5776151
1987,199,7,682,2,42.7,148856,5776151
1988,199,8,682,2,61.0,148856,5776151
1989,199,9,682,2,87.4,148856,5776151
1990,199,10,682,2,125.0,148856,5776151
1991,200,1,358,3,5.0,1040225,5729202
1992,200,2,358,3,7.1,1040225,5729202
1993,200,3,358,3,10.2,1040225,5729202
1994,200,4,358,3,14.6,1040225,5729202
1995,200,5,358,3,20.9,1040225,5729202
1996,200,6,358,3,29.9,1040225,5729202
1997,200,7,358,3,42.7,1040225,5729202
1998,200,8,358,3,61.0,1040225,5729202
1999,200,9,358,3,87.4,1040225,5729202
2000,200,10,358,3,125.0,1040225,5729202
2001,201,1,697,7,5.0,203528,6190154
2002,201,2,697,7,7.1,203528,6190154
2003,201,3,697,7,10.2,203528,6190154
2004,201,4,697,7,14.6,203528,6190154
2005,201,5,697,7,20.9,203528,6190154
2006,201,6,697,7,29.9,203528,6190154
2007,201,7,697,7,42.7,203528,6190154
2008,201,8,697,7,61.0,203528,6190154
2009,201,9,697,7,87.4,203528,6190154
2010,201,10,697,7,125.0,203528,6190154
2011,202,1,418,6,5.0,1182806,753016
2012,202,2,418,6,7.1,1182806,753016
2013,202,3,418,6,10.2,1182806,753016
2014,202,4,418,6,14.6,1182806,753016
2015,202,5,418,6,20.9,1182806,753016
2016,202,6,418,6,29.9,1182806,753016
2017,202,7,418,6,42.7,1182806,753016
2018,202,8,418,6,61.0,1182806,753016
2019,202,9,418,6,87.4,1182806,753016
2020,202,10,418,6,125.0,1182806,753016
2021,203,1,833,2,5.0,833179,1221269
2022,203,2,833,2,7.1,833179,1221269
2023,203,3,833,2,10.2,833179,1221269
2024,203,4,833,2,14.6,833179,1221269
2025,203,5,833,2,20.9,833179,1221269
2026,203,6,833,2,29.9,833179,1221269
2027,203,7,833,2,42.7,833179,1221269
2028,203,8,833,2,61.0,833179,1221269
2029,203,9,833,2,87.4,833179,1221269
2030,203,10,833,2,125.0,833179,1221269
2031,204,1,601,6,5.0,492078,4305921
2032,204,2,601,6,7.1,492078,4305921
2033,204,3,601,6,10.2,492078,4305921
2034,204,4,601,6,14.6,492078,4305921
2035,204,5,601,6,20.9,492078,4305921
2036,204,6,601,6,29.9,492078,4305921
2037,204,7,601,6,42.7,492078,4305921
2038,204,8,601,6,61.0,492078,4305921
2039,204,9,601,6,87.4,492078,4305921
2040,204,10,601,6,125.0,492078,4305921
2041,205,1,632,3,5.0,781390,2024723
2042,205,2,632,3,7.1,781390,2024723
2043,205,3,632,3,10.2,781390,2024723
2044,205,4,632,3,14.6,781390,2024723
2045,205,5,632,3,20.9,781390,2024723
2046,205,6,632,3,29.9,781390,2024723
2047,205,7,632,3,42.7,781390,2024723
2048,205,8,632,3,61.0,781390,2024723
2049,205,9,632,3,87.4,781390,2024723
2050,205,10,632,3,125.0,781390,2024723
2051,206,1,436,8,5.0,378199,984646
2052,206,2,436,8,7.1,378199,984646
2053,206,3,436,8,10.2,378199,984646
2054,206,4,436,8,14.6,378199,984646
2055,206,5,436,8,20.9,378199,984646
2056,206,6,436,8,29.9,378199,984646
2057,206,7,436,8,42.7,378199,984646
2058,206,8,436,8,61.0,378199,984646
2059,206,9,436,8,87.4,378199,984646
2060,206,10,436,8,125.0,378199,984646
2061,207,1,790,7,5.0,78612,2654643
2062,207,2,790,7,7.1,78612,2654643
2063,207,3,790,7,10.2,78612,2654643
2064,207,4,790,7,14.6,78612,2654643
2065,207,5,790,7,20.9,78612,2654643
2066,207,6,790,7,29.9,78612,2654643
2067,207,7,790,7,42.7,78612,2654643
2068,207,8,790,7,61.0,78612,2654643
2069,207,9,790,7,87.4,78612,2654643
2070,207,10,790,7,125.0,78612,2654643
2071,208,1,319,6,5.0,808579,4735585
2072,208,2,319,6,7.1,808579,4735585
2073,208,3,319,6,10.2,808579,4735585
2074,208,4,319,6,14.6,808579,4735585
2075,208,5,319,6,20.9,808579,4735585
2076,208,6,319,6,29.9,808579,4735585
2077,208,7,319,6,42.7,808579,4735585
2078,208,8,319,6,61.0,808579,4735585
2079,208,9,319,6,87.4,808579,4735585
2080,208,10,319,6,125.0,808579,4735585
2081,209,1,512,4,5.0,687763,6345894
2082,209,2,512,4,7.1,687763,6345894
2083,209,3,512,4,10.2,687763,6345894
2084,209,4,512,4,14.6,687763,6345894
2085,209,5,512,4,20.9,687763,6345894
2086,209,6,512,4,29.9,687763,6345894
2087,209,7,512,4,42.7,687763,6345894
2088,209,8,512,4,61.0,687763,6345894
2089,209,9,512,4,87.4,687763,6345894
2090,209,10,512,4,125.0,687763,6345894
2091,210,1,454,4,5.0,326607,1373017
2092,210,2,454,4,7.1,326607,1373017
2093,210,3,454,4,10.2,326607,1373017
2094,210,4,454,4,14.6,326607,1373017
2095,210,5,454,4,20.9,326607,1373017
2096,210,6,454,4,29.9,326607,1373017
2097,210,7,454,4,42.7,326607,1373017
2098,210,8,454,4,61.0,326607,1373017
2099,210,9,454,4,87.4,326607,1373017
2100,210,10,454,4,125.0,326607,1373017
2101,211,1,235,7,5.0,801870,7204118
2102,211,2,235,7,7.1,801870,7204118
2103,211,3,235,7,10.2,801870,7204118
2104,211,4,235,7,14.6,801870,7204118
2105,211,5,235,7,20.9,801870,7204118
2106,211,6,235,7,29.9,801870,7204118
2107,211,7,235,7,42.7,801870,7204118
2108,211,8,235,7,61.0,801870,7204118
2109,211,9,235,7,87.4,801870,7204118
2110,211,10,235,7,125.0,801870,7204118
2111,212,1,664,5,5.0,442214,2069828
2112,212,2,664,5,7.1,442214,2069828
2113,212,3,664,5,10.2,442214,2069828
2114,212,4,664,5,14.6,442214,2069828
2115,212,5,664,5,20.9,442214,2069828
2116,212,6,664,5,29.9,442214,2069828
2117,212,7,664,5,42.7,442214,2069828
2118,212,8,664,5,61.0,442214,2069828
2119,212,9,664,5,87.4,442214,2069828
2120,212,10,664,5,125.0,442214,2069828
2121,213,1,700,6,5.0,247217,1805565
2122,213,2,700,6,7.1,247217,1805565
2123,213,3,700,6,10.2,247217,1805565
2124,213,4,700,6,14.6,247217,1805565
2125,213,5,700,6,20.9,247217,1805565
2126,213,6,700,6,29.9,247217,1805565
2127,213,7,700,6,42.7,247217,1805565
2128,213,8,700,6,61.0,247217,1805565
2129,213,9,700,6,87.4,247217,1805565
2130,213,10,700,6,125.0,247217,1805565
2131,214,1,81,6,5.0,316968,2365480
2132,214,2,81,6,7.1,316968,2365480
2133,214,3,81,6,10.2,316968,2365480
2134,214,4,81,6,14.6,316968,2365480
2135,214,5,81,6,20.9,316968,2365480
2136,214,6,81,6,29.9,316968,2365480
2137,214,7,81,6,42.7,316968,2365480
2138,214,8,81,6,61.0,316968,2365480
2139,214,9,81,6,87.4,316968,2365480
2140,214,10,81,6,125.0,316968,2365480
2141,215,1,264,6,5.0,1188411,5498682
2142,215,2,264,6,7.1,1188411,5498682
2143,215,3,264,6,10.2,1188411,5498682
2144,215,4,264,6,14.6,1188411,5498682
2145,215,5,264,6,20.9,1188411,5498682
2146,215,6,264,6,29.9,1188411,5498682
2147,215,7,264,6,42.7,1188411,5498682
2148,215,8,264,6,61.0,1188411,5498682
2149,215,9,264,6,87.4,1188411,5498682
2150,215,10,264,6,125.0,1188411,5498682
2151,216,1,332,6,5.0,183548,654336
2152,216,2,332,6,7.1,183548,654336
2153,216,3,332,6,10.2,183548,654336
2154,216,4,332,6,14.6,183548,654336
2155,216,5,332,6,20.9,183548,654336
2156,216,6,332,6,29.9,183548,654336
2157,216,7,332,6,42.7,183548,654336
2158,216,8,332,6,61.0,183548,654336
2159,216,9,332,6,87.4,183548,654336
2160,216,10,332,6,125.0,183548,654336
2161,217,1,825,5,5.0,175925,5979388
2162,217,2,825,5,7.1,175925,5979388
2163,217,3,825,5,10.2,175925,5979388
2164,217,4,825,5,14.6,175925,5979388
2165,217,5,825,5,20.9,175925,5979388
2166,217,6,825,5,29.9,175925,5979388
2167,217,7,825,5,42.7,175925,5979388
2168,217,8,825,5,61.0,175925,5979388
2169,217,9,825,5,87.4,175925,5979388
2170,217,10,825,5,125.0,175925,5979388
2171,218,1,262,5,5.0,1160842,921931
2172,218,2,262,5,7.1,1160842,921931
2173,218,3,262,5,10.2,1160842,921931
2174,218,4,262,5,14.6,1160842,921931
2175,218,5,262,5,20.9,1160842,921931
2176,218,6,262,5,29.9,1160842,921931
2177,218,7,262,5,42.7,1160842,921931
2178,218,8,262,5,61.0,1160842,921931
2179,218,9,262,5,87.4,1160842,921931
2180,218,10,262,5,125.0,1160842,921931
2181,219,1,37,7,5.0,225012,7920954
2182,219,2,37,7,7.1,225012,7920954
2183,219,3,37,7,10.2,225012,7920954
2184,219,4,37,7,14.6,225012,7920954
2185,219,5,37,7,20.9,225012,7920954
2186,219,6,37,7,29.9,225012,7920954
2187,219,7,37,7,42.7,225012,7920954
2188,219,8,37,7,61.0,225012,7920954
2189,219,9,37,7,87.4,225012,7920954
2190,219,10,37,7,125.0,225012,7920954
2191,220,1,496,3,5.0,469525,6532850
2192,220,2,496,3,7.1,469525,6532850
2193,220,3,496,3,10.2,469525,6532850
2194,220,4,496,3,14.6,469525,6532850
2195,220,5,496,3,20.9,469525,6532850
2196,220,6,496,3,29.9,469525,6532850
2197,220,7,496,3,42.7,469525,6532850
2198,220,8,496,3,61.0,469525,6532850
2199,220,9,496,3,87.4,469525,6532850
2200,220,10,496,3,125.0,469525,6532850
2201,221,1,785,3,5.0,256971,1560624
2202,221,2,785,3,7.1,256971,1560624
2203,221,3,785,3,10.2,256971,1560624
2204,221,4,785,3,14.6,256971,1560624
2205,221,5,785,3,20.9,256971,1560624
2206,221,6,785,3,29.9,256971,1560624
2207,221,7,785,3,42.7,256971,1560624
2208,221,8,785,3,61.0,256971,1560624
2209,221,9,785,3,87.4,256971,1560624
2210,221,10,785,3,125.0,256971,1560624
2211,222,1,310,5,5.0,1088708,5926810
2212,222,2,310,5,7.1,1088708,5926810
2213,222,3,310,5,10.2,1088708,5926810
2214,222,4,310,5,14.6,1088708,5926810
2215,222,5,310,5,20.9,1088708,5926810
2216,222,6,310,5,29.9,1088708,5926810
2217,222,7,310,5,42.7,1088708,5926810
2218,222,8,310,5,61.0,1088708,5926810
2219,222,9,310,5,87.4,1088708,5926810
2220,222,10,310,5,125.0,1088708,5926810
2221,223,1,558,7,5.0,500866,527209
2222,223,2,558,7,7.1,500866,527209
2223,223,3,558,7,10.2,500866,527209
2224,223,4,558,7,14.6,500866,527209
2225,223,5,558,7,20.9,500866,527209
2226,223,6,558,7,29.9,500866,527209
2227,223,7,558,7,42.7,500866,527209
2228,223,8,558,7,61.0,500866,527209
2229,223,9,558,7,87.4,500866,527209
2230,223,10,558,7,125.0,500866,527209
2231,224,1,294,3,5.0,123066,693586
2232,224,2,294,3,7.1,123066,693586
2233,224,3,294,3,10.2,123066,693586
2234,224,4,294,3,14.6,123066,693586
2235,224,5,294,3,20.9,123066,693586
2236,224,6,294,3,29.9,123066,693586
2237,224,7,294,3,42.7,123066,693586
2238,224,8,294,3,61.0,123066,693586
2239,224,9,294,3,87.4,123066,693586
2240,224,10,294,3,125.0,123066,693586
2241,225,1,62,2,5.0,338325,3825828
2242,225,2,62,2,7.1,338325,3825828
2243,225,3,62,2,10.2,338325,3825828
2244,225,4,62,2,14.6,338325,3825828
2245,225,5,62,2,20.9,338325,3825828
2246,225,6,62,2,29.9,338325,3825828
2247,225,7,62,2,42.7,338325,3825828
2248,225,8,62,2,61.0,338325,3825828
2249,225,9,62,2,87.4,338325,3825828
2250,225,10,62,2,125.0,338325,3825828
2251,226,1,965,5,5.0,89017,1799588
2252,226,2,965,5,7.1,89017,1799588
2253,226,3,965,5,10.2,89017,1799588
2254,226,4,965,5,14.6,89017,1799588
2255,226,5,965,5,20.9,89017,1799588
2256,226,6,965,5,29.9,89017,1799588
2257,226,7,965,5,42.7,89017,1799588
2258,226,8,965,5,61.0,89017,1799588
2259,226,9,965,5,87.4,89017,1799588
2260,226,10,965,5,125.0,89017,1799588
2261,227,1,257,3,5.0,309281,1301282
2262,227,2,257,3,7.1,309281,1301282
2263,227,3,257,3,10.2,309281,1301282
2264,227,4,257,3,14.6,309281,1301282
2265,227,5,257,3,20.9,309281,1301282
2266,227,6,257,3,29.9,309281,1301282
2267,227,7,257,3,42.7,309281,1301282
2268,227,8,257,3,61.0,309281,1301282
2269,227,9,257,3,87.4,309281,1301282
2270,227,10,257,3,125.0,309281,1301282
2271,228,1,793,6,5.0,406364,5204107
2272,228,2,793,6,7.1,406364,5204107
2273,228,3,793,6,10.2,406364,5204107
2274,228,4,793,6,14.6,406364,5204107
2275,228,5,793,6,20.9,406364,5204107
2276,228,6,793,6,29.9,406364,5204107
2277,228,7,793,6,42.7,406364,5204107
2278,228,8,793,6,61.0,406364,5204107
2279,228,9,793,6,87.4,406364,5204107
2280,228,10,793,6,125.0,406364,5204107
2281,229,1,271,4,5.0,433420,2827792
2282,229,2,271,4,7.1,433420,2827792
2283,229,3,271,4,10.2,433420,2827792
2284,229,4,271,4,14.6,433420,2827792
2285,229,5,271,4,20.9,433420,2827792
2286,229,6,271,4,29.9,433420,2827792
2287,229,7,271,4,42.7,433420,2827792
2288,229,8,271,4,61.0,433420,2827792
2289,229,9,271,4,87.4,433420,2827792
2290,229,10,271,4,125.0,433420,2827792
2291,230,1,24,3,5.0,244382,5539304
2292,230,2,24,3,7.1,244382,5539304
2293,230,3,24,3,10.2,244382,5539304
2294,230,4,24,3,14.6,244382,5539304
2295,230,5,24,3,20.9,244382,5539304
2296,230,6,24,3,29.9,244382,5539304
2297,230,7,24,3,42.7,244382,5539304
2298,230,8,24,3,61.0,244382,5539304
2299,230,9,24,3,87.4,244382,5539304
2300,230,10,24,3,125.0,244382,5539304
2301,231,1,708,6,5.0,678329,1019555
2302,231,2,708,6,7.1,678329,1019555
2303,231,3,708,6,10.2,678329,1019555
2304,231,4,708,6,14.6,678329,1019555
2305,231,5,708,6,20.9,678329,1019555
2306,231,6,708,6,29.9,678329,1019555
2307,231,7,708,6,42.7,678329,1019555
2308,231,8,708,6,61.0,678329,1019555
2309,231,9,708,6,87.4,678329,1019555
2310,231,10,708,6,125.0,678329,1019555
2311,232,1,101,4,5.0,721196,7599214
2312,232,2,101,4,7.1,721196,7599214
2313,232,3,101,4,10.2,721196,7599214
2314,232,4,101,4,14.6,721196,7599214
2315,232,5,101,4,20.9,721196,7599214
2316,232,6,101,4,29.9,721196,7599214
2317,232,7,101,4,42.7,721196,7599214
2318,232,8,101,4,61.0,721196,7599214
2319,232,9,101,4,87.4,721196,7599214
2320,232,10,101,4,125.0,721196,7599214
2321,233,1,116,3,5.0,875891,7017791
2322,233,2,116,3,7.1,875891,7017791
2323,233,3,116,3,10.2,875891,7017791
2324,233,4,116,3,14.6,875891,7017791
2325,233,5,116,3,20.9,875891,7017791
2326,233,6,116,3,29.9,875891,7017791
2327,233,7,116,3,42.7,875891,7017791
2328,233,8,116,3,61.0,875891,7017791
2329,233,9,116,3,87.4,875891,7017791
2330,233,10,116,3,125.0,875891,7017791
2331,234,1,379,5,5.0,610314,7355052
2332,234,2,379,5,7.1,610314,7355052
2333,234,3,379,5,10.2,610314,7355052
2334,234,4,379,5,14.6,610314,7355052
2335,234,5,379,5,20.9,610314,7355052
2336,234,6,379,5,29.9,610314,7355052
2337,234,7,379,5,42.7,610314,7355052
2338,234,8,379,5,61.0,610314,7355052
2339,234,9,379,5,87.4,610314,7355052
2340,234,10,379,5,125.0,610314,7355052
2341,235,1,138,8,5.0,1171787,7528049
2342,235,2,138,8,7.1,1171787,7528049
2343,235,3,138,8,10.2,1171787,7528049
2344,235,4,138,8,14.6,1171787,7528049
2345,235,5,138,8,20.9,1171787,7528049
2346,235,6,138,8,29.9,1171787,7528049
2347,235,7,138,8,42.7,1171787,7528049
2348,235,8,138,8,61.0,1171787,7528049
2349,235,9,138,8,87.4,1171787,7528049
2350,235,10,138,8,125.0,1171787,7528049
2351,236,1,812,2,5.0,1165666,4518912
2352,236,2,812,2,7.1,1165666,4518912
2353,236,3,812,2,10.2,1165666,4518912
2354,236,4,812,2,14.6,1165666,4518912
2355,236,5,812,2,20.9,1165666,4518912
2356,236,6,812,2,29.9,1165666,4518912
2357,236,7,812,2,42.7,1165666,4518912
2358,236,8,812,2,61.0,1165666,4518912
2359,236,9,812,2,87.4,1165666,4518912
2360,236,10,812,2,125.0,1165666,4518912
2361,237,1,861,5,5.0,931901,5044129
2362,237,2,861,5,7.1,931901,5044129
2363,237,3,861,5,10.2,931901,5044129
2364,237,4,861,5,14.6,931901,5044129
2365,237,5,861,5,20.9,931901,5044129
2366,237,6,861,5,29.9,931901,5044129
2367,237,7,861,5,42.7,931901,5044129
2368,237,8,861,5,61.0,931901,5044129
2369,237,9,861,5,87.4,931901,5044129
2370,237,10,861,5,125.0,931901,5044129
2371,238,1,523,3,5.0,87049,6051201
2372,238,2,523,3,7.1,87049,6051201
2373,238,3,523,3,10.2,87049,6051201
2374,238,4,523,3,14.6,87049,6051201
2375,238,5,523,3,20.9,87049,6051201
2376,238,6,523,3,29.9,87049,6051201
2377,238,7,523,3,42.7,87049,6051201
2378,238,8,523,3,61.0,87049,6051201
2379,238,9,523,3,87.4,87049,6051201
2380,238,10,523,3,125.0,87049,6051201
2381,239,1,629,6,5.0,380820,2391488
2382,239,2,629,6,7.1,380820,2391488
2383,239,3,629,6,10.2,380820,2391488
2384,239,4,629,6,14.6,380820,2391488
2385,239,5,629,6,20.9,380820,2391488
2386,239,6,629,6,29.9,380820,2391488
2387,239,7,629,6,42.7,380820,2391488
2388,239,8,629,6,61.0,380820,2391488
2389,239,9,629,6,87.4,380820,2391488
2390,239,10,629,6,125.0,380820,2391488
2391,240,1,96,4,5.0,594459,4227296
2392,240,2,96,4,7.1,594459,4227296
2393,240,3,96,4,10.2,594459,4227296
2394,240,4,96,4,14.6,594459,4227296
2395,240,5,96,4,20.9,594459,4227296
2396,240,6,96,4,29.9,594459,4227296
2397,240,7,96,4,42.7,594459,4227296
2398,240,8,96,4,61.0,594459,4227296
2399,240,9,96,4,87.4,594459,4227296
2400,240,10,96,4,125.0,594459,4227296
2401,241,1,771,5,5.0,276448,724741
2402,241,2,771,5,7.1,276448,724741
2403,241,3,771,5,10.2,276448,724741
2404,241,4,771,5,14.6,276448,724741
2405,241,5,771,5,20.9,276448,724741
2406,241,6,771,5,29.9,276448,724741
2407,241,7,771,5,42.7,276448,724741
2408,241,8,771,5,61.0,276448,724741
2409,241,9,771,5,87.4,276448,724741
2410,241,10,771,5,125.0,276448,724741
2411,242,1,605,5,5.0,400588,1176586
2412,242,2,605,5,7.1,400588,1176586
2413,242,3,605,5,10.2,400588,1176586
2414,242,4,605,5,14.6,400588,1176586
2415,242,5,605,5,20.9,400588,1176586
2416,242,6,605,5,29.9,400588,1176586
2417,242,7,605,5,42.7,400588,1176586
2418,242,8,605,5,61.0,400588,1176586
2419,242,9,605,5,87.4,400588,1176586
2420,242,10,605,5,125.0,400588,1176586
2421,243,1,387,4,5.0,863832,2127595
2422,243,2,387,4,7.1,863832,2127595
2423,243,3,387,4,10.2,863832,2127595
2424,243,4,387,4,14.6,863832,2127595
2425,243,5,387,4,20.9,863832,2127595
2426,243,6,387,4,29.9,863832,2127595
2427,243,7,387,4,42.7,863832,2127595
2428,243,8,387,4,61.0,863832,2127595
2429,243,9,387,4,87.4,863832,2127595
2430,243,10,387,4,125.0,863832,2127595
2431,244,1,485,6,5.0,850807,295537
2432,244,2,485,6,7.1,850807,295537
2433,244,3,485,6,10.2,850807,295537
2434,244,4,485,6,14.6,850807,295537
2435,244,5,485,6,20.9,850807,295537
2436,244,6,485,6,29.9,850807,295537
2437,244,7,485,6,42.7,850807,295537
2438,244,8,485,6,61.0,850807,295537
2439,244,9,485,6,87.4,850807,295537
2440,244,10,485,6,125.0,850807,295537
2441,245,1,414,4,5.0,771964,7743600
2442,245,2,414,4,7.1,771964,7743600
2443,245,3,414,4,10.2,771964,7743600
2444,245,4,414,4,14.6,771964,7743600
2445,245,5,414,4,20.9,771964,7743600
2446,245,6,414,4,29.9,771964,7743600
2447,245,7,414,4,42.7,771964,7743600
2448,245,8,414,4,61.0,771964,7743600
2449,245,9,414,4,87.4,771964,7743600
2450,245,10,414,4,125.0,771964,7743600
2451,246,1,288,8,5.0,455990,4214430
2452,246,2,288,8,7.1,455990,4214430
2453,246,3,288,8,10.2,455990,4214430
2454,246,4,288,8,14.6,455990,4214430
2455,246,5,288,8,20.9,455990,4214430
2456,246,6,288,8,29.9,455990,4214430
2457,246,7,288,8,42.7,455990,4214430
2458,246,8,288,8,61.0,455990,4214430
2459,246,9,288,8,87.4,455990,4214430
2460,246,10,288,8,125.0,455990,4214430
2461,247,1,281,4,5.0,164553,7278692
2462,247,2,281,4,7.1,164553,7278692
2463,247,3,281,4,10.2,164553,7278692
2464,247,4,281,4,14.6,164553,7278692
2465,247,5,281,4,20.9,164553,7278692
2466,247,6,281,4,29.9,164553,7278692
2467,247,7,281,4,42.7,164553,7278692
2468,247,8,281,4,61.0,164553,7278692
2469,247,9,281,4,87.4,164553,7278692
2470,247,10,281,4,125.0,164553,7278692
2471,248,1,445,4,5.0,95834,3926454
2472,248,2,445,4,7.1,95834,3926454
2473,248,3,445,4,10.2,95834,3926454
2474,248,4,445,4,14.6,95834,3926454
2475,248,5,445,4,20.9,95834,3926454
2476,248,6,445,4,29.9,95834,3926454
2477,248,7,445,4,42.7,95834,3926454
2478,248,8,445,4,61.0,95834,3926454
2479,248,9,445,4,87.4,95834,3926454
2480,248,10,445,4,125.0,95834,3926454
2481,249,1,306,6,5.0,848302,7005107
2482,249,2,306,6,7.1,848302,7005107
2483,249,3,306,6,10.2,848302,7005107
2484,249,4,306,6,14.6,848302,7005107
2485,249,5,306,6,20.9,848302,7005107
2486,249,6,306,6,29.9,848302,7005107
2487,249,7,306,6,42.7,848302,7005107
2488,249,8,306,6,61.0,848302,7005107
2489,249,9,306,6,87.4,848302,7005107
2490,249,10,306,6,125.0,848302,7005107
2491,250,1,649,5,5.0,548096,267648
2492,250,2,649,5,7.1,548096,267648
2493,250,3,649,5,10.2,548096,267648
2494,250,4,649,5,14.6,548096,267648
2495,250,5,649,5,20.9,548096,267648
2496,250,6,649,5,29.9,548096,267648
2497,250,7,649,5,42.7,548096,267648
2498,250,8,649,5,61.0,548096,267648
2499,250,9,649,5,87.4,548096,267648
2500,250,10,649,5,125.0,548096,267648
