config_id,node_degree,bandwidth,max_block_size,validator_count,sacct_state,has_output
83001 2 5.0 7873062 782 TIMEOUT 0
83002 2 5.0 7873062 782 TIMEOUT 0
83003 2 5.0 7873062 782 TIMEOUT 0
83004 2 5.0 7873062 782 TIMEOUT 0
83005 2 5.0 7873062 782 TIMEOUT 0
83006 2 5.0 7873062 782 TIMEOUT 0
83007 2 5.0 7873062 782 TIMEOUT 0
83008 2 5.0 7873062 782 TIMEOUT 0
83009 2 5.0 7873062 782 TIMEOUT 0
83010 2 5.0 7873062 782 TIMEOUT 0
83011 2 5.0 7873062 782 TIMEOUT 0
83012 2 5.0 7873062 782 TIMEOUT 0
83013 2 5.0 7873062 782 TIMEOUT 0
83014 2 5.0 7873062 782 TIMEOUT 0
83015 2 5.0 7873062 782 TIMEOUT 0
83016 2 5.0 7873062 782 TIMEOUT 0
83017 2 5.0 7873062 782 TIMEOUT 0
83018 2 5.0 7873062 782 TIMEOUT 0
83019 2 5.0 7873062 782 TIMEOUT 0
83020 2 5.0 7873062 782 TIMEOUT 0
83021 2 5.0 7873062 782 TIMEOUT 0
83022 2 5.0 7873062 782 TIMEOUT 0
83023 2 5.0 7873062 782 TIMEOUT 0
83024 2 5.0 7873062 782 TIMEOUT 0
83025 2 5.0 7873062 782 TIMEOUT 0
83026 2 5.0 7873062 782 TIMEOUT 0
83027 2 5.0 7873062 782 TIMEOUT 0
83028 2 5.0 7873062 782 TIMEOUT 0
83029 2 5.0 7873062 782 TIMEOUT 0
83030 2 5.0 7873062 782 TIMEOUT 0
83031 2 5.0 7873062 782 TIMEOUT 0
83032 2 5.0 7873062 782 TIMEOUT 0
83033 2 5.0 7873062 782 TIMEOUT 0
83034 2 5.0 7873062 782 TIMEOUT 0
83035 2 5.0 7873062 782 TIMEOUT 0
83036 2 5.0 7873062 782 TIMEOUT 0
83037 2 5.0 7873062 782 TIMEOUT 0
83038 2 5.0 7873062 782 TIMEOUT 0
83039 2 5.0 7873062 782 TIMEOUT 0
83040 2 5.0 7873062 782 TIMEOUT 0
83041 2 5.0 7873062 782 TIMEOUT 0
83042 2 5.0 7873062 782 TIMEOUT 0
83043 2 5.0 7873062 782 TIMEOUT 0
83044 2 5.0 7873062 782 TIMEOUT 0
83045 2 5.0 7873062 782 TIMEOUT 0
83046 2 5.0 7873062 782 TIMEOUT 0
83047 2 5.0 7873062 782 TIMEOUT 0
83048 2 5.0 7873062 782 TIMEOUT 0
83049 2 5.0 7873062 782 TIMEOUT 0
83050 2 5.0 7873062 782 TIMEOUT 0
83051 2 5.0 7873062 782 TIMEOUT 0
83052 2 5.0 7873062 782 TIMEOUT 0
83053 2 5.0 7873062 782 TIMEOUT 0
83054 2 5.0 7873062 782 TIMEOUT 0
83055 2 5.0 7873062 782 TIMEOUT 0
83056 2 5.0 7873062 782 TIMEOUT 0
83057 2 5.0 7873062 782 TIMEOUT 0
83058 2 5.0 7873062 782 TIMEOUT 0
83059 2 5.0 7873062 782 TIMEOUT 0
83060 2 5.0 7873062 782 TIMEOUT 0
83061 2 5.0 7873062 782 TIMEOUT 0
83062 2 5.0 7873062 782 TIMEOUT 0
83063 2 5.0 7873062 782 TIMEOUT 0
83064 2 5.0 7873062 782 TIMEOUT 0
83065 2 5.0 7873062 782 TIMEOUT 0
83066 2 5.0 7873062 782 TIMEOUT 0
83067 2 5.0 7873062 782 TIMEOUT 0
83068 2 5.0 7873062 782 TIMEOUT 0
83069 2 5.0 7873062 782 TIMEOUT 0
83070 2 5.0 7873062 782 TIMEOUT 0
83071 2 5.0 7873062 782 TIMEOUT 0
83072 2 5.0 7873062 782 TIMEOUT 0
83073 2 5.0 7873062 782 TIMEOUT 0
83074 2 5.0 7873062 782 TIMEOUT 0
83075 2 5.0 7873062 782 TIMEOUT 0
83076 2 5.0 7873062 782 TIMEOUT 0
83077 2 5.0 7873062 782 TIMEOUT 0
83078 2 5.0 7873062 782 TIMEOUT 0
83079 2 5.0 7873062 782 TIMEOUT 0
83080 2 5.0 7873062 782 TIMEOUT 0
83081 2 5.0 7873062 782 TIMEOUT 0
83082 2 5.0 7873062 782 TIMEOUT 0
83083 2 5.0 7873062 782 TIMEOUT 0
83084 2 5.0 7873062 782 TIMEOUT 0
83085 2 5.0 7873062 782 TIMEOUT 0
83086 2 5.0 7873062 782 TIMEOUT 0
83087 2 5.0 7873062 782 TIMEOUT 0
83088 2 5.0 7873062 782 TIMEOUT 0
83089 2 5.0 7873062 782 TIMEOUT 0
83090 2 5.0 7873062 782 TIMEOUT 0
83091 2 5.0 7873062 782 TIMEOUT 0
83092 2 5.0 7873062 782 TIMEOUT 0
83093 2 5.0 7873062 782 TIMEOUT 0
83094 2 5.0 7873062 782 TIMEOUT 0
83095 2 5.0 7873062 782 TIMEOUT 0
83096 2 5.0 7873062 782 TIMEOUT 0
83097 2 5.0 7873062 782 TIMEOUT 0
83098 2 5.0 7873062 782 TIMEOUT 0
83099 2 5.0 7873062 782 TIMEOUT 0
83100 2 5.0 7873062 782 TIMEOUT 0
83101 2 7.1 7873062 782 TIMEOUT 0
83102 2 7.1 7873062 782 TIMEOUT 0
83103 2 7.1 7873062 782 TIMEOUT 0
83104 2 7.1 7873062 782 TIMEOUT 0
83105 2 7.1 7873062 782 TIMEOUT 0
83106 2 7.1 7873062 782 TIMEOUT 0
83107 2 7.1 7873062 782 TIMEOUT 0
83108 2 7.1 7873062 782 TIMEOUT 0
83109 2 7.1 7873062 782 TIMEOUT 0
83110 2 7.1 7873062 782 TIMEOUT 0
83111 2 7.1 7873062 782 TIMEOUT 0
83112 2 7.1 7873062 782 TIMEOUT 0
83113 2 7.1 7873062 782 TIMEOUT 0
83114 2 7.1 7873062 782 TIMEOUT 0
83115 2 7.1 7873062 782 TIMEOUT 0
83116 2 7.1 7873062 782 TIMEOUT 0
83117 2 7.1 7873062 782 TIMEOUT 0
83118 2 7.1 7873062 782 TIMEOUT 0
83119 2 7.1 7873062 782 TIMEOUT 0
83120 2 7.1 7873062 782 TIMEOUT 0
83121 2 7.1 7873062 782 TIMEOUT 0
83122 2 7.1 7873062 782 TIMEOUT 0
83123 2 7.1 7873062 782 TIMEOUT 0
83124 2 7.1 7873062 782 TIMEOUT 0
83125 2 7.1 7873062 782 TIMEOUT 0
83126 2 7.1 7873062 782 TIMEOUT 0
83127 2 7.1 7873062 782 TIMEOUT 0
83128 2 7.1 7873062 782 TIMEOUT 0
83129 2 7.1 7873062 782 TIMEOUT 0
83130 2 7.1 7873062 782 TIMEOUT 0
83131 2 7.1 7873062 782 TIMEOUT 0
83132 2 7.1 7873062 782 TIMEOUT 0
83133 2 7.1 7873062 782 TIMEOUT 0
83134 2 7.1 7873062 782 TIMEOUT 0
83135 2 7.1 7873062 782 TIMEOUT 0
83136 2 7.1 7873062 782 TIMEOUT 0
83137 2 7.1 7873062 782 TIMEOUT 0
83138 2 7.1 7873062 782 TIMEOUT 0
83139 2 7.1 7873062 782 TIMEOUT 0
83140 2 7.1 7873062 782 TIMEOUT 0
83141 2 7.1 7873062 782 TIMEOUT 0
83142 2 7.1 7873062 782 TIMEOUT 0
83143 2 7.1 7873062 782 TIMEOUT 0
83144 2 7.1 7873062 782 TIMEOUT 0
83145 2 7.1 7873062 782 TIMEOUT 0
83146 2 7.1 7873062 782 TIMEOUT 0
83147 2 7.1 7873062 782 TIMEOUT 0
83148 2 7.1 7873062 782 TIMEOUT 0
83149 2 7.1 7873062 782 TIMEOUT 0
83150 2 7.1 7873062 782 TIMEOUT 0
83151 2 7.1 7873062 782 TIMEOUT 0
83152 2 7.1 7873062 782 TIMEOUT 0
83153 2 7.1 7873062 782 TIMEOUT 0
83154 2 7.1 7873062 782 TIMEOUT 0
83155 2 7.1 7873062 782 TIMEOUT 0
83156 2 7.1 7873062 782 TIMEOUT 0
83157 2 7.1 7873062 782 TIMEOUT 0
83158 2 7.1 7873062 782 TIMEOUT 0
83159 2 7.1 7873062 782 TIMEOUT 0
83160 2 7.1 7873062 782 TIMEOUT 0
83161 2 7.1 7873062 782 TIMEOUT 0
83162 2 7.1 7873062 782 TIMEOUT 0
83163 2 7.1 7873062 782 TIMEOUT 0
83164 2 7.1 7873062 782 TIMEOUT 0
83165 2 7.1 7873062 782 TIMEOUT 0
83166 2 7.1 7873062 782 TIMEOUT 0
83167 2 7.1 7873062 782 TIMEOUT 0
83168 2 7.1 7873062 782 TIMEOUT 0
83169 2 7.1 7873062 782 TIMEOUT 0
83170 2 7.1 7873062 782 TIMEOUT 0
83171 2 7.1 7873062 782 TIMEOUT 0
83172 2 7.1 7873062 782 TIMEOUT 0
83173 2 7.1 7873062 782 TIMEOUT 0
83174 2 7.1 7873062 782 TIMEOUT 0
83175 2 7.1 7873062 782 TIMEOUT 0
83176 2 7.1 7873062 782 TIMEOUT 0
83177 2 7.1 7873062 782 TIMEOUT 0
83178 2 7.1 7873062 782 TIMEOUT 0
83179 2 7.1 7873062 782 TIMEOUT 0
83180 2 7.1 7873062 782 TIMEOUT 0
83181 2 7.1 7873062 782 TIMEOUT 0
83182 2 7.1 7873062 782 TIMEOUT 0
83183 2 7.1 7873062 782 TIMEOUT 0
83184 2 7.1 7873062 782 TIMEOUT 0
83185 2 7.1 7873062 782 TIMEOUT 0
83186 2 7.1 7873062 782 TIMEOUT 0
83187 2 7.1 7873062 782 TIMEOUT 0
83188 2 7.1 7873062 782 TIMEOUT 0
83189 2 7.1 7873062 782 TIMEOUT 0
83190 2 7.1 7873062 782 TIMEOUT 0
83191 2 7.1 7873062 782 TIMEOUT 0
83192 2 7.1 7873062 782 TIMEOUT 0
83193 2 7.1 7873062 782 TIMEOUT 0
83194 2 7.1 7873062 782 TIMEOUT 0
83195 2 7.1 7873062 782 TIMEOUT 0
83196 2 7.1 7873062 782 TIMEOUT 0
83197 2 7.1 7873062 782 TIMEOUT 0
83198 2 7.1 7873062 782 TIMEOUT 0
83199 2 7.1 7873062 782 TIMEOUT 0
83200 2 7.1 7873062 782 TIMEOUT 0
83201 2 10.2 7873062 782 TIMEOUT 0
83202 2 10.2 7873062 782 TIMEOUT 0
83203 2 10.2 7873062 782 TIMEOUT 0
83204 2 10.2 7873062 782 TIMEOUT 0
83205 2 10.2 7873062 782 TIMEOUT 0
83206 2 10.2 7873062 782 TIMEOUT 0
83207 2 10.2 7873062 782 TIMEOUT 0
83208 2 10.2 7873062 782 TIMEOUT 0
83209 2 10.2 7873062 782 TIMEOUT 0
83210 2 10.2 7873062 782 TIMEOUT 0
83211 2 10.2 7873062 782 TIMEOUT 0
83212 2 10.2 7873062 782 TIMEOUT 0
83213 2 10.2 7873062 782 TIMEOUT 0
83214 2 10.2 7873062 782 TIMEOUT 0
83215 2 10.2 7873062 782 TIMEOUT 0
83216 2 10.2 7873062 782 TIMEOUT 0
83217 2 10.2 7873062 782 TIMEOUT 0
83218 2 10.2 7873062 782 TIMEOUT 0
83219 2 10.2 7873062 782 TIMEOUT 0
83220 2 10.2 7873062 782 TIMEOUT 0
83221 2 10.2 7873062 782 TIMEOUT 0
83222 2 10.2 7873062 782 TIMEOUT 0
83223 2 10.2 7873062 782 TIMEOUT 0
83224 2 10.2 7873062 782 TIMEOUT 0
83225 2 10.2 7873062 782 TIMEOUT 0
83226 2 10.2 7873062 782 TIMEOUT 0
83227 2 10.2 7873062 782 TIMEOUT 0
83228 2 10.2 7873062 782 TIMEOUT 0
83229 2 10.2 7873062 782 TIMEOUT 0
83230 2 10.2 7873062 782 TIMEOUT 0
83231 2 10.2 7873062 782 TIMEOUT 0
83232 2 10.2 7873062 782 TIMEOUT 0
83233 2 10.2 7873062 782 TIMEOUT 0
83234 2 10.2 7873062 782 TIMEOUT 0
83235 2 10.2 7873062 782 TIMEOUT 0
83236 2 10.2 7873062 782 TIMEOUT 0
83237 2 10.2 7873062 782 TIMEOUT 0
83238 2 10.2 7873062 782 TIMEOUT 0
83239 2 10.2 7873062 782 TIMEOUT 0
83240 2 10.2 7873062 782 TIMEOUT 0
83241 2 10.2 7873062 782 TIMEOUT 0
83242 2 10.2 7873062 782 TIMEOUT 0
83243 2 10.2 7873062 782 TIMEOUT 0
83244 2 10.2 7873062 782 TIMEOUT 0
83245 2 10.2 7873062 782 TIMEOUT 0
83246 2 10.2 7873062 782 TIMEOUT 0
83247 2 10.2 7873062 782 TIMEOUT 0
83248 2 10.2 7873062 782 TIMEOUT 0
83249 2 10.2 7873062 782 TIMEOUT 0
83250 2 10.2 7873062 782 TIMEOUT 0
83251 2 10.2 7873062 782 TIMEOUT 0
83252 2 10.2 7873062 782 TIMEOUT 0
83253 2 10.2 7873062 782 TIMEOUT 0
83254 2 10.2 7873062 782 TIMEOUT 0
83255 2 10.2 7873062 782 TIMEOUT 0
83256 2 10.2 7873062 782 TIMEOUT 0
83257 2 10.2 7873062 782 TIMEOUT 0
83258 2 10.2 7873062 782 TIMEOUT 0
83259 2 10.2 7873062 782 TIMEOUT 0
83260 2 10.2 7873062 782 TIMEOUT 0
83261 2 10.2 7873062 782 TIMEOUT 0
83262 2 10.2 7873062 782 TIMEOUT 0
83263 2 10.2 7873062 782 TIMEOUT 0
83264 2 10.2 7873062 782 TIMEOUT 0
83265 2 10.2 7873062 782 TIMEOUT 0
83266 2 10.2 7873062 782 TIMEOUT 0
83267 2 10.2 7873062 782 TIMEOUT 0
83268 2 10.2 7873062 782 TIMEOUT 0
83269 2 10.2 7873062 782 TIMEOUT 0
83270 2 10.2 7873062 782 TIMEOUT 0
83271 2 10.2 7873062 782 TIMEOUT 0
83272 2 10.2 7873062 782 TIMEOUT 0
83273 2 10.2 7873062 782 TIMEOUT 0
83274 2 10.2 7873062 782 TIMEOUT 0
83275 2 10.2 7873062 782 TIMEOUT 0
83276 2 10.2 7873062 782 TIMEOUT 0
83277 2 10.2 7873062 782 TIMEOUT 0
83278 2 10.2 7873062 782 TIMEOUT 0
83279 2 10.2 7873062 782 TIMEOUT 0
83280 2 10.2 7873062 782 TIMEOUT 0
83281 2 10.2 7873062 782 TIMEOUT 0
83282 2 10.2 7873062 782 TIMEOUT 0
83283 2 10.2 7873062 782 TIMEOUT 0
83284 2 10.2 7873062 782 TIMEOUT 0
83285 2 10.2 7873062 782 TIMEOUT 0
83286 2 10.2 7873062 782 TIMEOUT 0
83287 2 10.2 7873062 782 TIMEOUT 0
83288 2 10.2 7873062 782 TIMEOUT 0
83289 2 10.2 7873062 782 TIMEOUT 0
83290 2 10.2 7873062 782 TIMEOUT 0
83291 2 10.2 7873062 782 TIMEOUT 0
83292 2 10.2 7873062 782 TIMEOUT 0
83293 2 10.2 7873062 782 TIMEOUT 0
83294 2 10.2 7873062 782 TIMEOUT 0
83295 2 10.2 7873062 782 TIMEOUT 0
83296 2 10.2 7873062 782 TIMEOUT 0
83297 2 10.2 7873062 782 TIMEOUT 0
83298 2 10.2 7873062 782 TIMEOUT 0
83299 2 10.2 7873062 782 TIMEOUT 0
83300 2 10.2 7873062 782 TIMEOUT 0
83301 2 14.6 7873062 782 TIMEOUT 0
83302 2 14.6 7873062 782 TIMEOUT 0
83303 2 14.6 7873062 782 TIMEOUT 0
83304 2 14.6 7873062 782 TIMEOUT 0
83305 2 14.6 7873062 782 TIMEOUT 0
83306 2 14.6 7873062 782 TIMEOUT 0
83307 2 14.6 7873062 782 TIMEOUT 0
83308 2 14.6 7873062 782 TIMEOUT 0
83309 2 14.6 7873062 782 TIMEOUT 0
83310 2 14.6 7873062 782 TIMEOUT 0
83311 2 14.6 7873062 782 TIMEOUT 0
83312 2 14.6 7873062 782 TIMEOUT 0
83313 2 14.6 7873062 782 TIMEOUT 0
83314 2 14.6 7873062 782 TIMEOUT 0
83315 2 14.6 7873062 782 TIMEOUT 0
83316 2 14.6 7873062 782 TIMEOUT 0
83317 2 14.6 7873062 782 TIMEOUT 0
83318 2 14.6 7873062 782 TIMEOUT 0
83319 2 14.6 7873062 782 TIMEOUT 0
83320 2 14.6 7873062 782 TIMEOUT 0
83321 2 14.6 7873062 782 TIMEOUT 0
83322 2 14.6 7873062 782 TIMEOUT 0
83323 2 14.6 7873062 782 TIMEOUT 0
83324 2 14.6 7873062 782 TIMEOUT 0
83325 2 14.6 7873062 782 TIMEOUT 0
83326 2 14.6 7873062 782 TIMEOUT 0
83327 2 14.6 7873062 782 TIMEOUT 0
83328 2 14.6 7873062 782 TIMEOUT 0
83329 2 14.6 7873062 782 TIMEOUT 0
83330 2 14.6 7873062 782 TIMEOUT 0
83331 2 14.6 7873062 782 TIMEOUT 0
83332 2 14.6 7873062 782 TIMEOUT 0
83333 2 14.6 7873062 782 TIMEOUT 0
83334 2 14.6 7873062 782 TIMEOUT 0
83335 2 14.6 7873062 782 TIMEOUT 0
83336 2 14.6 7873062 782 TIMEOUT 0
83337 2 14.6 7873062 782 TIMEOUT 0
83338 2 14.6 7873062 782 TIMEOUT 0
83339 2 14.6 7873062 782 TIMEOUT 0
83340 2 14.6 7873062 782 TIMEOUT 0
83341 2 14.6 7873062 782 TIMEOUT 0
83342 2 14.6 7873062 782 TIMEOUT 0
83343 2 14.6 7873062 782 TIMEOUT 0
83344 2 14.6 7873062 782 TIMEOUT 0
83345 2 14.6 7873062 782 TIMEOUT 0
83346 2 14.6 7873062 782 TIMEOUT 0
83347 2 14.6 7873062 782 TIMEOUT 0
83348 2 14.6 7873062 782 TIMEOUT 0
83349 2 14.6 7873062 782 TIMEOUT 0
83350 2 14.6 7873062 782 TIMEOUT 0
83351 2 14.6 7873062 782 TIMEOUT 0
83352 2 14.6 7873062 782 TIMEOUT 0
83353 2 14.6 7873062 782 TIMEOUT 0
83354 2 14.6 7873062 782 TIMEOUT 0
83355 2 14.6 7873062 782 TIMEOUT 0
83356 2 14.6 7873062 782 TIMEOUT 0
83357 2 14.6 7873062 782 TIMEOUT 0
83358 2 14.6 7873062 782 TIMEOUT 0
83359 2 14.6 7873062 782 TIMEOUT 0
83360 2 14.6 7873062 782 TIMEOUT 0
83361 2 14.6 7873062 782 TIMEOUT 0
83362 2 14.6 7873062 782 TIMEOUT 0
83363 2 14.6 7873062 782 TIMEOUT 0
83364 2 14.6 7873062 782 TIMEOUT 0
83365 2 14.6 7873062 782 TIMEOUT 0
83366 2 14.6 7873062 782 TIMEOUT 0
83367 2 14.6 7873062 782 TIMEOUT 0
83368 2 14.6 7873062 782 TIMEOUT 0
83369 2 14.6 7873062 782 TIMEOUT 0
83370 2 14.6 7873062 782 TIMEOUT 0
83371 2 14.6 7873062 782 TIMEOUT 0
83372 2 14.6 7873062 782 TIMEOUT 0
83373 2 14.6 7873062 782 TIMEOUT 0
83374 2 14.6 7873062 782 TIMEOUT 0
83375 2 14.6 7873062 782 TIMEOUT 0
83376 2 14.6 7873062 782 TIMEOUT 0
83377 2 14.6 7873062 782 TIMEOUT 0
83378 2 14.6 7873062 782 TIMEOUT 0
83379 2 14.6 7873062 782 TIMEOUT 0
83380 2 14.6 7873062 782 TIMEOUT 0
83381 2 14.6 7873062 782 TIMEOUT 0
83382 2 14.6 7873062 782 TIMEOUT 0
83383 2 14.6 7873062 782 TIMEOUT 0
83384 2 14.6 7873062 782 TIMEOUT 0
83385 2 14.6 7873062 782 TIMEOUT 0
83386 2 14.6 7873062 782 TIMEOUT 0
83387 2 14.6 7873062 782 TIMEOUT 0
83388 2 14.6 7873062 782 TIMEOUT 0
83389 2 14.6 7873062 782 TIMEOUT 0
83390 2 14.6 7873062 782 TIMEOUT 0
83391 2 14.6 7873062 782 TIMEOUT 0
83392 2 14.6 7873062 782 TIMEOUT 0
83393 2 14.6 7873062 782 TIMEOUT 0
83394 2 14.6 7873062 782 TIMEOUT 0
83395 2 14.6 7873062 782 TIMEOUT 0
83396 2 14.6 7873062 782 TIMEOUT 0
83397 2 14.6 7873062 782 TIMEOUT 0
83398 2 14.6 7873062 782 TIMEOUT 0
83399 2 14.6 7873062 782 TIMEOUT 0
83400 2 14.6 7873062 782 TIMEOUT 0
83401 2 20.9 7873062 782 TIMEOUT 0
83402 2 20.9 7873062 782 TIMEOUT 0
83403 2 20.9 7873062 782 TIMEOUT 0
83404 2 20.9 7873062 782 TIMEOUT 0
83405 2 20.9 7873062 782 TIMEOUT 0
83406 2 20.9 7873062 782 TIMEOUT 0
83407 2 20.9 7873062 782 TIMEOUT 0
83408 2 20.9 7873062 782 TIMEOUT 0
83409 2 20.9 7873062 782 TIMEOUT 0
83410 2 20.9 7873062 782 TIMEOUT 0
83411 2 20.9 7873062 782 TIMEOUT 0
83412 2 20.9 7873062 782 TIMEOUT 0
83413 2 20.9 7873062 782 TIMEOUT 0
83414 2 20.9 7873062 782 TIMEOUT 0
83415 2 20.9 7873062 782 TIMEOUT 0
83416 2 20.9 7873062 782 TIMEOUT 0
83417 2 20.9 7873062 782 TIMEOUT 0
83418 2 20.9 7873062 782 TIMEOUT 0
83419 2 20.9 7873062 782 TIMEOUT 0
83420 2 20.9 7873062 782 TIMEOUT 0
83421 2 20.9 7873062 782 TIMEOUT 0
83422 2 20.9 7873062 782 TIMEOUT 0
83423 2 20.9 7873062 782 TIMEOUT 0
83424 2 20.9 7873062 782 TIMEOUT 0
83425 2 20.9 7873062 782 TIMEOUT 0
83426 2 20.9 7873062 782 TIMEOUT 0
83427 2 20.9 7873062 782 TIMEOUT 0
83428 2 20.9 7873062 782 TIMEOUT 0
83429 2 20.9 7873062 782 TIMEOUT 0
83430 2 20.9 7873062 782 TIMEOUT 0
83431 2 20.9 7873062 782 TIMEOUT 0
83432 2 20.9 7873062 782 TIMEOUT 0
83433 2 20.9 7873062 782 TIMEOUT 0
83434 2 20.9 7873062 782 TIMEOUT 0
83435 2 20.9 7873062 782 TIMEOUT 0
83436 2 20.9 7873062 782 TIMEOUT 0
83437 2 20.9 7873062 782 TIMEOUT 0
83438 2 20.9 7873062 782 TIMEOUT 0
83439 2 20.9 7873062 782 TIMEOUT 0
83440 2 20.9 7873062 782 TIMEOUT 0
83441 2 20.9 7873062 782 TIMEOUT 0
83442 2 20.9 7873062 782 TIMEOUT 0
83443 2 20.9 7873062 782 TIMEOUT 0
83444 2 20.9 7873062 782 TIMEOUT 0
83445 2 20.9 7873062 782 TIMEOUT 0
83446 2 20.9 7873062 782 TIMEOUT 0
83447 2 20.9 7873062 782 TIMEOUT 0
83448 2 20.9 7873062 782 TIMEOUT 0
83449 2 20.9 7873062 782 TIMEOUT 0
83450 2 20.9 7873062 782 TIMEOUT 0
83451 2 20.9 7873062 782 TIMEOUT 0
83452 2 20.9 7873062 782 TIMEOUT 0
83453 2 20.9 7873062 782 TIMEOUT 0
83454 2 20.9 7873062 782 TIMEOUT 0
83455 2 20.9 7873062 782 TIMEOUT 0
83456 2 20.9 7873062 782 TIMEOUT 0
83457 2 20.9 7873062 782 TIMEOUT 0
83458 2 20.9 7873062 782 TIMEOUT 0
83459 2 20.9 7873062 782 TIMEOUT 0
83460 2 20.9 7873062 782 TIMEOUT 0
83461 2 20.9 7873062 782 TIMEOUT 0
83462 2 20.9 7873062 782 TIMEOUT 0
83463 2 20.9 7873062 782 TIMEOUT 0
83464 2 20.9 7873062 782 TIMEOUT 0
83465 2 20.9 7873062 782 TIMEOUT 0
83466 2 20.9 7873062 782 TIMEOUT 0
83467 2 20.9 7873062 782 TIMEOUT 0
83468 2 20.9 7873062 782 TIMEOUT 0
83469 2 20.9 7873062 782 TIMEOUT 0
83470 2 20.9 7873062 782 TIMEOUT 0
83471 2 20.9 7873062 782 TIMEOUT 0
83472 2 20.9 7873062 782 TIMEOUT 0
83473 2 20.9 7873062 782 TIMEOUT 0
83474 2 20.9 7873062 782 TIMEOUT 0
83475 2 20.9 7873062 782 TIMEOUT 0
83476 2 20.9 7873062 782 TIMEOUT 0
83477 2 20.9 7873062 782 TIMEOUT 0
83478 2 20.9 7873062 782 TIMEOUT 0
83479 2 20.9 7873062 782 TIMEOUT 0
83480 2 20.9 7873062 782 TIMEOUT 0
83481 2 20.9 7873062 782 TIMEOUT 0
83482 2 20.9 7873062 782 TIMEOUT 0
83483 2 20.9 7873062 782 TIMEOUT 0
83484 2 20.9 7873062 782 TIMEOUT 0
83485 2 20.9 7873062 782 TIMEOUT 0
83486 2 20.9 7873062 782 TIMEOUT 0
83487 2 20.9 7873062 782 TIMEOUT 0
83488 2 20.9 7873062 782 TIMEOUT 0
83489 2 20.9 7873062 782 TIMEOUT 0
83490 2 20.9 7873062 782 TIMEOUT 0
83491 2 20.9 7873062 782 TIMEOUT 0
83492 2 20.9 7873062 782 TIMEOUT 0
83493 2 20.9 7873062 782 TIMEOUT 0
83494 2 20.9 7873062 782 TIMEOUT 0
83495 2 20.9 7873062 782 TIMEOUT 0
83496 2 20.9 7873062 782 TIMEOUT 0
83497 2 20.9 7873062 782 TIMEOUT 0
83498 2 20.9 7873062 782 TIMEOUT 0
83499 2 20.9 7873062 782 TIMEOUT 0
83500 2 20.9 7873062 782 TIMEOUT 0
198001 2 5.0 5776151 682 TIMEOUT 0
198002 2 5.0 5776151 682 TIMEOUT 0
198003 2 5.0 5776151 682 TIMEOUT 0
198004 2 5.0 5776151 682 TIMEOUT 0
198005 2 5.0 5776151 682 TIMEOUT 0
198006 2 5.0 5776151 682 TIMEOUT 0
198007 2 5.0 5776151 682 TIMEOUT 0
198008 2 5.0 5776151 682 TIMEOUT 0
198009 2 5.0 5776151 682 TIMEOUT 0
198010 2 5.0 5776151 682 TIMEOUT 0
198011 2 5.0 5776151 682 TIMEOUT 0
198012 2 5.0 5776151 682 TIMEOUT 0
198013 2 5.0 5776151 682 TIMEOUT 0
198014 2 5.0 5776151 682 TIMEOUT 0
198015 2 5.0 5776151 682 TIMEOUT 0
198016 2 5.0 5776151 682 TIMEOUT 0
198017 2 5.0 5776151 682 TIMEOUT 0
198018 2 5.0 5776151 682 TIMEOUT 0
198019 2 5.0 5776151 682 TIMEOUT 0
198020 2 5.0 5776151 682 TIMEOUT 0
198021 2 5.0 5776151 682 TIMEOUT 0
198022 2 5.0 5776151 682 TIMEOUT 0
198023 2 5.0 5776151 682 TIMEOUT 0
198024 2 5.0 5776151 682 TIMEOUT 0
198025 2 5.0 5776151 682 TIMEOUT 0
198026 2 5.0 5776151 682 TIMEOUT 0
198027 2 5.0 5776151 682 TIMEOUT 0
198028 2 5.0 5776151 682 TIMEOUT 0
198029 2 5.0 5776151 682 TIMEOUT 0
198030 2 5.0 5776151 682 TIMEOUT 0
198031 2 5.0 5776151 682 TIMEOUT 0
198032 2 5.0 5776151 682 TIMEOUT 0
198033 2 5.0 5776151 682 TIMEOUT 0
198034 2 5.0 5776151 682 TIMEOUT 0
198035 2 5.0 5776151 682 TIMEOUT 0
198036 2 5.0 5776151 682 TIMEOUT 0
198037 2 5.0 5776151 682 TIMEOUT 0
198038 2 5.0 5776151 682 TIMEOUT 0
198039 2 5.0 5776151 682 TIMEOUT 0
198040 2 5.0 5776151 682 TIMEOUT 0
198041 2 5.0 5776151 682 TIMEOUT 0
198042 2 5.0 5776151 682 TIMEOUT 0
198043 2 5.0 5776151 682 TIMEOUT 0
198044 2 5.0 5776151 682 TIMEOUT 0
198045 2 5.0 5776151 682 TIMEOUT 0
198046 2 5.0 5776151 682 TIMEOUT 0
198047 2 5.0 5776151 682 TIMEOUT 0
198048 2 5.0 5776151 682 TIMEOUT 0
198049 2 5.0 5776151 682 TIMEOUT 0
198050 2 5.0 5776151 682 TIMEOUT 0
198051 2 5.0 5776151 682 TIMEOUT 0
198052 2 5.0 5776151 682 TIMEOUT 0
198053 2 5.0 5776151 682 TIMEOUT 0
198054 2 5.0 5776151 682 TIMEOUT 0
198055 2 5.0 5776151 682 TIMEOUT 0
198056 2 5.0 5776151 682 TIMEOUT 0
198057 2 5.0 5776151 682 TIMEOUT 0
198058 2 5.0 5776151 682 TIMEOUT 0
198059 2 5.0 5776151 682 TIMEOUT 0
198060 2 5.0 5776151 682 TIMEOUT 0
198061 2 5.0 5776151 682 TIMEOUT 0
198062 2 5.0 5776151 682 TIMEOUT 0
198063 2 5.0 5776151 682 TIMEOUT 0
198064 2 5.0 5776151 682 TIMEOUT 0
198065 2 5.0 5776151 682 TIMEOUT 0
198066 2 5.0 5776151 682 TIMEOUT 0
198067 2 5.0 5776151 682 TIMEOUT 0
198068 2 5.0 5776151 682 TIMEOUT 0
198069 2 5.0 5776151 682 TIMEOUT 0
198070 2 5.0 5776151 682 TIMEOUT 0
198071 2 5.0 5776151 682 TIMEOUT 0
198072 2 5.0 5776151 682 TIMEOUT 0
198073 2 5.0 5776151 682 TIMEOUT 0
198074 2 5.0 5776151 682 TIMEOUT 0
198075 2 5.0 5776151 682 TIMEOUT 0
198076 2 5.0 5776151 682 TIMEOUT 0
198077 2 5.0 5776151 682 TIMEOUT 0
198078 2 5.0 5776151 682 TIMEOUT 0
198079 2 5.0 5776151 682 TIMEOUT 0
198080 2 5.0 5776151 682 TIMEOUT 0
198081 2 5.0 5776151 682 TIMEOUT 0
198082 2 5.0 5776151 682 TIMEOUT 0
198083 2 5.0 5776151 682 TIMEOUT 0
198084 2 5.0 5776151 682 TIMEOUT 0
198085 2 5.0 5776151 682 TIMEOUT 0
198086 2 5.0 5776151 682 TIMEOUT 0
198087 2 5.0 5776151 682 TIMEOUT 0
198088 2 5.0 5776151 682 TIMEOUT 0
198089 2 5.0 5776151 682 TIMEOUT 0
198090 2 5.0 5776151 682 TIMEOUT 0
198091 2 5.0 5776151 682 TIMEOUT 0
198092 2 5.0 5776151 682 TIMEOUT 0
198093 2 5.0 5776151 682 TIMEOUT 0
198094 2 5.0 5776151 682 TIMEOUT 0
198095 2 5.0 5776151 682 TIMEOUT 0
198096 2 5.0 5776151 682 TIMEOUT 0
198097 2 5.0 5776151 682 TIMEOUT 0
198098 2 5.0 5776151 682 TIMEOUT 0
198099 2 5.0 5776151 682 TIMEOUT 0
198100 2 5.0 5776151 682 TIMEOUT 0
198101 2 7.1 5776151 682 TIMEOUT 0
198102 2 7.1 5776151 682 TIMEOUT 0
198103 2 7.1 5776151 682 TIMEOUT 0
198104 2 7.1 5776151 682 TIMEOUT 0
198105 2 7.1 5776151 682 TIMEOUT 0
198106 2 7.1 5776151 682 TIMEOUT 0
198107 2 7.1 5776151 682 TIMEOUT 0
198108 2 7.1 5776151 682 TIMEOUT 0
198109 2 7.1 5776151 682 TIMEOUT 0
198110 2 7.1 5776151 682 TIMEOUT 0
198111 2 7.1 5776151 682 TIMEOUT 0
198112 2 7.1 5776151 682 TIMEOUT 0
198113 2 7.1 5776151 682 TIMEOUT 0
198114 2 7.1 5776151 682 TIMEOUT 0
198115 2 7.1 5776151 682 TIMEOUT 0
198116 2 7.1 5776151 682 TIMEOUT 0
198117 2 7.1 5776151 682 TIMEOUT 0
198118 2 7.1 5776151 682 TIMEOUT 0
198119 2 7.1 5776151 682 TIMEOUT 0
198120 2 7.1 5776151 682 TIMEOUT 0
198121 2 7.1 5776151 682 TIMEOUT 0
198122 2 7.1 5776151 682 TIMEOUT 0
198123 2 7.1 5776151 682 TIMEOUT 0
198124 2 7.1 5776151 682 TIMEOUT 0
198125 2 7.1 5776151 682 TIMEOUT 0
198126 2 7.1 5776151 682 TIMEOUT 0
198127 2 7.1 5776151 682 TIMEOUT 0
198128 2 7.1 5776151 682 TIMEOUT 0
198129 2 7.1 5776151 682 TIMEOUT 0
198130 2 7.1 5776151 682 TIMEOUT 0
198131 2 7.1 5776151 682 TIMEOUT 0
198132 2 7.1 5776151 682 TIMEOUT 0
198133 2 7.1 5776151 682 TIMEOUT 0
198134 2 7.1 5776151 682 TIMEOUT 0
198135 2 7.1 5776151 682 TIMEOUT 0
198136 2 7.1 5776151 682 TIMEOUT 0
198137 2 7.1 5776151 682 TIMEOUT 0
198138 2 7.1 5776151 682 TIMEOUT 0
198139 2 7.1 5776151 682 TIMEOUT 0
198140 2 7.1 5776151 682 TIMEOUT 0
198141 2 7.1 5776151 682 TIMEOUT 0
198142 2 7.1 5776151 682 TIMEOUT 0
198143 2 7.1 5776151 682 TIMEOUT 0
198144 2 7.1 5776151 682 TIMEOUT 0
198145 2 7.1 5776151 682 TIMEOUT 0
198146 2 7.1 5776151 682 TIMEOUT 0
198147 2 7.1 5776151 682 TIMEOUT 0
198148 2 7.1 5776151 682 TIMEOUT 0
198149 2 7.1 5776151 682 TIMEOUT 0
198150 2 7.1 5776151 682 TIMEOUT 0
198151 2 7.1 5776151 682 TIMEOUT 0
198152 2 7.1 5776151 682 TIMEOUT 0
198153 2 7.1 5776151 682 TIMEOUT 0
198154 2 7.1 5776151 682 TIMEOUT 0
198155 2 7.1 5776151 682 TIMEOUT 0
198156 2 7.1 5776151 682 TIMEOUT 0
198157 2 7.1 5776151 682 TIMEOUT 0
198158 2 7.1 5776151 682 TIMEOUT 0
198159 2 7.1 5776151 682 TIMEOUT 0
198160 2 7.1 5776151 682 TIMEOUT 0
198161 2 7.1 5776151 682 TIMEOUT 0
198162 2 7.1 5776151 682 TIMEOUT 0
198163 2 7.1 5776151 682 TIMEOUT 0
198164 2 7.1 5776151 682 TIMEOUT 0
198165 2 7.1 5776151 682 TIMEOUT 0
198166 2 7.1 5776151 682 TIMEOUT 0
198167 2 7.1 5776151 682 TIMEOUT 0
198168 2 7.1 5776151 682 TIMEOUT 0
198169 2 7.1 5776151 682 TIMEOUT 0
198170 2 7.1 5776151 682 TIMEOUT 0
198171 2 7.1 5776151 682 TIMEOUT 0
198172 2 7.1 5776151 682 TIMEOUT 0
198173 2 7.1 5776151 682 TIMEOUT 0
198174 2 7.1 5776151 682 TIMEOUT 0
198175 2 7.1 5776151 682 TIMEOUT 0
198176 2 7.1 5776151 682 TIMEOUT 0
198177 2 7.1 5776151 682 TIMEOUT 0
198178 2 7.1 5776151 682 TIMEOUT 0
198179 2 7.1 5776151 682 TIMEOUT 0
198180 2 7.1 5776151 682 TIMEOUT 0
198181 2 7.1 5776151 682 TIMEOUT 0
198182 2 7.1 5776151 682 TIMEOUT 0
198183 2 7.1 5776151 682 TIMEOUT 0
198184 2 7.1 5776151 682 TIMEOUT 0
198185 2 7.1 5776151 682 TIMEOUT 0
198186 2 7.1 5776151 682 TIMEOUT 0
198187 2 7.1 5776151 682 TIMEOUT 0
198188 2 7.1 5776151 682 TIMEOUT 0
198189 2 7.1 5776151 682 TIMEOUT 0
198190 2 7.1 5776151 682 TIMEOUT 0
198191 2 7.1 5776151 682 TIMEOUT 0
198192 2 7.1 5776151 682 TIMEOUT 0
198193 2 7.1 5776151 682 TIMEOUT 0
198194 2 7.1 5776151 682 TIMEOUT 0
198195 2 7.1 5776151 682 TIMEOUT 0
198196 2 7.1 5776151 682 TIMEOUT 0
198197 2 7.1 5776151 682 TIMEOUT 0
198198 2 7.1 5776151 682 TIMEOUT 0
198199 2 7.1 5776151 682 TIMEOUT 0
198200 2 7.1 5776151 682 TIMEOUT 0
198201 2 10.2 5776151 682 TIMEOUT 0
198202 2 10.2 5776151 682 TIMEOUT 0
198203 2 10.2 5776151 682 TIMEOUT 0
198204 2 10.2 5776151 682 TIMEOUT 0
198205 2 10.2 5776151 682 TIMEOUT 0
198206 2 10.2 5776151 682 TIMEOUT 0
198207 2 10.2 5776151 682 TIMEOUT 0
198208 2 10.2 5776151 682 TIMEOUT 0
198209 2 10.2 5776151 682 TIMEOUT 0
198210 2 10.2 5776151 682 TIMEOUT 0
198211 2 10.2 5776151 682 TIMEOUT 0
198212 2 10.2 5776151 682 TIMEOUT 0
198213 2 10.2 5776151 682 TIMEOUT 0
198214 2 10.2 5776151 682 TIMEOUT 0
198215 2 10.2 5776151 682 TIMEOUT 0
198216 2 10.2 5776151 682 TIMEOUT 0
198217 2 10.2 5776151 682 TIMEOUT 0
198218 2 10.2 5776151 682 TIMEOUT 0
198219 2 10.2 5776151 682 TIMEOUT 0
198220 2 10.2 5776151 682 TIMEOUT 0
198221 2 10.2 5776151 682 TIMEOUT 0
198222 2 10.2 5776151 682 TIMEOUT 0
198223 2 10.2 5776151 682 TIMEOUT 0
198224 2 10.2 5776151 682 TIMEOUT 0
198225 2 10.2 5776151 682 TIMEOUT 0
198226 2 10.2 5776151 682 TIMEOUT 0
198227 2 10.2 5776151 682 TIMEOUT 0
198228 2 10.2 5776151 682 TIMEOUT 0
198229 2 10.2 5776151 682 TIMEOUT 0
198230 2 10.2 5776151 682 TIMEOUT 0
198231 2 10.2 5776151 682 TIMEOUT 0
198232 2 10.2 5776151 682 TIMEOUT 0
198233 2 10.2 5776151 682 TIMEOUT 0
198234 2 10.2 5776151 682 TIMEOUT 0
198235 2 10.2 5776151 682 TIMEOUT 0
198236 2 10.2 5776151 682 TIMEOUT 0
198237 2 10.2 5776151 682 TIMEOUT 0
198238 2 10.2 5776151 682 TIMEOUT 0
198239 2 10.2 5776151 682 TIMEOUT 0
198240 2 10.2 5776151 682 TIMEOUT 0
198241 2 10.2 5776151 682 TIMEOUT 0
198242 2 10.2 5776151 682 TIMEOUT 0
198243 2 10.2 5776151 682 TIMEOUT 0
198244 2 10.2 5776151 682 TIMEOUT 0
198245 2 10.2 5776151 682 TIMEOUT 0
198246 2 10.2 5776151 682 TIMEOUT 0
198247 2 10.2 5776151 682 TIMEOUT 0
198248 2 10.2 5776151 682 TIMEOUT 0
198249 2 10.2 5776151 682 TIMEOUT 0
198250 2 10.2 5776151 682 TIMEOUT 0
198251 2 10.2 5776151 682 TIMEOUT 0
198252 2 10.2 5776151 682 TIMEOUT 0
198253 2 10.2 5776151 682 TIMEOUT 0
198254 2 10.2 5776151 682 TIMEOUT 0
198255 2 10.2 5776151 682 TIMEOUT 0
198256 2 10.2 5776151 682 TIMEOUT 0
198257 2 10.2 5776151 682 TIMEOUT 0
198258 2 10.2 5776151 682 TIMEOUT 0
198259 2 10.2 5776151 682 TIMEOUT 0
198260 2 10.2 5776151 682 TIMEOUT 0
198261 2 10.2 5776151 682 TIMEOUT 0
198262 2 10.2 5776151 682 TIMEOUT 0
198263 2 10.2 5776151 682 TIMEOUT 0
198264 2 10.2 5776151 682 TIMEOUT 0
198265 2 10.2 5776151 682 TIMEOUT 0
198266 2 10.2 5776151 682 TIMEOUT 0
198267 2 10.2 5776151 682 TIMEOUT 0
198268 2 10.2 5776151 682 TIMEOUT 0
198269 2 10.2 5776151 682 TIMEOUT 0
198270 2 10.2 5776151 682 TIMEOUT 0
198271 2 10.2 5776151 682 TIMEOUT 0
198272 2 10.2 5776151 682 TIMEOUT 0
198273 2 10.2 5776151 682 TIMEOUT 0
198274 2 10.2 5776151 682 TIMEOUT 0
198275 2 10.2 5776151 682 TIMEOUT 0
198276 2 10.2 5776151 682 TIMEOUT 0
198277 2 10.2 5776151 682 TIMEOUT 0
198278 2 10.2 5776151 682 TIMEOUT 0
198279 2 10.2 5776151 682 TIMEOUT 0
198280 2 10.2 5776151 682 TIMEOUT 0
198281 2 10.2 5776151 682 TIMEOUT 0
198282 2 10.2 5776151 682 TIMEOUT 0
198283 2 10.2 5776151 682 TIMEOUT 0
198284 2 10.2 5776151 682 TIMEOUT 0
198285 2 10.2 5776151 682 TIMEOUT 0
198286 2 10.2 5776151 682 TIMEOUT 0
198287 2 10.2 5776151 682 TIMEOUT 0
198288 2 10.2 5776151 682 TIMEOUT 0
198289 2 10.2 5776151 682 TIMEOUT 0
198290 2 10.2 5776151 682 TIMEOUT 0
198291 2 10.2 5776151 682 TIMEOUT 0
198292 2 10.2 5776151 682 TIMEOUT 0
198293 2 10.2 5776151 682 TIMEOUT 0
198294 2 10.2 5776151 682 TIMEOUT 0
198295 2 10.2 5776151 682 TIMEOUT 0
198296 2 10.2 5776151 682 TIMEOUT 0
198297 2 10.2 5776151 682 TIMEOUT 0
198298 2 10.2 5776151 682 TIMEOUT 0
198299 2 10.2 5776151 682 TIMEOUT 0
198300 2 10.2 5776151 682 TIMEOUT 0
198301 2 14.6 5776151 682 TIMEOUT 0
198302 2 14.6 5776151 682 TIMEOUT 0
198303 2 14.6 5776151 682 TIMEOUT 0
198304 2 14.6 5776151 682 TIMEOUT 0
198305 2 14.6 5776151 682 TIMEOUT 0
198306 2 14.6 5776151 682 TIMEOUT 0
198307 2 14.6 5776151 682 TIMEOUT 0
198308 2 14.6 5776151 682 TIMEOUT 0
198309 2 14.6 5776151 682 TIMEOUT 0
198310 2 14.6 5776151 682 TIMEOUT 0
198311 2 14.6 5776151 682 TIMEOUT 0
198312 2 14.6 5776151 682 TIMEOUT 0
198313 2 14.6 5776151 682 TIMEOUT 0
198314 2 14.6 5776151 682 TIMEOUT 0
198315 2 14.6 5776151 682 TIMEOUT 0
198316 2 14.6 5776151 682 TIMEOUT 0
198317 2 14.6 5776151 682 TIMEOUT 0
198318 2 14.6 5776151 682 TIMEOUT 0
198319 2 14.6 5776151 682 TIMEOUT 0
198320 2 14.6 5776151 682 TIMEOUT 0
198321 2 14.6 5776151 682 TIMEOUT 0
198322 2 14.6 5776151 682 TIMEOUT 0
198323 2 14.6 5776151 682 TIMEOUT 0
198324 2 14.6 5776151 682 TIMEOUT 0
198325 2 14.6 5776151 682 TIMEOUT 0
198326 2 14.6 5776151 682 TIMEOUT 0
198327 2 14.6 5776151 682 TIMEOUT 0
198328 2 14.6 5776151 682 TIMEOUT 0
198329 2 14.6 5776151 682 TIMEOUT 0
198330 2 14.6 5776151 682 TIMEOUT 0
198331 2 14.6 5776151 682 TIMEOUT 0
198332 2 14.6 5776151 682 TIMEOUT 0
198333 2 14.6 5776151 682 TIMEOUT 0
198334 2 14.6 5776151 682 TIMEOUT 0
198335 2 14.6 5776151 682 TIMEOUT 0
198336 2 14.6 5776151 682 TIMEOUT 0
198337 2 14.6 5776151 682 TIMEOUT 0
198338 2 14.6 5776151 682 TIMEOUT 0
198339 2 14.6 5776151 682 TIMEOUT 0
198340 2 14.6 5776151 682 TIMEOUT 0
198341 2 14.6 5776151 682 TIMEOUT 0
198342 2 14.6 5776151 682 TIMEOUT 0
198343 2 14.6 5776151 682 TIMEOUT 0
198344 2 14.6 5776151 682 TIMEOUT 0
198345 2 14.6 5776151 682 TIMEOUT 0
198346 2 14.6 5776151 682 TIMEOUT 0
198347 2 14.6 5776151 682 TIMEOUT 0
198348 2 14.6 5776151 682 TIMEOUT 0
198349 2 14.6 5776151 682 TIMEOUT 0
198350 2 14.6 5776151 682 TIMEOUT 0
198351 2 14.6 5776151 682 TIMEOUT 0
198352 2 14.6 5776151 682 TIMEOUT 0
198353 2 14.6 5776151 682 TIMEOUT 0
198354 2 14.6 5776151 682 TIMEOUT 0
198355 2 14.6 5776151 682 TIMEOUT 0
198356 2 14.6 5776151 682 TIMEOUT 0
198357 2 14.6 5776151 682 TIMEOUT 0
198358 2 14.6 5776151 682 TIMEOUT 0
198359 2 14.6 5776151 682 TIMEOUT 0
198360 2 14.6 5776151 682 TIMEOUT 0
198361 2 14.6 5776151 682 TIMEOUT 0
198362 2 14.6 5776151 682 TIMEOUT 0
198363 2 14.6 5776151 682 TIMEOUT 0
198364 2 14.6 5776151 682 TIMEOUT 0
198365 2 14.6 5776151 682 TIMEOUT 0
198366 2 14.6 5776151 682 TIMEOUT 0
198367 2 14.6 5776151 682 TIMEOUT 0
198368 2 14.6 5776151 682 TIMEOUT 0
198369 2 14.6 5776151 682 TIMEOUT 0
198370 2 14.6 5776151 682 TIMEOUT 0
198371 2 14.6 5776151 682 TIMEOUT 0
198372 2 14.6 5776151 682 TIMEOUT 0
198373 2 14.6 5776151 682 TIMEOUT 0
198374 2 14.6 5776151 682 TIMEOUT 0
198375 2 14.6 5776151 682 TIMEOUT 0
198376 2 14.6 5776151 682 TIMEOUT 0
198377 2 14.6 5776151 682 TIMEOUT 0
198378 2 14.6 5776151 682 TIMEOUT 0
198379 2 14.6 5776151 682 TIMEOUT 0
198380 2 14.6 5776151 682 TIMEOUT 0
198381 2 14.6 5776151 682 TIMEOUT 0
198382 2 14.6 5776151 682 TIMEOUT 0
198383 2 14.6 5776151 682 TIMEOUT 0
198384 2 14.6 5776151 682 TIMEOUT 0
198385 2 14.6 5776151 682 TIMEOUT 0
198386 2 14.6 5776151 682 TIMEOUT 0
198387 2 14.6 5776151 682 TIMEOUT 0
198388 2 14.6 5776151 682 TIMEOUT 0
198389 2 14.6 5776151 682 TIMEOUT 0
198390 2 14.6 5776151 682 TIMEOUT 0
198391 2 14.6 5776151 682 TIMEOUT 0
198392 2 14.6 5776151 682 TIMEOUT 0
198393 2 14.6 5776151 682 TIMEOUT 0
198394 2 14.6 5776151 682 TIMEOUT 0
198395 2 14.6 5776151 682 TIMEOUT 0
198396 2 14.6 5776151 682 TIMEOUT 0
198397 2 14.6 5776151 682 TIMEOUT 0
198398 2 14.6 5776151 682 TIMEOUT 0
198399 2 14.6 5776151 682 TIMEOUT 0
198400 2 14.6 5776151 682 TIMEOUT 0
198401 2 20.9 5776151 682 TIMEOUT 0
198402 2 20.9 5776151 682 TIMEOUT 0
198403 2 20.9 5776151 682 TIMEOUT 0
198404 2 20.9 5776151 682 TIMEOUT 0
198405 2 20.9 5776151 682 TIMEOUT 0
198406 2 20.9 5776151 682 TIMEOUT 0
198407 2 20.9 5776151 682 TIMEOUT 0
198408 2 20.9 5776151 682 TIMEOUT 0
198409 2 20.9 5776151 682 TIMEOUT 0
198410 2 20.9 5776151 682 TIMEOUT 0
198411 2 20.9 5776151 682 TIMEOUT 0
198412 2 20.9 5776151 682 TIMEOUT 0
198413 2 20.9 5776151 682 TIMEOUT 0
198414 2 20.9 5776151 682 TIMEOUT 0
198415 2 20.9 5776151 682 TIMEOUT 0
198416 2 20.9 5776151 682 TIMEOUT 0
198417 2 20.9 5776151 682 TIMEOUT 0
198418 2 20.9 5776151 682 TIMEOUT 0
198419 2 20.9 5776151 682 TIMEOUT 0
198420 2 20.9 5776151 682 TIMEOUT 0
198421 2 20.9 5776151 682 TIMEOUT 0
198422 2 20.9 5776151 682 TIMEOUT 0
198423 2 20.9 5776151 682 TIMEOUT 0
198424 2 20.9 5776151 682 TIMEOUT 0
198425 2 20.9 5776151 682 TIMEOUT 0
198426 2 20.9 5776151 682 TIMEOUT 0
198427 2 20.9 5776151 682 TIMEOUT 0
198428 2 20.9 5776151 682 TIMEOUT 0
198429 2 20.9 5776151 682 TIMEOUT 0
198430 2 20.9 5776151 682 TIMEOUT 0
198431 2 20.9 5776151 682 TIMEOUT 0
198432 2 20.9 5776151 682 TIMEOUT 0
198433 2 20.9 5776151 682 TIMEOUT 0
198434 2 20.9 5776151 682 TIMEOUT 0
198435 2 20.9 5776151 682 TIMEOUT 0
198436 2 20.9 5776151 682 TIMEOUT 0
198437 2 20.9 5776151 682 TIMEOUT 0
198438 2 20.9 5776151 682 TIMEOUT 0
198439 2 20.9 5776151 682 TIMEOUT 0
198440 2 20.9 5776151 682 TIMEOUT 0
198441 2 20.9 5776151 682 TIMEOUT 0
198442 2 20.9 5776151 682 TIMEOUT 0
198443 2 20.9 5776151 682 TIMEOUT 0
198444 2 20.9 5776151 682 TIMEOUT 0
198445 2 20.9 5776151 682 TIMEOUT 0
198446 2 20.9 5776151 682 TIMEOUT 0
198447 2 20.9 5776151 682 TIMEOUT 0
198448 2 20.9 5776151 682 TIMEOUT 0
198449 2 20.9 5776151 682 TIMEOUT 0
198450 2 20.9 5776151 682 TIMEOUT 0
198451 2 20.9 5776151 682 TIMEOUT 0
198452 2 20.9 5776151 682 TIMEOUT 0
198453 2 20.9 5776151 682 TIMEOUT 0
198454 2 20.9 5776151 682 TIMEOUT 0
198455 2 20.9 5776151 682 TIMEOUT 0
198456 2 20.9 5776151 682 TIMEOUT 0
198457 2 20.9 5776151 682 TIMEOUT 0
198458 2 20.9 5776151 682 TIMEOUT 0
198459 2 20.9 5776151 682 TIMEOUT 0
198460 2 20.9 5776151 682 TIMEOUT 0
198461 2 20.9 5776151 682 TIMEOUT 0
198462 2 20.9 5776151 682 TIMEOUT 0
198463 2 20.9 5776151 682 TIMEOUT 0
198464 2 20.9 5776151 682 TIMEOUT 0
198465 2 20.9 5776151 682 TIMEOUT 0
198466 2 20.9 5776151 682 TIMEOUT 0
198467 2 20.9 5776151 682 TIMEOUT 0
198468 2 20.9 5776151 682 TIMEOUT 0
198469 2 20.9 5776151 682 TIMEOUT 0
198470 2 20.9 5776151 682 TIMEOUT 0
198471 2 20.9 5776151 682 TIMEOUT 0
198472 2 20.9 5776151 682 TIMEOUT 0
198473 2 20.9 5776151 682 TIMEOUT 0
198474 2 20.9 5776151 682 TIMEOUT 0
198475 2 20.9 5776151 682 TIMEOUT 0
198476 2 20.9 5776151 682 TIMEOUT 0
198477 2 20.9 5776151 682 TIMEOUT 0
198478 2 20.9 5776151 682 TIMEOUT 0
198479 2 20.9 5776151 682 TIMEOUT 0
198480 2 20.9 5776151 682 TIMEOUT 0
198481 2 20.9 5776151 682 TIMEOUT 0
198482 2 20.9 5776151 682 TIMEOUT 0
198483 2 20.9 5776151 682 TIMEOUT 0
198484 2 20.9 5776151 682 TIMEOUT 0
198485 2 20.9 5776151 682 TIMEOUT 0
198486 2 20.9 5776151 682 TIMEOUT 0
198487 2 20.9 5776151 682 TIMEOUT 0
198488 2 20.9 5776151 682 TIMEOUT 0
198489 2 20.9 5776151 682 TIMEOUT 0
198490 2 20.9 5776151 682 TIMEOUT 0
198491 2 20.9 5776151 682 TIMEOUT 0
198492 2 20.9 5776151 682 TIMEOUT 0
198493 2 20.9 5776151 682 TIMEOUT 0
198494 2 20.9 5776151 682 TIMEOUT 0
198495 2 20.9 5776151 682 TIMEOUT 0
198496 2 20.9 5776151 682 TIMEOUT 0
198497 2 20.9 5776151 682 TIMEOUT 0
198498 2 20.9 5776151 682 TIMEOUT 0
198499 2 20.9 5776151 682 TIMEOUT 0
198500 2 20.9 5776151 682 TIMEOUT 0
