row_index,start_epoch,end_epoch,elapsed_s,exit_code
4500,1791145942,1791148005,2063,0
4501,1791148006,1791150141,2135,0
4502,1791150142,1791151776,1634,0
4503,1791151776,1791153980,2204,0
4504,1791153981,1791155763,1782,0
4505,1791155763,1791157123,1360,0
4506,1791157123,1791159039,1916,0
4507,1791159039,1791160755,1716,0
4508,1791160755,1791163094,2339,0
4509,1791163094,1791164769,1675,0
4510,1791164770,1791166597,1827,0
4511,1791166597,1791168357,1760,0
4512,1791168357,1791170942,2585,0
4513,1791170942,1791172748,1806,0
4514,1791172749,1791174827,2078,0
4515,1791174827,1791176776,1949,0
4516,1791176776,1791178816,2040,0
4517,1791178816,1791181502,2686,0
4518,1791181502,1791182666,1164,0
4519,1791182666,1791184819,2153,0
4520,1791184819,1791187106,2287,0
4521,1791187106,1791189844,2738,0
4522,1791189844,1791192609,2765,0
4523,1791192609,1791194392,1783,0
4524,1791194392,1791196370,1978,0
4525,1791196370,1791198660,2290,0
4526,1791198660,1791200178,1518,0
4527,1791200178,1791201991,1813,0
4528,1791201992,1791204815,2823,0
4529,1791204815,1791207085,2270,0
4530,1791207085,1791209148,2063,0
4531,1791209148,1791210690,1542,0
4532,1791210691,1791212874,2183,0
4533,1791212874,1791214877,2003,0
4534,1791214877,1791216600,1723,0
4535,1791216600,1791219001,2401,0
4536,1791219001,1791220787,1786,0
4537,1791220788,1791222494,1706,0
4538,1791222494,1791224008,1514,0
4539,1791224009,1791226798,2789,0
4540,1791226798,1791228567,1769,0
4541,1791228568,1791231564,2996,0
4542,1791231565,1791233565,2000,0
4543,1791233565,1791235716,2151,0
4544,1791235716,1791238456,2740,0
4545,1791238456,1791240696,2240,0
4546,1791240696,1791242956,2260,0
4547,1791242957,1791245680,2723,0
4548,1791245680,1791248087,2407,0
4549,1791248087,1791249693,1606,0
4550,1791249693,1791252239,2546,0
4551,1791252240,1791254926,2686,0
4552,1791254927,1791257358,2431,0
4553,1791257359,1791259143,1784,0
4554,1791259143,1791261394,2251,0
4555,1791261395,1791263311,1916,0
4556,1791263311,1791265965,2654,0
4557,1791265965,1791267547,1582,0
4558,1791267547,1791269336,1789,0
4559,1791269336,1791271907,2571,0
4560,1791271907,1791274047,2140,0
4561,1791274047,1791275789,1742,0
4562,1791275789,1791277646,1857,0
4563,1791277646,1791279731,2085,0
