round,newCanonicalTipHeight,commonAncestorHeight,oldCanonicalTipHeights,replacingChainBlocks
0,6,4,5,5:0|6:1
0,8,6,7;7,7:2|8:3
0,10,8,9;9,9:4|10:5
0,14,12,13;13;13;13,13:6|14:7
0,14,12,13;13;13;13,13:6|14:8
0,15,13,14,14:7|15:9
0,14,12,13;13;13;13,13:6|14:10
0,16,13,15,14:7|15:9|16:11
0,20,18,19,19:12|20:13
0,22,20,21;21;21,21:14|22:15
0,22,20,21;21;21,21:10|22:16
0,23,20,22,21:14|22:15|23:17
1,8,6,7,7:0|8:1
1,10,8,9,9:2|10:2
1,12,10,11,11:3|12:4
1,12,10,11,11:3|12:5
1,13,11,12,12:5|13:6
1,15,13,14,14:7|15:5
1,15,13,14,14:2|15:2
1,16,13,15,14:7|15:5|16:8
1,19,17,18;18,18:9|19:10
1,23,21,22,22:11|23:12
1,23,21,22,22:13|23:13
1,24,21,23,22:11|23:12|24:14
2,4,2,3;3,3:0|4:1
2,7,5,6,6:2|7:3
2,9,7,8,8:4|9:4
2,9,7,8,8:5|9:6
2,10,7,9,8:5|9:6|10:7
2,14,12,13,13:3|14:8
2,14,12,13;13,13:3|14:8
2,16,14,15,15:4|16:4
3,4,2,3,3:0|4:1
3,4,2,3,3:2|4:3
3,5,2,4,3:0|4:1|5:4
3,5,2,4,3:2|4:3|5:3
3,6,2,5,3:0|4:1|5:4|6:5
3,8,6,7;7,7:6|8:7
3,8,6,7;7,7:6|8:3
3,8,6,7;7,7:6|8:8
3,8,6,7;7,7:6|8:2
3,9,7,8;8;8,8:7|9:9
3,9,7,8;8;8,8:8|9:8
3,9,7,8;8;8,8:8|9:2
3,10,7,9,8:8|9:2|10:2
3,10,7,9;9,8:8|9:2|10:2
3,12,10,11;11,11:10|12:11
3,12,10,11;11,11:3|12:12
3,13,10,12,11:3|12:12|13:12
3,19,17,18,18:13|19:10
3,19,17,18,18:8|19:12
3,20,17,19,18:13|19:10|20:14
4,5,3,4,4:0|5:1
4,5,3,4,4:0|5:2
4,6,4,5,5:1|6:3
4,10,8,9,9:4|10:5
4,10,8,9,9:2|10:6
4,11,8,10,9:4|10:5|11:7
4,13,11,12;12,12:8|13:9
4,13,11,12;12,12:2|13:2
4,14,11,13,12:8|13:9|14:10
4,16,14,15,15:2|16:2
4,16,14,15;15,15:2|16:2
4,18,16,17,17:11|18:12
4,20,18,19,19:3|20:3
4,20,18,19;19,19:3|20:3
4,20,18,19;19,19:6|20:6
4,20,18,19;19;19,19:3|20:3
4,20,18,19;19;19,19:6|20:6
4,20,18,19;19;19;19,19:6|20:6
4,20,18,19;19;19;19,19:3|20:3
4,21,18,20,19:6|20:6|21:13
4,25,23,24;24,24:7|25:14
5,3,1,2,2:0|3:0
5,8,6,7,7:1|8:2
5,10,8,9,9:3|10:4
5,10,8,9,9:5|10:0
5,11,8,10,9:3|10:4|11:6
5,15,13,14,14:7|15:3
5,15,13,14,14:7|15:8
5,16,14,15,15:8|16:9
5,16,14,15,15:8|16:10
5,17,15,16,16:9|17:11
5,19,17,18,18:10|19:10
5,19,17,18;18,18:10|19:10
6,4,2,3;3;3;3,3:0|4:1
6,7,5,6,6:2|7:2
6,7,5,6;6,6:2|7:2
6,11,9,10,10:3|11:3
6,12,9,11,10:3|11:3|12:4
6,19,17,18,18:5|19:6
6,21,19,20,20:7|21:8
6,21,19,20,20:2|21:2
6,21,19,20,20:7|21:9
6,21,19,20,20:2|21:10
6,22,19,21;21;21,20:7|21:8|22:11
6,22,19,21;21;21,20:7|21:9|22:3
6,22,19,21;21;21,20:7|21:9|22:9
6,22,19,21;21;21,20:7|21:9|22:10
6,22,19,21;21;21,20:7|21:9|22:2
6,23,20,22,21:9|22:10|23:10
6,23,20,22;22;22,21:9|22:10|23:10
6,23,20,22;22,21:9|22:10|23:10
6,23,20,22;22;22;22,21:9|22:10|23:10
6,25,23,24,24:12|25:1
7,3,1,2,2:0|3:1
7,3,1,2,2:0|3:2
7,4,2,3,3:2|4:2
7,3,1,2,2:0|3:3
7,3,1,2,2:4|3:4
7,4,1,3,2:0|3:2|4:2
7,4,2,3;3,3:2|4:2
7,4,1,3;3,2:0|3:2|4:2
7,4,1,3;3;3,2:0|3:2|4:2
7,8,6,7,7:5|8:6
7,8,6,7,7:5|8:7
7,9,7,8,8:6|9:8
7,11,9,10,10:9|11:1
7,11,9,10,10:3|11:3
7,11,9,10,10:9|11:7
7,12,9,11;11,10:9|11:1|12:10
7,15,13,14,14:2|15:2
7,15,13,14;14,14:2|15:2
7,15,13,14,14:4|15:4
7,16,13,15,14:4|15:4|16:4
7,18,16,17,17:11|18:12
7,20,18,19,19:13|20:14
7,22,20,21;21,21:15|22:5
7,24,22,23;23;23,23:16|24:17
8,4,2,3,3:0|4:1
8,7,5,6,6:2|7:3
8,9,7,8;8,8:4|9:5
8,11,9,10,10:6|11:7
8,11,9,10,10:8|11:9
8,12,9,11,10:6|11:7|12:10
8,12,9,11,10:8|11:9|12:9
8,13,9,12,10:6|11:7|12:10|13:11
8,18,16,17,17:6|18:12
8,18,16,17,17:9|18:9
8,19,16,18,17:6|18:12|19:13
8,21,19,20,20:7|21:14
8,21,19,20,20:15|21:9
8,21,19,20,20:15|21:16
8,22,19,21,20:15|21:16|22:16
8,22,19,21;21,20:15|21:16|22:16
9,3,1,2,2:0|3:1
9,3,1,2,2:2|3:3
9,4,1,3,2:0|3:1|4:4
9,4,1,3,2:0|3:1|4:5
9,5,3,4,4:4|5:6
9,5,3,4,4:5|5:3
9,6,3,5,4:4|5:6|6:7
9,9,7,8;8,8:8|9:9
9,9,7,8;8,8:8|9:10
9,10,8,9,9:9|10:11
9,10,8,9,9:9|10:5
9,11,9,10,10:11|11:12
9,14,12,13;13,13:13|14:14
9,14,12,13;13,13:5|14:3
9,15,12,14,13:13|14:14|15:15
9,15,12,14,13:5|14:3|15:5
9,16,12,15,13:13|14:14|15:15|16:16
9,20,18,19,19:17|20:18
9,24,22,23,23:19|24:20
9,24,22,23,23:19|24:5
9,25,23,24,24:20|25:21
10,3,1,2,2:0|3:1
10,5,3,4,4:2|5:3
10,5,3,4,4:2|5:4
10,5,3,4,4:5|5:6
10,6,3,5;5,4:2|5:3|6:1
10,6,3,5;5,4:2|5:4|6:7
10,6,3,5;5,4:2|5:4|6:6
10,7,4,6;6,5:3|6:1|7:8
10,7,4,6;6,5:4|6:6|7:5
10,8,4,7,5:3|6:1|7:8|8:9
10,8,4,7,5:3|6:1|7:8|8:7
10,9,7,8,8:9|9:10
10,11,9,10,10:11|11:12
10,11,9,10,10:13|11:4
10,11,9,10,10:11|11:6
10,12,9,11;11,10:11|11:12|12:14
10,17,15,16,16:15|17:16
10,17,15,16,16:15|17:5
10,18,16,17,17:16|18:17
10,21,19,20,20:3|21:15
10,21,19,20,20:5|21:6
10,22,19,21,20:3|21:15|22:14
10,24,22,23,23:18|24:19
11,4,2,3;3,3:0|4:1
11,4,2,3;3,3:0|4:2
11,5,3,4,4:2|5:3
11,5,3,4,4:2|5:4
11,6,4,5,5:3|6:5
11,8,6,7,7:6|8:7
11,10,8,9,9:8|10:9
11,13,11,12,12:4|13:4
11,15,13,14,14:10|15:11
11,20,18,19,19:12|20:13
11,22,20,21,21:14|22:15
11,25,23,24,24:16|25:17
12,3,1,2,2:0|3:1
12,3,1,2,2:2|3:3
12,4,1,3,2:0|3:1|4:4
12,4,1,3,2:2|3:3|4:3
12,5,1,4,2:0|3:1|4:4|5:5
12,5,1,4,2:2|3:3|4:3|5:2
12,6,1,5,2:0|3:1|4:4|5:5|6:6
12,10,8,9,9:7|10:8
12,10,8,9,9:7|10:9
12,11,9,10,10:8|11:10
12,13,11,12,12:11|13:12
12,18,16,17,17:13|18:14
12,18,16,17,17:13|18:15
12,18,16,17,17:13|18:16
12,18,16,17,17:13|18:3
12,19,17,18;18;18,18:14|19:17
12,19,17,18;18;18,18:15|19:3
12,19,17,18;18;18,18:15|19:2
12,20,17,19,18:15|19:3|20:3
12,20,17,19;19,18:15|19:3|20:3
12,24,22,23,23:15|24:2
12,24,22,23;23,23:15|24:2
13,3,1,2,2:0|3:1
13,6,4,5,5:2|6:2
13,11,9,10,10:3|11:3
13,11,9,10;10,10:3|11:3
13,13,11,12,12:4|13:5
13,15,13,14,14:6|15:7
13,15,13,14,14:2|15:3
13,15,13,14,14:2|15:8
13,16,13,15;15,14:6|15:7|16:9
13,22,20,21,21:10|22:10
13,22,20,21;21,21:10|22:10
13,22,20,21;21;21,21:10|22:10
13,24,22,23,23:11|24:12
14,9,7,8;8,8:0|9:1
14,9,7,8;8,8:0|9:2
14,10,8,9,9:1|10:3
14,10,8,9,9:1|10:4
14,11,9,10,10:3|11:5
14,13,11,12,12:6|13:7
14,13,11,12,12:6|13:8
14,14,12,13,13:7|14:9
14,14,12,13,13:8|14:8
14,15,12,14,13:7|14:9|15:10
14,19,17,18;18,18:11|19:12
14,19,17,18;18,18:4|19:4
14,19,17,18;18,18:4|19:8
14,20,17,19;19,18:4|19:4|20:13
14,22,20,21;21,21:14|22:15
14,24,22,23,23:16|24:17
14,24,22,23,23:2|24:2
14,25,22,24,23:16|24:17|25:11
15,3,1,2,2:0|3:1
15,5,3,4,4:2|5:3
15,7,5,6,6:4|7:1
15,7,5,6,6:5|7:3
15,8,5,7,6:4|7:1|8:6
15,8,5,7,6:5|7:3|8:5
15,9,5,8,6:4|7:1|8:6|9:7
15,11,9,10,10:8|11:9
15,12,10,11;11;11,11:10|12:11
15,12,10,11;11;11,11:5|12:3
15,13,10,12,11:5|12:3|13:3
15,18,16,17,17:10|18:12
15,20,18,19;19,19:13|20:14
15,22,20,21,21:15|22:16
15,24,22,23;23;23,23:17|24:18
15,24,22,23;23;23,23:17|24:19
16,5,3,4;4,4:0|5:1
16,8,6,7,7:2|8:3
16,10,8,9;9,9:4|10:5
16,13,11,12;12;12,12:6|13:7
16,13,11,12;12;12,12:6|13:8
16,14,12,13,13:8|14:8
16,17,15,16,16:9|17:10
16,17,15,16,16:11|17:8
16,18,15,17,16:9|17:10|18:12
16,22,20,21,21:13|22:14
16,23,20,22,21:13|22:14|23:15
17,3,1,2,2:0|3:1
17,6,4,5,5:2|6:3
17,6,4,5,5:4|6:4
17,6,4,5,5:2|6:5
17,7,4,6;6,5:2|6:3|7:6
17,11,9,10,10:7|11:7
17,12,9,11,10:8|11:9|12:9
17,12,9,11,10:8|11:9|12:10
17,13,11,12,12:10|13:10
17,12,9,11,10:7|11:7|12:7
17,13,9,12;12,10:8|11:9|12:10|13:10
17,13,9,12,10:8|11:9|12:10|13:10
17,15,13,14,14:11|15:12
17,18,16,17,17:13|18:14
17,20,18,19;19,19:15|20:16
17,20,18,19;19,19:4|20:7
17,21,18,20,19:4|20:7|21:7
17,20,18,19;19,19:4|20:4
17,21,18,20;20,19:4|20:7|21:7
17,23,21,22,22:10|23:10
17,25,23,24,24:17|25:18
18,3,1,2,2:0|3:0
18,3,1,2,2:1|3:1
18,3,1,2;2,2:1|3:1
18,3,1,2;2,2:0|3:0
18,3,1,2;2;2;2,2:0|3:0
18,3,1,2;2;2,2:1|3:1
18,3,1,2;2;2,2:0|3:0
18,4,1,3,2:1|3:1|4:2
18,5,3,4,4:2|5:3
18,7,5,6;6,6:4|7:4
18,9,7,8;8,8:5|9:6
18,9,7,8;8;8,8:5|9:6
18,13,11,12,12:7|13:8
18,19,17,18;18,18:6|19:9
18,19,17,18;18,18:10|19:1
18,20,17,19,18:10|19:1|20:1
18,23,21,22,22:11|23:12
19,3,1,2,2:0|3:1
19,8,6,7;7;7,7:2|8:3
19,13,11,12,12:4|13:5
19,15,13,14;14;14,14:6|15:7
19,15,13,14;14;14,14:6|15:8
19,15,13,14;14;14,14:6|15:9
19,15,13,14;14;14,14:6|15:10
19,16,14,15;15;15,15:8|16:11
19,18,16,17,17:12|18:0
19,21,19,20,20:13|21:14
19,21,19,20,20:13|21:15
19,22,20,21,21:14|22:16
19,24,22,23,23:17|24:18
19,24,22,23,23:17|24:19
19,25,23,24,24:18|25:7
20,4,2,3;3,3:0|4:1
20,7,5,6,6:2|7:3
20,10,8,9;9,9:4|10:5
20,10,8,9;9,9:6|10:7
20,10,8,9;9,9:6|10:8
20,11,8,10;10,9:4|10:5|11:9
20,13,11,12;12,12:5|13:10
20,20,18,19,19:11|20:12
20,22,20,21,21:13|22:14
20,24,22,23,23:15|24:2
20,24,22,23,23:8|24:8
20,24,22,23,23:15|24:7
20,25,22,24;24,23:15|24:2|25:16
21,3,1,2;2,2:0|3:1
21,3,1,2;2,2:2|3:3
21,3,1,2;2,2:2|3:4
21,3,1,2;2,2:2|3:5
21,4,1,3;3;3,2:0|3:1|4:6
21,6,4,5,5:7|6:2
21,9,7,8,8:8|9:9
21,9,7,8,8:5|9:5
21,9,7,8,8:5|9:3
21,10,7,9;9,8:8|9:9|10:0
21,10,7,9;9,8:5|9:3|10:3
21,10,7,9;9,8:5|9:3|10:5
21,11,7,10;10,8:8|9:9|10:0|11:10
21,15,13,14,14:11|15:12
21,15,13,14,14:3|15:3
21,16,13,15,14:11|15:12|16:13
21,16,13,15,14:3|15:3|16:3
21,16,13,15,14:3|15:3|16:5
21,17,13,16;16,14:11|15:12|16:13|17:14
21,17,13,16;16,14:11|15:12|16:13|17:15
21,18,16,17,17:15|18:16
21,18,16,17,17:15|18:4
21,19,17,18,18:16|19:16
21,19,17,18,18:4|19:4
21,20,17,19,18:16|19:16|20:17
21,20,17,19,18:16|19:16|20:18
21,21,19,20,20:18|21:19
21,21,19,20,20:18|21:5
21,22,20,21,21:19|22:20
22,4,2,3,3:0|4:1
22,6,4,5;5,5:2|6:3
22,8,6,7,7:4|8:4
22,8,6,7;7,7:4|8:4
22,12,10,11,11:5|12:6
22,14,12,13,13:7|14:8
22,17,15,16,16:4|17:4
22,19,17,18,18:9|19:10
22,21,19,20,20:11|21:11
22,21,19,20;20,20:11|21:11
22,25,23,24;24,24:12|25:13
23,4,2,3;3,3:0|4:1
23,9,7,8,8:2|9:3
23,12,10,11,11:1|12:4
23,12,10,11,11:1|12:5
23,12,10,11,11:1|12:6
23,12,10,11,11:7|12:7
23,13,10,12;12;12,11:1|12:4|13:4
23,16,14,15;15,15:8|16:9
23,16,14,15;15,15:10|16:5
23,17,14,16,15:8|16:9|17:11
23,17,14,16,15:10|16:5|17:5
23,17,14,16,15:10|16:5|17:6
23,18,14,17;17,15:8|16:9|17:11|18:11
23,18,14,17;17,15:8|16:9|17:11|18:12
23,19,17,18,18:12|19:1
23,21,19,20,20:13|21:14
23,21,19,20,20:13|21:6
23,21,19,20,20:7|21:7
23,22,19,21;21,20:13|21:14|22:15
23,22,19,21;21,20:13|21:14|22:5
23,23,21,22,22:15|23:1
23,23,21,22,22:15|23:7
23,24,22,23,23:1|24:15
23,24,22,23,23:7|24:6
23,25,22,24,23:1|24:15|25:16
24,8,6,7;7;7,7:0|8:1
24,8,6,7;7;7,7:0|8:2
24,9,7,8,8:1|9:1
24,9,7,8,8:1|9:3
24,9,7,8,8:2|9:2
24,10,7,9,8:1|9:1|10:4
24,10,8,9,9:1|10:4
24,10,7,9;9,8:1|9:1|10:4
24,13,11,12,12:5|13:5
24,13,11,12;12,12:5|13:5
24,15,13,14,14:6|15:7
24,15,13,14,14:6|15:5
24,16,14,15,15:7|16:8
25,4,2,3,3:0|4:0
25,4,2,3;3,3:0|4:0
25,6,4,5,5:1|6:2
25,6,4,5,5:1|6:3
25,7,5,6,6:2|7:4
25,7,5,6,6:3|7:3
25,8,5,7,6:2|7:4|8:5
25,10,8,9,9:6|10:7
25,10,8,9,9:0|10:0
25,11,8,10,9:6|10:7|11:8
25,14,12,13,13:9|14:10
25,14,12,13,13:9|14:11
25,14,12,13,13:9|14:3
25,15,13,14,14:10|15:12
25,15,13,14;14,14:10|15:12
25,19,17,18,18:12|19:13
25,23,21,22,22:14|23:3
26,3,1,2,2:0|3:0
26,3,1,2;2,2:0|3:0
26,3,1,2;2;2;2,2:0|3:0
26,3,1,2;2;2,2:0|3:0
26,5,3,4,4:1|5:2
26,7,5,6;6,6:3|7:4
26,7,5,6;6,6:5|7:6
26,8,5,7,6:3|7:4|8:7
26,11,9,10,10:8|11:9
26,13,11,12,12:10|13:11
26,13,11,12,12:10|13:12
26,14,12,13,13:12|14:13
26,14,12,13,13:12|14:6
26,15,13,14,14:13|15:14
26,15,13,14,14:6|15:15
26,16,13,15,14:13|15:14|16:16
26,19,17,18,18:17|19:17
27,5,3,4;4,4:0|5:1
27,5,3,4;4,4:0|5:0
27,6,4,5,5:1|6:2
27,6,4,5,5:0|6:0
27,7,4,6,5:1|6:2|7:3
27,10,8,9,9:4|10:5
27,10,8,9,9:4|10:0
27,11,9,10,10:5|11:6
27,11,9,10,10:5|11:7
27,12,10,11,11:6|12:8
27,15,13,14,14:9|15:10
27,18,16,17,17:11|18:12
27,22,20,21,21:13|22:14
28,6,4,5,5:0|6:1
28,9,7,8,8:2|9:2
28,9,7,8;8,8:2|9:2
28,10,7,9,8:3|9:4|10:5
28,15,13,14;14,14:6|15:7
28,15,13,14;14,14:8|15:9
28,16,13,15,14:6|15:7|16:10
28,19,17,18,18:11|19:12
28,19,17,18,18:11|19:2
28,19,17,18,18:11|19:8
28,20,18,19,19:12|20:13
28,20,18,19;19,19:12|20:13
28,22,20,21,21:14|22:5
28,24,22,23,23:15|24:16
29,3,1,2;2,2:0|3:1
29,7,5,6;6,6:2|7:2
29,7,5,6,6:2|7:2
29,12,10,11,11:3|12:4
29,12,10,11,11:5|12:5
29,12,10,11,11:5|12:2
29,13,10,12,11:5|12:5|13:5
29,13,10,12;12,11:5|12:5|13:5
29,20,18,19,19:5|20:6
29,22,20,21,21:7|22:8
30,5,3,4,4:0|5:1
30,5,3,4,4:2|5:3
30,6,3,5,4:0|5:1|6:4
30,6,3,5,4:2|5:3|6:5
30,7,3,6,4:0|5:1|6:4|7:6
30,9,7,8,8:7|9:8
30,11,9,10,10:9|11:10
30,16,14,15;15,15:2|16:2
30,16,14,15;15;15,15:2|16:2
30,18,16,17,17:2|18:11
30,18,16,17,17:2|18:2
30,18,16,17,17:2|18:12
30,19,17,18,18:12|19:12
30,19,17,18;18,18:12|19:12
30,24,22,23,23:13|24:14
31,4,2,3,3:0|4:0
31,7,5,6;6,6:1|7:2
31,9,7,8,8:3|9:4
31,9,7,8,8:3|9:5
31,10,8,9,9:4|10:6
31,10,8,9,9:4|10:7
31,11,9,10,10:6|11:8
31,11,9,10,10:7|11:9
31,11,9,10,10:7|11:7
31,12,9,11;11,10:6|11:8|12:10
31,12,9,11;11,10:7|11:7|12:9
31,12,10,11,11:7|12:9
31,13,9,12,10:6|11:8|12:10|13:11
31,15,13,14,14:12|15:13
31,15,13,14,14:12|15:7
31,16,14,15,15:13|16:14
31,16,14,15,15:7|16:0
31,17,14,16,15:7|16:0|17:0
31,19,17,18,18:15|19:16
31,21,19,20;20,20:17|21:11
31,21,19,20;20,20:9|21:0
31,22,19,21,20:17|21:11|22:18
31,25,23,24;24,24:19|25:20
32,7,5,6;6,6:0|7:1
32,7,5,6;6,6:2|7:3
32,8,5,7,6:0|7:1|8:4
32,13,11,12,12:5|13:6
32,13,11,12,12:3|13:3
32,14,11,13,12:5|13:6|14:7
32,16,14,15,15:8|16:9
32,18,16,17,17:10|18:10
32,24,22,23,23:11|24:12
33,5,3,4,4:0|5:1
33,8,6,7,7:2|8:3
33,11,9,10,10:4|11:5
33,13,11,12;12,12:6|13:7
33,13,11,12;12,12:8|13:9
33,14,11,13,12:6|13:7|14:10
33,14,11,13,12:6|13:7|14:8
33,15,13,14,14:10|15:11
33,25,23,24;24;24,24:12|25:13
34,4,2,3,3:0|4:0
34,4,2,3;3,3:0|4:0
34,6,4,5,5:1|6:2
34,8,6,7,7:3|8:4
34,10,8,9,9:5|10:6
34,14,12,13,13:7|14:8
34,16,14,15,15:9|16:10
34,16,14,15,15:9|16:11
34,17,15,16,16:10|17:12
34,17,15,16,16:10|17:13
34,18,16,17,17:12|18:14
34,18,16,17,17:12|18:0
34,19,17,18,18:14|19:15
34,21,19,20,20:11|21:11
35,5,3,4,4:0|5:1
35,8,6,7,7:2|8:3
35,8,6,7,7:4|8:5
35,8,6,7,7:4|8:4
35,8,6,7,7:4|8:6
35,9,6,8;8;8,7:2|8:3|9:7
35,13,11,12,12:8|13:6
35,17,15,16;16,16:9|17:10
35,21,19,20,20:11|21:12
35,23,21,22,22:13|23:14
35,23,21,22,22:15|23:15
35,24,21,23,22:15|23:15|24:15
36,9,7,8;8,8:0|9:1
36,11,9,10;10;10,10:2|11:1
36,11,9,10;10;10,10:3|11:3
36,12,9,11,10:2|11:1|12:4
36,16,14,15,15:5|16:6
36,19,17,18,18:7|19:8
36,21,19,20,20:9|21:10
37,5,3,4,4:0|5:1
37,5,3,4,4:2|5:2
37,5,3,4,4:0|5:3
37,6,3,5;5,4:0|5:1|6:4
37,9,7,8,8:5|9:6
37,12,10,11;11,11:7|12:8
37,14,12,13,13:9|14:10
37,14,12,13,13:9|14:2
37,14,12,13,13:9|14:11
37,15,13,14;14,14:10|15:12
37,15,13,14;14,14:11|15:3
37,16,13,15,14:11|15:3|16:3
37,19,17,18,18:13|19:14
37,21,19,20,20:15|21:16
37,23,21,22,22:17|23:18
37,23,21,22,22:2|23:2
37,23,21,22,22:2|23:19
37,24,21,23;23,22:17|23:18|24:20
38,3,1,2;2,2:0|3:1
38,5,3,4,4:2|5:3
38,7,5,6,6:3|7:4
38,7,5,6,6:3|7:5
38,8,6,7,7:5|8:6
38,10,8,9,9:7|10:7
38,10,8,9;9,9:7|10:7
38,13,11,12;12,12:8|13:9
38,16,14,15,15:10|16:10
38,18,16,17;17,17:11|18:12
38,18,16,17;17,17:11|18:13
38,19,17,18,18:12|19:11
38,19,17,18,18:12|19:14
38,19,17,18,18:12|19:7
38,20,18,19;19,19:11|20:15
38,22,20,21;21,21:13|22:16
38,22,20,21;21,21:13|22:5
38,23,21,22,22:5|23:17
39,3,1,2;2,2:0|3:1
39,3,1,2;2;2,2:0|3:1
39,5,3,4,4:2|5:3
39,5,3,4,4:4|5:4
39,6,3,5,4:2|5:3|6:5
39,6,3,5,4:4|5:4|6:6
39,7,3,6,4:4|5:4|6:6|7:6
39,10,8,9,9:1|10:1
39,9,7,8,8:7|9:8
39,14,12,13,13:9|14:10
39,17,15,16,16:4|17:4
39,17,15,16;16,16:4|17:4
39,17,15,16;16;16,16:4|17:4
39,19,17,18,18:11|19:12
39,21,19,20,20:13|21:14
39,21,19,20,20:13|21:15
39,22,20,21,21:14|22:16
39,24,22,23,23:17|24:14
39,24,22,23,23:17|24:1
40,5,3,4,4:0|5:1
40,7,5,6;6,6:2|7:3
40,7,5,6;6,6:2|7:4
40,8,6,7,7:3|8:5
40,8,6,7,7:3|8:6
40,8,6,7,7:3|8:7
40,9,7,8;8,8:5|9:8
40,9,7,8;8,8:6|9:7
40,9,7,8;8,8:6|9:4
40,10,7,9,8:6|9:4|10:4
40,10,8,9,9:4|10:4
40,9,7,8;8,8:6|9:9
40,10,7,9;9,8:6|9:4|10:4
40,10,7,9;9;9,8:6|9:4|10:4
40,12,10,11,11:10|12:11
40,18,16,17;17;17,17:12|18:13
40,25,23,24,24:14|25:15
41,3,1,2,2:0|3:1
41,3,1,2,2:0|3:2
41,4,2,3,3:1|4:3
41,12,10,11,11:2|12:4
41,16,14,15,15:5|16:5
41,16,14,15,15:5|16:6
41,17,15,16,16:5|17:7
41,20,18,19,19:8|20:9
41,22,20,21,21:2|22:2
41,22,20,21;21,21:2|22:2
41,22,20,21;21,21:6|22:6
41,22,20,21;21;21,21:2|22:2
41,22,20,21;21;21,21:6|22:6
41,23,20,22,21:2|22:2|23:10
41,23,20,22,21:2|22:2|23:11
41,23,20,22,21:2|22:2|23:12
41,23,20,22,21:2|22:2|23:13
41,24,22,23;23,23:11|24:14
41,24,22,23;23;23,23:11|24:14
42,4,2,3,3:0|4:1
42,7,5,6,6:2|7:3
42,7,5,6,6:4|7:4
42,8,5,7,6:2|7:3|8:5
42,13,11,12;12,12:6|13:7
42,16,14,15;15,15:8|16:9
42,18,16,17,17:4|18:4
42,18,16,17;17,17:4|18:4
42,20,18,19,19:10|20:11
42,24,22,23,23:12|24:13
43,5,3,4,4:0|5:1
43,5,3,4,4:0|5:2
43,5,3,4,4:0|5:3
43,6,4,5;5,5:1|6:4
43,6,4,5;5,5:2|6:5
43,7,4,6,5:1|6:4|7:6
43,10,8,9,9:7|10:8
43,12,10,11,11:9|12:10
43,12,10,11,11:9|12:11
43,13,11,12,12:11|13:12
43,13,11,12,12:11|13:4
43,13,11,12,12:11|13:13
43,14,12,13;13,13:13|14:13
43,14,12,13,13:13|14:13
43,19,17,18,18:14|19:15
43,21,19,20;20,20:16|21:17
43,24,22,23,23:18|24:19
43,24,22,23,23:18|24:20
43,25,23,24,24:19|25:21
44,3,1,2,2:0|3:1
44,7,5,6,6:2|7:3
44,7,5,6,6:2|7:4
44,7,5,6,6:5|7:6
44,8,5,7;7,6:2|7:3|8:7
44,8,5,7;7,6:2|7:4|8:8
44,9,6,8,7:3|8:7|9:9
44,12,10,11,11:10|12:2
44,14,12,13,13:11|14:3
44,14,12,13,13:11|14:12
44,14,12,13,13:11|14:6
44,15,13,14;14,14:3|15:13
44,17,15,16;16,16:14|17:5
44,17,15,16;16;16,16:14|17:5
44,21,19,20;20,20:15|21:16
44,24,22,23,23:11|24:17
44,24,22,23,23:18|24:18
44,25,22,24,23:11|24:17|25:11
45,3,1,2,2:0|3:0
45,3,1,2;2,2:0|3:0
45,3,1,2;2;2,2:0|3:0
45,8,6,7,7:1|8:2
45,10,8,9,9:3|10:4
45,13,11,12,12:5|13:6
45,13,11,12;12,12:5|13:6
45,13,11,12;12,12:5|13:7
45,14,12,13,13:6|14:8
45,18,16,17,17:9|18:10
45,21,19,20,20:11|21:11
46,3,1,2,2:0|3:1
46,5,3,4,4:2|5:3
46,9,7,8,8:4|9:5
46,13,11,12,12:3|13:6
46,15,13,14,14:7|15:8
46,18,16,17,17:8|18:9
46,20,18,19,19:10|20:11
46,23,21,22,22:12|23:3
47,4,2,3,3:0|4:1
47,6,4,5,5:2|6:2
47,6,4,5;5,5:2|6:2
47,8,6,7,7:3|8:4
47,12,10,11,11:5|12:5
47,18,16,17,17:6|18:7
47,18,16,17;17,17:6|18:7
47,20,18,19,19:8|20:9
47,22,20,21,21:10|22:11
47,22,20,21,21:10|22:12
47,23,21,22,22:11|23:13
48,3,1,2,2:0|3:1
48,5,3,4;4,4:2|5:3
48,8,6,7,7:4|8:4
48,8,6,7;7,7:4|8:4
48,10,8,9,9:5|10:6
48,16,14,15,15:7|16:8
48,16,14,15,15:4|16:4
48,17,14,16,15:7|16:8|17:9
48,17,14,16,15:4|16:4|17:10
48,18,14,17,15:7|16:8|17:9|18:3
48,21,19,20;20,20:11|21:12
48,21,19,20;20,20:4|21:13
48,21,19,20;20,20:4|21:10
48,22,19,21,20:4|21:13|22:13
48,22,19,21;21,20:4|21:13|22:13
49,5,3,4,4:0|5:1
49,8,6,7,7:2|8:3
49,10,8,9,9:4|10:4
49,12,10,11,11:5|12:6
49,12,10,11,11:5|12:7
49,12,10,11,11:8|12:8
49,13,10,12;12,11:5|12:6|13:9
49,13,10,12;12,11:8|12:8|13:8
49,14,10,13,11:5|12:6|13:9|14:10
49,17,15,16,16:11|17:3
49,20,18,19;19,19:12|20:13
49,23,21,22;22,22:14|23:15
49,23,21,22;22,22:14|23:8
49,24,22,23,23:15|24:13
50,3,1,2,2:0|3:1
50,3,1,2,2:0|3:2
50,3,1,2,2:3|3:3
50,4,1,3;3,2:0|3:1|4:4
50,9,7,8,8:5|9:6
50,9,7,8,8:7|9:7
50,10,7,9,8:7|9:7|10:7
50,12,10,11,11:8|12:9
50,13,11,12,12:3|13:10
50,16,14,15,15:3|16:3
50,16,14,15;15,15:3|16:3
50,16,14,15;15;15,15:3|16:3
50,19,17,18;18,18:11|19:1
50,24,22,23;23,23:12|24:13
51,3,1,2,2:0|3:0
51,8,6,7,7:1|8:2
51,8,6,7,7:1|8:0
51,9,7,8,8:0|9:0
51,11,9,10,10:3|11:4
51,11,9,10,10:3|11:5
51,11,9,10,10:3|11:6
51,12,10,11,11:5|12:5
51,12,10,11,11:6|12:6
51,12,10,11;11,11:5|12:5
51,12,10,11,11:4|12:7
51,13,10,12,11:6|12:6|13:6
51,13,10,12;12,11:6|12:6|13:6
51,12,10,11;11,11:6|12:6
51,15,13,14,14:8|15:9
51,18,16,17;17,17:6|18:6
51,18,16,17,17:6|18:6
51,18,16,17;17;17,17:6|18:6
52,5,3,4;4,4:0|5:1
52,10,8,9,9:2|10:3
52,10,8,9,9:2|10:4
52,10,8,9,9:2|10:5
52,11,9,10;10,10:3|11:6
52,14,12,13,13:7|14:8
52,19,17,18,18:5|19:5
52,21,19,20,20:9|21:10
52,23,21,22;22,22:11|23:12
53,3,1,2,2:0|3:1
53,8,6,7,7:2|8:3
53,10,8,9,9:4|10:5
53,10,8,9,9:6|10:6
53,11,8,10,9:4|10:5|11:7
53,11,8,10,9:6|10:6|11:8
53,11,8,10,9:6|10:6|11:6
53,12,8,11,9:6|10:6|11:6|12:6
53,12,8,11;11,9:6|10:6|11:6|12:6
53,14,12,13,13:9|14:10
53,16,14,15;15,15:11|16:12
53,16,14,15;15,15:13|16:14
53,16,14,15;15,15:13|16:6
53,17,14,16;16,15:11|16:12|17:0
53,17,14,16;16,15:11|16:12|17:8
53,18,16,17,17:0|18:15
53,20,18,19;19,19:16|20:17
53,20,18,19;19,19:9|20:6
53,21,18,20,19:16|20:17|21:18
53,21,18,20,19:9|20:6|21:13
53,22,18,21,19:16|20:17|21:18|22:19
53,24,22,23,23:20|24:21
53,24,22,23,23:13|24:8
53,25,22,24,23:20|24:21|25:22
54,3,1,2,2:0|3:1
54,3,1,2,2:2|3:3
54,3,1,2,2:2|3:4
54,4,1,3,2:2|3:4|4:4
54,4,1,3;3,2:2|3:4|4:4
54,6,4,5,5:5|6:6
54,11,9,10,10:7|11:8
54,16,14,15,15:4|16:4
54,16,14,15;15,15:4|16:4
54,16,14,15;15;15,15:4|16:4
54,20,18,19,19:9|20:10
54,20,18,19,19:11|20:11
54,20,18,19,19:9|20:3
54,20,18,19,19:9|20:4
54,21,18,20;20;20,19:9|20:10|21:12
54,21,18,20;20;20,19:9|20:10|21:13
54,21,18,20;20;20,19:9|20:3|21:3
54,22,19,21;21,20:10|21:12|22:14
54,22,19,21;21,20:10|21:12|22:11
54,23,21,22,22:14|23:15
54,25,23,24;24,24:16|25:17
55,3,1,2;2,2:0|3:1
55,6,4,5,5:2|6:3
55,12,10,11,11:4|12:5
55,14,12,13,13:6|14:7
55,16,14,15;15,15:8|16:8
55,16,14,15,15:8|16:8
55,16,14,15;15;15,15:8|16:8
55,18,16,17,17:8|18:8
55,18,16,17;17,17:8|18:8
55,20,18,19,19:9|20:7
55,22,20,21;21,21:10|22:11
55,25,23,24;24,24:12|25:13
56,3,1,2,2:0|3:1
56,3,1,2,2:0|3:2
56,3,1,2,2:3|3:3
56,4,1,3,2:3|3:3|4:3
56,4,1,3;3,2:3|3:3|4:3
56,8,6,7,7:4|8:5
56,8,6,7,7:6|8:7
56,8,6,7,7:4|8:3
56,9,6,8;8,7:4|8:5|9:8
56,9,6,8;8,7:6|8:7|9:9
56,10,6,9,7:4|8:5|9:8|10:10
56,12,10,11,11:9|12:9
56,12,10,11;11,11:9|12:9
56,17,15,16;16,16:11|17:12
56,17,15,16;16,16:4|17:2
56,18,15,17,16:11|17:12|18:13
56,18,15,17,16:4|17:2|18:3
56,19,15,18,16:11|17:12|18:13|19:14
56,19,15,18,16:4|17:2|18:3|19:2
56,20,15,19,16:11|17:12|18:13|19:14|20:15
56,22,20,21,21:2|22:2
57,3,1,2;2;2,2:0|3:1
57,6,4,5,5:2|6:3
57,6,4,5,5:2|6:4
57,6,4,5,5:2|6:5
57,7,5,6;6,6:3|7:6
57,12,10,11,11:7|12:8
57,16,14,15;15,15:9|16:10
57,16,14,15,15:9|16:10
57,18,16,17,17:4|18:4
57,18,16,17;17,17:4|18:4
57,20,18,19,19:4|20:4
57,21,18,20;20,19:11|20:12|21:13
57,21,18,20;20,19:11|20:12|21:14
57,22,20,21,21:13|22:15
58,3,1,2,2:0|3:1
58,3,1,2,2:2|3:3
58,3,1,2,2:2|3:2
58,4,1,3,2:0|3:1|4:4
58,4,1,3;3,2:0|3:1|4:4
58,8,6,7,7:5|8:6
58,10,8,9,9:7|10:8
58,12,10,11,11:9|12:10
58,12,10,11,11:9|12:11
58,12,10,11,11:9|12:2
58,13,11,12;12,12:10|13:12
58,16,14,15,15:13|16:13
58,16,14,15;15,15:13|16:13
58,18,16,17,17:14|18:15
58,18,16,17,17:3|18:2
58,19,16,18,17:14|18:15|19:16
58,22,20,21,21:3|22:3
58,22,20,21,21:2|22:2
58,22,20,21;21,21:3|22:3
58,22,20,21;21,21:2|22:2
58,23,20,22,21:3|22:3|23:10
58,23,20,22,21:2|22:2|23:13
58,24,20,23,21:3|22:3|23:10|24:17
59,6,4,5,5:0|6:0
59,11,9,10,10:1|11:2
59,11,9,10,10:3|11:0
59,12,9,11,10:3|11:0|12:0
59,14,12,13,13:3|14:3
59,15,12,14,13:4|14:5|15:6
59,15,12,14,13:3|14:3|15:7
59,16,12,15,13:4|14:5|15:6|16:8
59,16,12,15,13:3|14:3|15:7|16:7
59,17,12,16,13:4|14:5|15:6|16:8|17:9
59,17,12,16,13:3|14:3|15:7|16:7|17:7
59,18,12,17,13:4|14:5|15:6|16:8|17:9|18:10
59,20,18,19,19:11|20:12
59,24,22,23,23:13|24:13
60,3,1,2,2:0|3:0
60,3,1,2;2,2:0|3:0
60,5,3,4,4:1|5:2
60,8,6,7;7,7:3|8:1
60,8,6,7;7,7:4|8:4
60,9,6,8,7:3|8:1|9:5
60,9,6,8,7:4|8:4|9:4
60,10,6,9,7:3|8:1|9:5|10:6
60,12,10,11,11:7|12:8
60,17,15,16,16:0|17:0
60,17,15,16;16,16:0|17:0
60,17,15,16,16:9|17:9
60,18,15,17,16:9|17:9|18:9
60,17,15,16;16,16:9|17:9
60,23,21,22,22:10|23:11
60,23,21,22,22:12|23:12
60,24,21,23,22:10|23:11|24:13
60,24,21,23,22:10|23:11|24:0
61,5,3,4;4,4:0|5:1
61,11,9,10,10:2|11:2
61,16,14,15,15:3|16:4
61,18,16,17,17:5|18:5
61,21,19,20,20:6|21:7
61,24,22,23,23:8|24:9
61,24,22,23,23:8|24:2
61,25,23,24,24:9|25:8
62,3,1,2,2:0|3:1
62,3,1,2,2:2|3:3
62,4,1,3,2:2|3:3|4:3
62,5,1,4,2:0|3:1|4:4|5:5
62,5,1,4,2:0|3:1|4:4|5:6
62,6,4,5,5:5|6:7
62,10,8,9,9:8|10:9
62,10,8,9,9:8|10:10
62,10,8,9,9:6|10:11
62,11,8,10;10,9:8|10:9|11:10
62,18,16,17,17:6|18:6
62,23,21,22;22,22:12|23:13
63,5,3,4;4,4:0|5:1
63,7,5,6;6,6:2|7:3
63,9,7,8,8:4|9:4
63,14,12,13,13:5|14:6
63,14,12,13,13:5|14:4
63,15,13,14,14:6|15:7
63,18,16,17,17:8|18:9
63,24,22,23,23:10|24:11
64,5,3,4,4:0|5:0
64,5,3,4,4:0|5:1
64,6,4,5,5:0|6:2
64,9,7,8,8:3|9:4
64,9,7,8,8:5|9:1
64,10,7,9,8:3|9:4|10:6
64,15,13,14,14:7|15:8
64,15,13,14,14:7|15:9
64,16,14,15,15:8|16:10
64,16,14,15,15:9|16:11
64,17,14,16,15:9|16:11|17:11
64,20,18,19,19:12|20:7
64,21,19,20;20,20:7|21:13
64,21,19,20,20:1|21:1
64,21,19,20;20,20:1|21:1
64,22,19,21,20:7|21:13|22:14
65,3,1,2,2:0|3:1
65,3,1,2,2:2|3:3
65,3,1,2,2:2|3:2
65,4,1,3;3,2:0|3:1|4:4
65,4,1,3;3,2:2|3:3|4:3
65,5,1,4,2:0|3:1|4:4|5:5
65,7,5,6,6:6|7:7
65,10,8,9,9:8|10:9
65,12,10,11;11;11,11:0|12:10
65,12,10,11;11;11,11:0|12:11
65,13,11,12,12:10|13:12
65,16,14,15;15,15:13|16:14
65,22,20,21,21:3|22:3
65,24,22,23,23:2|24:2
66,3,1,2,2:0|3:0
66,7,5,6,6:1|7:2
66,7,5,6,6:1|7:3
66,8,6,7,7:2|8:4
66,13,11,12,12:5|13:6
66,13,11,12,12:5|13:3
66,13,11,12,12:5|13:7
66,13,11,12,12:5|13:0
66,14,12,13;13,13:0|14:0
66,14,12,13,13:0|14:0
66,14,12,13;13;13,13:0|14:0
66,17,15,16,16:8|17:2
66,17,15,16,16:8|17:3
66,17,15,16,16:8|17:9
66,17,15,16,16:8|17:0
66,18,16,17,17:0|18:0
66,18,16,17;17,17:0|18:0
66,18,16,17;17;17,17:0|18:0
66,20,18,19,19:10|20:11
66,20,18,19,19:7|20:3
66,20,18,19,19:7|20:7
66,20,18,19,19:7|20:0
66,21,18,20,19:7|20:7|21:7
66,21,18,20;20;20,19:7|20:7|21:7
66,21,18,20;20,19:7|20:7|21:7
66,24,22,23,23:4|24:12
66,24,22,23,23:13|24:7
66,24,22,23,23:13|24:3
67,3,1,2,2:0|3:1
67,3,1,2,2:0|3:2
67,3,1,2,2:3|3:3
67,4,1,3;3,2:0|3:1|4:4
67,9,7,8,8:5|9:6
67,15,13,14,14:7|15:7
67,15,13,14,14:7|15:8
67,15,13,14,14:7|15:9
67,16,14,15;15,15:7|16:10
67,20,18,19,19:11|20:12
67,22,20,21,21:13|22:12
68,3,1,2,2:0|3:0
68,3,1,2;2,2:0|3:0
68,5,3,4;4,4:1|5:2
68,14,12,13;13,13:3|14:4
68,18,16,17,17:5|18:6
68,20,18,19,19:7|20:8
68,20,18,19,19:0|20:0
68,21,18,20,19:7|20:8|21:9
68,23,21,22,22:10|23:11
68,23,21,22,22:10|23:0
68,24,22,23,23:0|24:0
68,23,21,22,22:10|23:12
68,24,22,23;23,23:0|24:0
69,4,2,3,3:0|4:1
69,7,5,6,6:2|7:3
69,9,7,8,8:4|9:4
69,9,7,8;8,8:4|9:4
69,9,7,8,8:5|9:5
69,9,7,8;8,8:5|9:5
69,9,7,8;8;8,8:4|9:4
69,9,7,8;8;8,8:5|9:5
69,10,7,9,8:4|9:4|10:6
69,12,10,11,11:7|12:8
69,12,10,11,11:7|12:5
69,13,11,12,12:8|13:9
69,15,13,14,14:10|15:11
69,15,13,14,14:5|15:4
69,16,13,15,14:10|15:11|16:12
69,16,13,15,14:10|15:11|16:13
69,17,15,16,16:12|17:14
69,22,20,21,21:15|22:16
69,22,20,21,21:17|22:17
69,23,20,22,21:15|22:16|23:18
70,3,1,2,2:0|3:1
70,7,5,6;6,6:2|7:3
70,9,7,8,8:4|9:4
70,9,7,8;8,8:4|9:4
70,11,9,10,10:2|11:5
70,17,15,16,16:6|17:7
70,17,15,16,16:8|17:8
70,18,15,17,16:6|17:7|18:9
70,21,19,20,20:6|21:10
70,23,21,22;22,22:11|23:12
70,25,23,24,24:13|25:14
71,5,3,4,4:0|5:1
71,5,3,4,4:0|5:2
71,6,4,5,5:1|6:3
71,10,8,9,9:4|10:5
71,10,8,9;9,9:4|10:5
71,16,14,15,15:6|16:7
71,16,14,15,15:6|16:8
71,17,15,16,16:8|17:8
71,20,18,19,19:9|20:10
71,20,18,19,19:9|20:11
71,21,19,20,20:10|21:12
71,23,21,22,22:13|23:14
72,10,8,9,9:0|10:0
72,12,10,11;11,11:1|12:2
72,17,15,16,16:3|17:4
72,24,22,23,23:5|24:5
72,24,22,23;23,23:5|24:5
73,3,1,2,2:0|3:0
73,5,3,4,4:1|5:2
73,7,5,6,6:0|7:0
73,7,5,6,6:3|7:3
73,7,5,6,6:4|7:1
73,7,5,6;6,6:0|7:0
73,7,5,6;6,6:3|7:3
73,7,5,6;6;6,6:0|7:0
73,8,5,7;7,6:4|7:1|8:5
73,8,5,7;7,6:0|7:0|8:0
73,9,5,8,6:4|7:1|8:5|9:6
73,13,11,12,12:7|13:8
73,13,11,12,12:3|13:3
73,13,11,12,12:7|13:9
73,14,11,13;13,12:7|13:8|14:10
73,16,14,15,15:11|16:12
73,16,14,15,15:13|16:9
73,16,14,15,15:13|16:13
73,17,14,16,15:11|16:12|17:14
73,17,14,16;16,15:11|16:12|17:14
73,21,19,20;20,20:13|21:13
73,21,19,20,20:13|21:13
73,21,19,20,20:3|21:3
73,22,19,21,20:3|21:3|22:3
73,21,19,20;20;20,20:13|21:13
73,21,19,20;20,20:3|21:3
73,23,19,22,20:3|21:3|22:3|23:13
74,6,4,5;5,5:0|6:1
74,6,4,5;5,5:0|6:2
74,7,5,6,6:1|7:3
74,7,5,6,6:2|7:4
74,8,5,7,6:1|7:3|8:5
74,10,8,9,9:6|10:7
74,16,14,15,15:8|16:9
74,18,16,17,17:2|18:2
74,18,16,17;17,17:2|18:2
74,18,16,17;17;17,17:2|18:2
74,20,18,19,19:10|20:11
74,22,20,21,21:4|22:4
75,6,4,5,5:0|6:1
75,10,8,9,9:2|10:3
75,12,10,11,11:4|12:5
75,12,10,11,11:6|12:7
75,13,10,12,11:4|12:5|13:8
75,13,10,12,11:6|12:7|13:7
75,14,10,13,11:4|12:5|13:8|14:9
75,14,10,13,11:4|12:5|13:8|14:10
75,14,10,13,11:4|12:5|13:8|14:11
75,15,13,14;14,14:9|15:12
75,17,15,16,16:13|17:4
75,17,15,16,16:13|17:14
75,18,16,17,17:4|18:15
75,20,18,19,19:16|20:6
75,20,18,19;19,19:16|20:6
75,23,21,22,22:2|23:17
76,4,2,3,3:0|4:0
76,8,6,7,7:1|8:2
76,13,11,12,12:3|13:4
76,13,11,12,12:5|13:0
76,14,11,13,12:3|13:4|14:6
76,14,11,13,12:3|13:4|14:7
76,15,13,14,14:6|15:8
76,19,17,18;18,18:9|19:10
76,22,20,21,21:5|22:5
76,23,20,22,21:11|22:12|23:13
76,23,20,22,21:11|22:12|23:7
76,23,20,22,21:11|22:12|23:14
76,23,20,22,21:11|22:12|23:0
76,23,20,22,21:5|22:5|23:5
77,8,6,7,7:0|8:0
77,10,8,9,9:1|10:1
77,12,10,11;11;11,11:2|12:3
77,12,10,11;11;11,11:2|12:0
77,13,11,12,12:3|13:4
77,15,13,14,14:5|15:6
77,17,15,16,16:7|17:8
77,17,15,16,16:0|17:0
77,18,15,17,16:7|17:8|18:9
77,18,15,17,16:7|17:8|18:10
77,19,17,18,18:10|19:11
77,24,22,23,23:12|24:13
78,3,1,2;2,2:0|3:1
78,5,3,4,4:2|5:3
78,7,5,6,6:4|7:5
78,9,7,8,8:6|9:6
78,9,7,8,8:7|9:7
78,9,7,8;8,8:6|9:6
78,9,7,8;8,8:7|9:7
78,9,7,8;8;8,8:6|9:6
78,9,7,8;8;8,8:7|9:7
78,10,7,9,8:7|9:7|10:8
78,10,7,9,8:6|9:6|10:6
78,11,7,10,8:7|9:7|10:8|11:9
78,11,7,10,8:6|9:6|10:6|11:10
78,11,7,10,8:6|9:6|10:6|11:7
78,12,7,11;11,8:7|9:7|10:8|11:9|12:11
78,15,13,14,14:12|15:5
78,17,15,16,16:6|17:6
78,17,15,16;16,16:6|17:6
78,19,17,18,18:13|19:13
78,19,17,18;18,18:13|19:13
78,22,20,21,21:14|22:15
78,22,20,21,21:14|22:16
78,22,20,21,21:7|22:10
78,22,20,21,21:7|22:13
78,23,20,22;22;22,21:14|22:16|23:17
79,6,4,5,5:0|6:1
79,6,4,5,5:2|6:3
79,6,4,5,5:2|6:4
79,6,4,5,5:2|6:2
79,6,4,5,5:0|6:5
79,7,4,6;6;6;6,5:0|6:1|7:6
79,7,4,6;6;6;6,5:0|6:1|7:7
79,7,4,6;6;6;6,5:2|6:2|7:4
79,8,4,7;7,5:0|6:1|7:7|8:8
79,14,12,13,13:2|14:2
79,14,12,13;13,13:2|14:2
79,14,12,13,13:9|14:7
79,15,12,14,13:9|14:7|15:10
79,15,12,14,13:2|14:2|15:4
79,16,12,15,13:2|14:2|15:4|16:4
79,22,20,21,21:4|22:4
79,24,22,23,23:11|24:12
79,24,22,23,23:5|24:2
79,24,22,23,23:5|24:4
80,4,2,3,3:0|4:1
80,4,2,3,3:0|4:2
80,5,3,4,4:1|5:3
80,8,6,7,7:4|8:5
80,14,12,13,13:6|14:7
80,17,15,16,16:8|17:9
80,17,15,16,16:10|17:11
80,18,15,17,16:8|17:9|18:12
80,20,18,19,19:13|20:14
80,25,23,24,24:15|25:16
81,3,1,2,2:0|3:1
81,3,1,2,2:0|3:2
81,4,2,3,3:1|4:3
81,8,6,7,7:4|8:5
81,8,6,7,7:6|8:6
81,8,6,7,7:6|8:7
81,9,6,8;8,7:4|8:5|9:8
81,12,10,11,11:9|12:10
81,12,10,11,11:2|12:2
81,13,10,12,11:9|12:10|13:11
81,13,10,12,11:2|12:2|13:2
81,14,10,13,11:9|12:10|13:11|14:12
81,14,10,13,11:2|12:2|13:2|14:13
81,15,10,14,11:9|12:10|13:11|14:12|15:14
81,15,10,14,11:9|12:10|13:11|14:12|15:15
81,16,14,15,15:15|16:16
81,21,19,20;20;20,20:17|21:18
81,23,21,22,22:19|23:20
82,6,4,5,5:0|6:1
82,8,6,7,7:2|8:2
82,8,6,7;7,7:2|8:2
82,10,8,9,9:3|10:4
82,10,8,9,9:5|10:5
82,11,8,10,9:5|10:5|11:5
82,12,8,11,9:3|10:4|11:6|12:7
82,15,13,14,14:8|15:9
82,15,13,14,14:10|15:2
82,15,13,14,14:10|15:10
82,16,13,15,14:10|15:2|16:2
82,16,13,15,14:10|15:10|16:10
82,16,13,15;15,14:10|15:10|16:10
82,16,13,15;15,14:10|15:2|16:2
82,17,14,16,15:2|16:2|17:11
82,17,14,16,15:10|16:10|17:10
82,17,14,16,15:2|16:2|17:2
82,18,14,17;17,15:2|16:2|17:11|18:1
82,18,14,17;17,15:10|16:10|17:10|18:10
82,19,14,18,15:2|16:2|17:11|18:1|19:12
82,21,19,20;20;20,20:1|21:13
82,21,19,20;20;20,20:10|21:14
82,22,19,21,20:10|21:14|22:14
82,21,19,20;20;20,20:10|21:2
82,22,19,21,20:10|21:2|22:2
82,22,19,21;21,20:10|21:2|22:2
82,22,19,21;21,20:10|21:14|22:14
82,23,20,22,21:14|22:14|23:15
83,5,3,4,4:0|5:1
83,12,10,11;11;11,11:2|12:3
83,14,12,13;13,13:4|14:1
83,16,14,15,15:5|16:6
83,16,14,15,15:7|16:7
83,16,14,15,15:7|16:8
83,16,14,15,15:7|16:9
83,16,14,15,15:7|16:10
83,17,14,16,15:7|16:9|17:9
83,17,14,16;16,15:7|16:9|17:9
83,17,14,16;16;16,15:7|16:9|17:9
83,17,14,16;16;16;16,15:7|16:9|17:9
83,19,17,18;18;18,18:11|19:12
83,19,17,18;18;18,18:11|19:13
83,19,17,18;18;18,18:11|19:14
83,19,17,18;18;18,18:7|19:8
83,20,17,19;19;19,18:11|19:12|20:15
83,20,17,19;19;19,18:7|19:8|20:10
83,21,17,20,18:11|19:12|20:15|21:16
83,24,22,23,23:17|24:18
84,3,1,2,2:0|3:0
84,6,4,5,5:1|6:2
84,8,6,7,7:3|8:4
84,8,6,7,7:5|8:5
84,9,6,8,7:3|8:4|9:1
84,9,6,8,7:5|8:5|9:6
84,10,6,9,7:3|8:4|9:1|10:7
84,12,10,11;11,11:8|12:9
84,12,10,11,11:10|12:10
84,13,10,12,11:8|12:9|13:11
84,19,17,18,18:0|19:0
84,19,17,18;18,18:0|19:0
84,21,19,20,20:12|21:13
84,24,22,23,23:0|24:0
84,24,22,23;23,23:0|24:0
85,4,2,3,3:0|4:1
85,4,2,3,3:2|4:2
85,5,2,4,3:0|4:1|5:3
85,8,6,7,7:4|8:5
85,13,11,12,12:6|13:7
85,20,18,19;19,19:8|20:9
85,20,18,19;19,19:2|20:10
85,21,18,20,19:8|20:9|21:11
85,25,23,24,24:5|25:12
86,3,1,2,2:0|3:1
86,6,4,5,5:2|6:3
86,9,7,8,8:4|9:5
86,9,7,8,8:4|9:6
86,10,8,9,9:5|10:7
86,10,8,9,9:6|10:0
86,11,8,10,9:5|10:7|11:8
86,16,14,15,15:0|16:0
86,16,14,15,15:9|16:9
86,16,14,15;15,15:0|16:0
86,16,14,15;15,15:9|16:9
86,17,14,16,15:0|16:0|17:10
86,17,14,16,15:9|16:9|17:11
86,18,14,17,15:0|16:0|17:10|18:12
86,18,14,17,15:0|16:0|17:10|18:9
86,19,17,18,18:12|19:13
86,19,17,18,18:9|19:9
86,19,17,18,18:9|19:11
86,19,17,18,18:9|19:0
86,20,18,19,19:11|20:11
86,19,17,18,18:9|19:6
86,20,17,19,18:9|19:11|20:11
86,20,17,19;19,18:9|19:11|20:11
86,20,17,19;19;19,18:9|19:11|20:11
86,20,17,19;19;19;19,18:9|19:11|20:11
86,24,22,23,23:9|24:9
86,25,22,24,23:14|24:15|25:16
87,3,1,2,2:0|3:1
87,8,6,7;7,7:2|8:3
87,8,6,7;7;7,7:2|8:3
87,11,9,10,10:4|11:5
87,13,11,12,12:6|13:1
87,13,11,12,12:6|13:7
87,14,12,13,13:1|14:8
87,14,12,13,13:7|14:3
87,15,12,14,13:1|14:8|15:9
87,17,15,16,16:2|17:2
88,4,2,3;3,3:0|4:1
88,4,2,3;3,3:2|4:3
88,5,2,4,3:0|4:1|5:4
88,7,5,6;6,6:5|7:6
88,7,5,6;6,6:7|7:8
88,7,5,6;6,6:7|7:3
88,8,5,7;7,6:5|7:6|8:9
88,11,9,10;10,10:10|11:11
88,11,9,10;10,10:2|11:2
88,12,9,11,10:10|11:11|12:12
88,12,9,11,10:2|11:2|12:8
88,13,9,12,10:2|11:2|12:8|13:8
88,12,9,11,10:2|11:2|12:2
88,12,9,11,10:10|11:11|12:7
88,13,9,12;12;12,10:2|11:2|12:8|13:8
88,13,9,12;12,10:2|11:2|12:8|13:8
88,16,14,15,15:13|16:14
88,16,14,15,15:13|16:2
88,17,15,16,16:2|17:2
88,19,17,18,18:15|19:16
88,22,20,21,21:17|22:18
88,22,20,21,21:3|22:7
88,23,20,22,21:17|22:18|23:16
89,4,2,3,3:0|4:0
89,4,2,3;3,3:0|4:0
89,9,7,8,8:1|9:2
89,14,12,13;13;13,13:3|14:4
89,16,14,15;15,15:5|16:5
89,16,14,15,15:5|16:5
89,16,14,15;15;15,15:5|16:5
89,22,20,21,21:5|22:5
89,22,20,21;21,21:5|22:5
89,24,22,23,23:6|24:7
89,24,22,23,23:0|24:8
89,24,22,23,23:0|24:9
89,25,22,24;24,23:6|24:7|25:10
90,4,2,3,3:0|4:1
90,10,8,9,9:2|10:2
90,10,8,9;9,9:2|10:2
90,10,8,9;9,9:3|10:4
90,10,8,9,9:3|10:4
90,10,8,9;9;9,9:2|10:2
90,10,8,9;9;9,9:3|10:4
90,11,8,10,9:3|10:4|11:5
90,15,13,14,14:6|15:7
90,17,15,16,16:8|17:9
90,19,17,18;18,18:10|19:11
90,19,17,18;18,18:10|19:12
90,19,17,18;18,18:10|19:2
90,19,17,18;18,18:10|19:13
90,20,18,19,19:11|20:14
90,20,18,19;19,19:11|20:14
90,20,18,19;19;19,19:11|20:14
90,24,22,23;23,23:15|24:16
90,24,22,23;23,23:12|24:13
90,25,22,24,23:15|24:16|25:15
91,4,2,3,3:0|4:1
91,4,2,3,3:0|4:2
91,5,3,4,4:1|5:3
91,5,3,4,4:2|5:2
91,5,3,4,4:1|5:4
91,6,3,5;5,4:1|5:3|6:5
91,12,10,11,11:6|12:6
91,12,10,11;11,11:6|12:6
91,12,10,11,11:7|12:7
91,13,10,12,11:7|12:7|13:7
91,14,10,13,11:7|12:7|13:7|14:7
91,16,14,15,15:8|16:9
91,16,14,15,15:8|16:2
91,17,15,16,16:9|17:10
91,21,19,20,20:11|21:12
91,23,21,22;22,22:13|23:14
91,23,21,22;22,22:13|23:7
91,24,22,23,23:14|24:12
92,3,1,2,2:0|3:1
92,9,7,8;8;8,8:2|9:3
92,12,10,11,11:4|12:5
92,14,12,13,13:6|14:7
92,14,12,13,13:8|14:9
92,15,12,14,13:8|14:9|15:9
92,18,16,17,17:10|18:11
92,18,16,17,17:10|18:12
92,19,17,18,18:11|19:1
92,24,22,23,23:0|24:3
93,3,1,2,2:0|3:1
93,3,1,2,2:2|3:3
93,4,1,3,2:0|3:1|4:4
93,8,6,7,7:5|8:6
93,10,8,9;9,9:7|10:8
93,12,10,11,11:3|12:3
93,14,12,13,13:9|14:10
93,14,12,13,13:9|14:11
93,15,13,14,14:10|15:12
93,17,15,16,16:13|17:1
93,17,15,16,16:3|17:2
93,18,15,17,16:13|17:1|18:14
93,23,21,22,22:15|23:16
94,3,1,2,2:0|3:1
94,3,1,2,2:2|3:3
94,4,1,3,2:0|3:1|4:4
94,4,1,3,2:2|3:3|4:2
94,5,1,4,2:0|3:1|4:4|5:5
94,5,1,4,2:2|3:3|4:2|5:2
94,6,1,5,2:0|3:1|4:4|5:5|6:6
94,6,1,5,2:2|3:3|4:2|5:2|6:3
94,7,1,6,2:0|3:1|4:4|5:5|6:6|7:7
94,7,1,6,2:2|3:3|4:2|5:2|6:3|7:3
94,8,1,7,2:0|3:1|4:4|5:5|6:6|7:7|8:8
94,8,1,7,2:0|3:1|4:4|5:5|6:6|7:7|8:2
94,8,1,7,2:2|3:3|4:2|5:2|6:3|7:3|8:3
94,9,1,8;8,2:0|3:1|4:4|5:5|6:6|7:7|8:8|9:9
94,9,1,8;8,2:2|3:3|4:2|5:2|6:3|7:3|8:3|9:10
94,9,1,8;8,2:2|3:3|4:2|5:2|6:3|7:3|8:3|9:11
94,9,1,8;8,2:2|3:3|4:2|5:2|6:3|7:3|8:3|9:3
94,10,1,9;9,2:0|3:1|4:4|5:5|6:6|7:7|8:8|9:9|10:12
94,10,1,9;9;9,2:0|3:1|4:4|5:5|6:6|7:7|8:8|9:9|10:12
94,15,13,14,14:3|15:3
94,17,15,16,16:3|17:3
94,19,17,18;18,18:9|19:13
94,23,21,22,22:14|23:15
95,4,2,3;3;3,3:0|4:1
95,4,2,3;3;3,3:0|4:2
95,5,3,4,4:1|5:3
95,4,2,3;3;3,3:0|4:4
95,5,3,4;4,4:1|5:3
95,11,9,10;10,10:5|11:6
95,11,9,10;10,10:7|11:7
95,11,9,10;10,10:7|11:8
95,12,9,11,10:7|11:8|12:8
95,12,9,11;11,10:7|11:8|12:8
95,15,13,14,14:9|15:10
95,15,13,14,14:9|15:11
95,16,14,15,15:10|16:12
95,21,19,20;20,20:12|21:13
95,23,21,22;22;22;22,22:14|23:15
95,23,21,22;22;22;22,22:14|23:16
95,24,22,23,23:16|24:10
96,3,1,2,2:0|3:1
96,6,4,5;5,5:2|6:3
96,6,4,5;5,5:4|6:5
96,7,4,6,5:2|6:3|7:6
96,7,4,6,5:2|6:3|7:7
96,8,6,7,7:7|8:8
96,13,11,12,12:9|13:10
96,15,13,14;14,14:11|15:12
96,15,13,14;14,14:13|15:5
96,15,13,14;14,14:13|15:4
96,16,13,15;15,14:11|15:12|16:14
96,20,18,19;19,19:13|20:13
96,20,18,19,19:13|20:13
96,20,18,19;19;19,19:13|20:13
96,22,20,21,21:13|22:13
96,22,20,21;21,21:13|22:13
96,24,22,23,23:14|24:15
97,3,1,2,2:0|3:1
97,3,1,2,2:0|3:2
97,3,1,2,2:3|3:3
97,3,1,2,2:0|3:4
97,4,1,3;3;3,2:0|3:1|4:5
97,7,5,6,6:2|7:2
97,12,10,11,11:6|12:7
97,14,12,13,13:8|14:8
97,18,16,17,17:9|18:10
97,24,22,23,23:11|24:12
98,3,1,2,2:0|3:1
98,5,3,4,4:2|5:3
98,5,3,4,4:2|5:4
98,5,3,4,4:5|5:5
98,6,3,5,4:5|5:5|6:5
98,6,3,5;5,4:5|5:5|6:5
98,9,7,8,8:6|9:7
98,13,11,12,12:8|13:9
98,15,13,14,14:10|15:11
98,18,16,17,17:12|18:13
98,18,16,17,17:4|18:4
98,18,16,17,17:12|18:14
98,19,16,18;18,17:12|18:13|19:15
98,21,19,20;20,20:9|21:16
98,23,21,22,22:4|23:4
98,23,21,22,22:5|23:5
98,23,21,22,22:14|23:14
98,23,21,22;22,22:4|23:4
98,23,21,22;22,22:5|23:5
98,23,21,22;22,22:14|23:14
98,23,21,22;22;22,22:14|23:14
98,24,21,23;23,22:4|23:4|24:17
99,5,3,4,4:0|5:0
99,13,11,12,12:1|13:2
99,16,14,15,15:3|16:4
99,16,14,15,15:5|16:5
99,16,14,15,15:3|16:6
99,17,14,16;16,15:3|16:4|17:7
99,19,17,18,18:6|19:6
100,3,1,2,2:0|3:1
100,3,1,2,2:2|3:2
100,3,1,2,2:0|3:3
100,3,1,2,2:0|3:4
100,4,1,3;3;3,2:0|3:1|4:5
100,4,1,3;3;3,2:0|3:4|4:6
100,4,1,3;3;3,2:0|3:4|4:2
100,4,1,3;3;3,2:0|3:4|4:4
100,5,2,4,3:4|4:2|5:2
100,5,2,4;4,3:4|4:2|5:2
100,5,2,4;4;4,3:4|4:2|5:2
100,7,5,6,6:7|7:8
100,7,5,6,6:3|7:4
100,8,5,7,6:7|7:8|8:9
100,10,8,9,9:10|10:11
100,10,8,9,9:10|10:6
100,10,8,9,9:4|10:4
100,11,8,10;10,9:10|10:11|11:12
100,13,11,12,12:13|13:14
100,16,14,15,15:3|16:3
100,16,14,15;15,15:3|16:3
100,19,17,18;18,18:15|19:16
100,22,20,21;21;21,21:17|22:12
100,22,20,21;21;21,21:17|22:6
100,23,21,22,22:12|23:18
100,23,21,22,22:6|23:3
100,24,21,23,22:12|23:18|24:19
100,24,21,23,22:12|23:18|24:4
100,25,23,24,24:19|25:20
101,3,1,2,2:0|3:0
101,3,1,2;2,2:0|3:0
101,9,7,8,8:1|9:2
101,14,12,13,13:0|14:0
101,16,14,15,15:3|16:4
101,20,18,19,19:5|20:6
101,20,18,19;19,19:5|20:6
101,25,23,24,24:7|25:8
102,3,1,2,2:0|3:1
102,3,1,2,2:0|3:2
102,4,2,3,3:1|4:3
102,9,7,8,8:4|9:5
102,11,9,10,10:2|11:2
102,14,12,13,13:6|14:7
102,16,14,15;15,15:2|16:2
102,16,14,15,15:2|16:2
102,16,14,15;15;15,15:2|16:2
102,19,17,18,18:8|19:9
102,21,19,20;20,20:10|21:11
102,21,19,20;20,20:10|21:4
102,22,20,21,21:4|22:12
102,24,22,23,23:13|24:14
102,24,22,23,23:13|24:2
103,3,1,2,2:0|3:1
103,6,4,5,5:2|6:2
103,6,4,5;5,5:2|6:2
103,6,4,5,5:3|6:3
103,6,4,5;5,5:3|6:3
103,6,4,5;5;5,5:2|6:2
103,6,4,5,5:4|6:4
103,6,4,5;5,5:4|6:4
103,7,4,6,5:4|6:4|7:4
103,6,4,5;5;5,5:4|6:4
103,6,4,5;5;5,5:3|6:3
103,6,4,5;5;5;5,5:3|6:3
103,7,4,6,5:3|6:3|7:3
103,6,4,5;5;5;5,5:2|6:2
103,7,4,6;6,5:4|6:4|7:4
103,8,4,7,5:3|6:3|7:3|8:3
103,7,4,6;6,5:3|6:3|7:3
103,17,15,16,16:5|17:6
103,17,15,16,16:5|17:2
103,17,15,16,16:5|17:4
103,18,16,17;17,17:6|18:7
103,21,19,20,20:6|21:8
103,21,19,20,20:3|21:9
103,22,19,21,20:3|21:9|22:9
103,24,22,23,23:9|24:9
103,24,22,23;23,23:9|24:9
104,3,1,2,2:0|3:1
104,6,4,5;5,5:2|6:3
104,6,4,5;5,5:2|6:4
104,7,5,6,6:3|7:5
104,7,5,6,6:4|7:4
104,8,5,7,6:3|7:5|8:6
104,8,5,7,6:4|7:4|8:4
104,8,5,7,6:4|7:4|8:7
104,8,5,7,6:4|7:4|8:8
104,9,5,8,6:4|7:4|8:7|9:7
104,9,5,8;8,6:4|7:4|8:7|9:7
104,9,5,8;8;8,6:4|7:4|8:7|9:7
104,16,14,15;15,15:9|16:10
104,18,16,17,17:11|18:1
105,3,1,2;2,2:0|3:1
105,5,3,4;4,4:2|5:3
105,5,3,4;4,4:4|5:5
105,6,3,5,4:2|5:3|6:6
105,6,3,5,4:2|5:3|6:7
105,6,3,5,4:2|5:3|6:8
105,7,5,6;6,6:6|7:9
105,7,5,6;6,6:8|7:4
105,8,5,7,6:6|7:9|8:10
105,8,5,7,6:8|7:4|8:4
105,9,5,8,6:6|7:9|8:10|9:11
105,9,5,8,6:6|7:9|8:10|9:12
105,10,8,9,9:12|10:13
105,14,12,13;13,13:14|14:15
105,17,15,16;16,16:16|17:17
105,17,15,16;16,16:8|17:4
105,18,15,17,16:16|17:17|18:12
105,21,19,20;20,20:18|21:17
105,21,19,20;20,20:18|21:5
105,22,20,21,21:5|22:5
105,21,19,20;20,20:8|21:8
105,22,19,21,20:8|21:8|22:8
105,22,19,21;21,20:18|21:5|22:5
105,23,19,22,20:18|21:5|22:5|23:19
106,7,5,6;6,6:0|7:1
106,7,5,6;6,6:0|7:2
106,8,6,7,7:2|8:3
106,11,9,10,10:4|11:4
106,11,9,10;10,10:4|11:4
106,16,14,15,15:5|16:6
106,18,16,17,17:7|18:8
107,4,2,3,3:0|4:1
107,4,2,3,3:2|4:3
107,5,2,4,3:0|4:1|5:4
107,10,8,9,9:5|10:6
107,10,8,9,9:7|10:8
107,11,8,10,9:5|10:6|11:9
107,11,8,10,9:5|10:6|11:7
107,12,10,11,11:7|12:7
107,14,12,13,13:8|14:8
107,15,12,14,13:10|14:11|15:0
107,15,12,14,13:10|14:11|15:2
107,16,14,15,15:2|16:2
107,15,12,14,13:10|14:11|15:3
107,15,12,14,13:10|14:11|15:7
107,16,14,15;15,15:2|16:2
107,17,14,16,15:2|16:2|17:12
107,19,17,18;18;18,18:13|19:14
107,19,17,18;18;18,18:3|19:2
107,19,17,18;18;18,18:3|19:7
107,20,17,19;19,18:13|19:14|20:15
107,20,17,19;19,18:3|19:7|20:7
107,21,17,20,18:13|19:14|20:15|21:16
107,21,17,20,18:13|19:14|20:15|21:8
107,22,20,21,21:16|22:17
107,22,20,21,21:16|22:18
107,22,20,21,21:16|22:3
107,23,21,22,22:18|23:1
107,23,21,22;22,22:18|23:1
107,25,23,24,24:19|25:20
108,5,3,4;4,4:0|5:1
108,7,5,6,6:2|7:3
108,7,5,6,6:2|7:4
108,8,6,7,7:3|8:5
108,8,6,7,7:4|8:6
108,9,6,8,7:4|8:6|9:6
108,11,9,10;10,10:7|11:8
108,13,11,12,12:9|13:10
108,13,11,12,12:9|13:11
108,13,11,12,12:9|13:6
108,14,12,13,13:11|14:11
108,13,11,12,12:9|13:4
108,14,12,13,13:6|14:6
108,14,12,13;13,13:11|14:11
108,14,12,13;13,13:4|14:4
108,14,12,13,13:4|14:4
108,14,12,13;13,13:6|14:6
108,15,12,14,13:6|14:6|15:6
108,15,12,14,13:11|14:11|15:11
108,15,12,14;14,13:11|14:11|15:11
108,16,12,15,13:11|14:11|15:11|16:12
108,16,12,15,13:6|14:6|15:6|16:13
108,17,12,16,13:11|14:11|15:11|16:12|17:14
108,17,12,16,13:6|14:6|15:6|16:13|17:11
108,18,12,17,13:11|14:11|15:11|16:12|17:14|18:15
108,21,19,20;20,20:16|21:17
108,21,19,20;20;20,20:16|21:17
108,25,23,24,24:18|25:15
109,4,2,3,3:0|4:0
109,4,2,3;3,3:0|4:0
109,6,4,5,5:1|6:2
109,6,4,5,5:3|6:4
109,7,4,6,5:1|6:2|7:5
109,10,8,9;9;9,9:6|10:7
109,10,8,9;9;9,9:0|10:3
109,11,8,10,9:6|10:7|11:8
109,11,8,10,9:0|10:3|11:4
109,12,8,11,9:6|10:7|11:8|12:9
109,14,12,13;13,13:10|14:11
109,14,12,13;13,13:10|14:12
109,15,13,14,14:11|15:9
109,20,18,19,19:3|20:3
109,20,18,19;19,19:3|20:3
109,22,20,21,21:3|22:13
109,24,22,23,23:8|24:14
110,7,5,6,6:0|7:1
110,7,5,6,6:2|7:2
110,7,5,6,6:2|7:3
110,8,5,7,6:2|7:3|8:3
110,8,5,7;7,6:2|7:3|8:3
110,10,8,9,9:4|10:5
110,12,10,11,11:6|12:7
110,14,12,13,13:8|14:9
110,15,13,14,14:9|15:10
110,21,19,20,20:11|21:0
110,23,21,22,22:12|23:13
111,4,2,3,3:0|4:1
111,4,2,3;3,3:0|4:1
111,15,13,14,14:2|15:2
111,15,13,14;14,14:2|15:2
111,15,13,14;14;14,14:2|15:2
111,15,13,14;14;14;14,14:2|15:2
111,18,16,17,17:2|18:2
111,18,16,17;17,17:2|18:2
111,20,18,19,19:3|20:4
111,20,18,19,19:2|20:0
111,21,18,20,19:3|20:4|21:5
111,21,18,20,19:2|20:0|21:0
111,22,18,21,19:3|20:4|21:5|22:6
111,22,18,21,19:2|20:0|21:0|22:0
111,23,18,22,19:3|20:4|21:5|22:6|23:7
111,23,18,22,19:2|20:0|21:0|22:0|23:0
111,24,18,23,19:3|20:4|21:5|22:6|23:7|24:7
112,7,5,6;6;6,6:0|7:0
112,7,5,6;6,6:0|7:0
112,7,5,6,6:0|7:0
112,11,9,10,10:1|11:2
112,13,11,12,12:3|13:4
112,13,11,12;12,12:3|13:4
112,16,14,15;15,15:5|16:6
112,16,14,15;15,15:7|16:8
112,17,14,16,15:5|16:6|17:1
112,19,17,18,18:9|19:8
112,21,19,20,20:8|21:8
112,22,19,21,20:10|21:11|22:12
112,22,19,21,20:8|21:8|22:8
112,23,19,22,20:10|21:11|22:12|23:13
113,4,2,3,3:0|4:1
113,4,2,3,3:2|4:2
113,4,2,3,3:2|4:3
113,5,2,4,3:2|4:3|5:3
113,5,2,4;4,3:2|4:3|5:3
113,7,5,6,6:4|7:5
113,7,5,6,6:4|7:6
113,8,6,7,7:5|8:7
113,10,8,9,9:8|10:9
113,14,12,13,13:10|14:5
113,17,15,16,16:11|17:11
113,22,20,21,21:11|22:12
114,3,1,2;2,2:0|3:1
114,6,4,5;5,5:2|6:3
114,9,7,8,8:4|9:4
114,11,9,10,10:5|11:6
114,11,9,10;10,10:5|11:6
114,13,11,12,12:7|13:8
114,15,13,14;14,14:9|15:9
114,15,13,14;14;14,14:9|15:9
114,20,18,19,19:10|20:3
114,24,22,23,23:11|24:12
115,3,1,2;2,2:0|3:1
115,3,1,2;2,2:2|3:3
115,4,1,3,2:0|3:1|4:4
115,4,1,3,2:0|3:1|4:5
115,4,1,3,2:0|3:1|4:2
115,5,3,4;4,4:2|5:2
115,5,3,4,4:2|5:2
115,5,3,4,4:4|5:3
115,6,3,5,4:2|5:2|6:2
115,11,9,10;10,10:6|11:7
115,14,12,13;13,13:8|14:9
115,18,16,17,17:10|18:11
115,20,18,19,19:12|20:13
116,3,1,2,2:0|3:1
116,3,1,2,2:0|3:2
116,4,2,3,3:1|4:3
116,4,2,3,3:2|4:2
116,5,2,4,3:1|4:3|5:4
116,7,5,6;6,6:5|7:5
116,11,9,10;10,10:6|11:7
116,11,9,10;10,10:6|11:8
116,11,9,10;10,10:6|11:9
116,11,9,10;10,10:6|11:5
116,12,10,11;11;11,11:7|12:10
116,12,10,11;11;11,11:8|12:2
116,13,10,12,11:7|12:10|13:11
116,13,10,12,11:7|12:10|13:12
116,13,10,12,11:7|12:10|13:5
116,13,10,12,11:8|12:2|13:2
116,14,10,13,11:8|12:2|13:2|14:2
116,14,10,13;13,11:8|12:2|13:2|14:2
116,14,10,13;13;13,11:8|12:2|13:2|14:2
116,19,17,18;18,18:13|19:14
116,23,21,22,22:6|23:15
117,9,7,8,8:0|9:1
117,12,10,11,11:2|12:2
117,16,14,15,15:3|16:4
117,18,16,17,17:5|18:6
117,23,21,22,22:7|23:8
117,23,21,22,22:2|23:2
118,3,1,2,2:0|3:0
118,3,1,2;2,2:0|3:0
118,3,1,2,2:1|3:1
118,3,1,2;2,2:1|3:1
118,3,1,2;2;2,2:1|3:1
118,4,1,3,2:0|3:0|4:2
118,4,1,3,2:0|3:0|4:0
118,5,3,4,4:0|5:0
118,7,5,6,6:0|7:0
118,9,7,8,8:2|9:3
118,12,10,11,11:4|12:5
118,12,10,11,11:4|12:0
118,12,10,11,11:4|12:6
118,12,10,11,11:4|12:1
118,13,11,12;12;12,12:5|13:7
118,15,13,14,14:0|15:0
118,18,16,17,17:8|18:9
118,21,19,20;20,20:10|21:11
118,24,22,23,23:12|24:13
118,24,22,23,23:12|24:14
119,3,1,2;2;2,2:0|3:1
119,3,1,2;2;2,2:2|3:3
119,4,1,3,2:0|3:1|4:4
119,7,5,6,6:5|7:5
119,7,5,6;6,6:5|7:5
119,7,5,6;6;6,6:5|7:5
119,12,10,11,11:6|12:7
119,14,12,13;13,13:8|14:9
119,14,12,13;13,13:8|14:2
119,15,13,14,14:2|15:2
119,16,13,15,14:9|15:10|16:11
119,19,17,18;18,18:12|19:13
119,19,17,18;18,18:14|19:2
119,20,17,19,18:12|19:13|20:15
120,3,1,2,2:0|3:1
120,3,1,2,2:2|3:2
120,4,1,3,2:0|3:1|4:3
120,7,5,6,6:3|7:4
120,7,5,6,6:3|7:5
120,8,6,7,7:5|8:5
120,12,10,11,11:6|12:7
120,14,12,13;13;13;13,13:8|14:9
120,22,20,21,21:5|22:5
120,22,20,21;21,21:5|22:5
121,7,5,6,6:0|7:1
121,7,5,6,6:2|7:2
121,8,5,7,6:2|7:2|8:2
121,7,5,6,6:2|7:3
121,8,5,7;7,6:2|7:2|8:2
121,10,8,9,9:4|10:5
121,13,11,12,12:6|13:7
121,16,14,15;15;15,15:8|16:9
121,16,14,15;15;15,15:8|16:10
121,17,15,16,16:10|17:11
121,23,21,22,22:12|23:13
121,25,23,24,24:14|25:11
122,3,1,2;2,2:0|3:1
122,5,3,4;4,4:2|5:3
122,8,6,7;7;7,7:1|8:4
122,13,11,12,12:5|13:6
122,18,16,17,17:7|18:7
122,18,16,17;17,17:7|18:7
122,21,19,20,20:8|21:9
122,21,19,20,20:8|21:10
122,21,19,20,20:11|21:11
122,22,19,21;21,20:8|21:10|22:12
122,24,22,23,23:2|24:13
122,24,22,23,23:11|24:11
122,25,22,24,23:2|24:13|25:14
123,5,3,4,4:0|5:1
123,5,3,4,4:0|5:2
123,6,4,5,5:1|6:3
123,6,4,5,5:1|6:4
123,6,4,5,5:1|6:5
123,6,4,5,5:2|6:2
123,7,4,6;6;6,5:1|6:3|7:6
123,14,12,13;13,13:7|14:8
123,17,15,16,16:9|17:10
123,17,15,16,16:9|17:4
123,18,16,17,17:4|18:4
123,20,18,19,19:11|20:12
123,24,22,23,23:5|24:5
123,24,22,23;23,23:5|24:5
123,24,22,23;23;23,23:5|24:5
124,4,2,3,3:0|4:1
124,6,4,5,5:2|6:3
124,8,6,7,7:4|8:4
124,8,6,7;7,7:4|8:4
124,8,6,7;7;7,7:4|8:4
124,8,6,7;7,7:5|8:6
124,9,6,8,7:4|8:4|9:4
124,11,9,10,10:7|11:8
124,19,17,18,18:4|19:4
124,22,20,21,21:9|22:10
124,22,20,21,21:11|22:11
124,22,20,21,21:11|22:12
124,23,20,22,21:11|22:12|23:12
124,23,20,22;22,21:11|22:12|23:12
124,25,23,24,24:13|25:14
125,3,1,2,2:0|3:1
125,5,3,4,4:2|5:3
125,7,5,6;6,6:1|7:4
125,7,5,6;6,6:5|7:5
125,8,5,7,6:1|7:4|8:6
125,8,5,7,6:1|7:4|8:7
125,8,5,7,6:1|7:4|8:8
125,9,7,8;8,8:6|9:9
125,9,7,8;8,8:8|9:5
125,10,7,9,8:6|9:9|10:10
125,10,7,9,8:8|9:5|10:5
125,10,7,9,8:8|9:5|10:11
125,11,7,10;10,8:6|9:9|10:10|11:3
125,11,7,10;10,8:8|9:5|10:11|11:8
125,11,7,10;10,8:8|9:5|10:11|11:7
125,12,7,11;11,8:6|9:9|10:10|11:3|12:12
125,15,13,14,14:8|15:8
125,17,15,16,16:13|17:12
125,18,16,17,17:12|18:14
125,23,21,22;22;22,22:15|23:16
125,23,21,22;22;22,22:7|23:11
125,24,21,23,22:15|23:16|24:17
126,4,2,3,3:0|4:1
126,4,2,3,3:2|4:3
126,4,2,3,3:2|4:4
126,5,2,4;4,3:0|4:1|5:5
126,5,2,4;4,3:0|4:1|5:6
126,5,2,4;4,3:2|4:4|5:4
126,6,2,5;5,3:0|4:1|5:6|6:7
126,6,2,5;5,3:0|4:1|5:5|6:4
126,6,2,5;5,3:0|4:1|5:5|6:8
126,7,4,6;6,5:6|6:7|7:9
126,9,7,8,8:10|9:11
126,12,10,11,11:12|12:13
126,12,10,11,11:2|12:2
126,13,10,12,11:12|12:13|13:14
126,13,10,12,11:2|12:2|13:2
126,13,10,12,11:12|12:13|13:8
126,14,10,13;13,11:12|12:13|13:14|14:15
126,17,15,16;16,16:16|17:17
126,19,17,18;18,18:18|19:13
126,23,21,22,22:18|23:19
126,23,21,22,22:3|23:8
127,4,2,3,3:0|4:1
127,4,2,3,3:0|4:2
127,4,2,3,3:0|4:3
127,5,3,4;4,4:1|5:4
127,7,5,6;6,6:5|7:6
127,7,5,6;6,6:5|7:3
127,8,6,7,7:6|8:7
127,13,11,12,12:2|13:2
127,15,13,14,14:8|15:1
127,20,18,19,19:9|20:6
128,3,1,2,2:0|3:1
128,3,1,2,2:0|3:2
128,4,2,3,3:1|4:3
128,8,6,7;7,7:4|8:5
128,13,11,12,12:6|13:7
128,13,11,12,12:6|13:8
128,13,11,12,12:6|13:2
128,14,12,13;13,13:7|14:9
128,17,15,16,16:10|17:11
128,17,15,16,16:10|17:12
128,17,15,16,16:10|17:2
128,18,16,17;17,17:11|18:13
128,18,16,17;17,17:11|18:8
128,19,17,18,18:13|19:14
128,19,17,18,18:8|19:2
128,19,17,18,18:8|19:15
128,19,17,18,18:13|19:16
128,20,17,19,18:8|19:2|20:2
128,20,17,19;19;19,18:8|19:2|20:2
128,20,17,19;19,18:8|19:2|20:2
128,22,20,21,21:17|22:2
128,22,20,21;21,21:17|22:2
129,7,5,6,6:0|7:0
129,8,5,7,6:1|7:2|8:3
129,12,10,11,11:4|12:5
129,12,10,11,11:6|12:6
129,13,10,12,11:6|12:6|13:6
129,15,13,14;14,14:7|15:8
129,20,18,19;19,19:3|20:9
129,20,18,19;19,19:10|20:6
129,21,18,20,19:3|20:9|21:11
129,21,18,20,19:3|20:9|21:0
129,21,18,20,19:10|20:6|21:6
129,22,18,21;21,19:10|20:6|21:6|22:12
129,25,23,24,24:13|25:14
130,4,2,3,3:0|4:1
130,4,2,3,3:2|4:3
130,5,2,4,3:0|4:1|5:4
130,5,2,4,3:0|4:1|5:5
130,6,4,5,5:4|6:6
130,9,7,8,8:7|9:8
130,14,12,13,13:9|14:10
130,14,12,13;13,13:9|14:10
130,19,17,18,18:5|19:5
130,19,17,18;18,18:5|19:5
130,21,19,20,20:11|21:12
130,23,21,22;22,22:13|23:14
130,25,23,24,24:15|25:6
131,5,3,4,4:0|5:1
131,7,5,6;6,6:2|7:2
131,7,5,6,6:2|7:2
131,10,8,9,9:3|10:4
131,14,12,13;13,13:5|14:6
131,14,12,13;13,13:2|14:2
131,15,12,14,13:2|14:2|15:7
132,5,3,4;4;4,4:0|5:1
132,5,3,4;4;4,4:2|5:3
132,5,3,4;4;4,4:2|5:4
132,6,3,5;5,4:0|5:1|6:5
132,10,8,9,9:1|10:6
132,10,8,9,9:7|10:4
132,11,8,10,9:1|10:6|11:0
132,13,11,12,12:8|13:9
132,13,11,12,12:8|13:4
132,13,11,12,12:3|13:10
132,14,11,13,12:3|13:10|14:10
132,14,11,13;13,12:3|13:10|14:10
132,17,15,16,16:11|17:12
132,19,17,18,18:13|19:1
132,19,17,18,18:13|19:10
132,20,18,19,19:1|20:14
132,22,20,21,21:4|22:4
132,22,20,21;21,21:4|22:4
133,8,6,7,7:0|8:0
133,8,6,7;7,7:0|8:0
133,8,6,7;7;7,7:0|8:0
133,10,8,9,9:1|10:2
133,12,10,11,11:3|12:4
133,12,10,11,11:3|12:5
133,13,11,12,12:4|13:6
133,16,14,15,15:5|16:5
133,16,14,15;15,15:5|16:5
133,19,17,18,18:7|19:8
133,23,21,22;22,22:9|23:10
133,23,21,22,22:9|23:10
134,5,3,4,4:0|5:1
134,7,5,6,6:2|7:3
134,9,7,8,8:4|9:2
134,11,9,10,10:5|11:6
134,14,12,13,13:7|14:7
134,14,12,13;13,13:7|14:7
134,19,17,18,18:8|19:9
134,21,19,20,20:10|21:2
135,4,2,3,3:0|4:1
135,4,2,3,3:2|4:3
135,5,2,4,3:0|4:1|5:4
135,9,7,8,8:5|9:6
135,11,9,10,10:7|11:3
135,13,11,12;12,12:8|13:9
135,17,15,16,16:2|17:2
136,3,1,2,2:0|3:1
136,5,3,4,4:2|5:2
136,5,3,4,4:3|5:4
136,6,3,5,4:2|5:2|6:5
136,6,3,5,4:3|5:4|6:6
136,6,3,5,4:3|5:4|6:3
136,7,3,6;6,4:2|5:2|6:5|7:7
136,10,8,9;9,9:8|10:9
136,10,8,9;9,9:6|10:10
136,11,8,10,9:8|10:9|11:11
136,13,11,12,12:12|13:13
136,13,11,12,12:12|13:6
136,14,12,13,13:13|14:0
136,18,16,17,17:14|18:15
136,18,16,17;17,17:14|18:15
136,21,19,20;20;20,20:16|21:17
136,23,21,22,22:18|23:19
136,25,23,24,24:20|25:21
137,6,4,5;5,5:0|6:1
137,8,6,7,7:2|8:3
137,8,6,7,7:2|8:4
137,9,7,8,8:3|9:5
137,9,7,8,8:4|9:6
137,9,7,8,8:4|9:7
137,10,7,9;9,8:3|9:5|10:8
137,10,7,9;9,8:3|9:5|10:9
137,10,7,9;9,8:3|9:5|10:6
137,10,7,9;9,8:3|9:5|10:7
137,11,9,10;10;10,10:8|11:10
137,13,11,12,12:11|13:12
137,18,16,17,17:5|18:13
137,18,16,17,17:4|18:6
137,19,16,18,17:5|18:13|19:14
137,19,16,18,17:5|18:13|19:4
137,19,16,18,17:5|18:13|19:7
137,20,18,19,19:14|20:15
137,20,18,19;19,19:14|20:15
137,22,20,21,21:16|22:17
137,25,23,24,24:18|25:19
138,3,1,2,2:0|3:0
138,3,1,2;2,2:0|3:0
138,3,1,2;2;2,2:0|3:0
138,5,3,4,4:0|5:0
138,6,3,5,4:1|5:2|6:3
138,8,6,7,7:4|8:5
138,8,6,7,7:4|8:6
138,8,6,7,7:7|8:7
138,8,6,7,7:4|8:0
138,9,6,8;8;8,7:4|8:5|9:8
138,12,10,11,11:9|12:10
138,15,13,14;14,14:11|15:12
138,17,15,16;16,16:13|17:14
138,17,15,16;16,16:13|17:15
138,17,15,16;16,16:13|17:16
138,18,16,17;17,17:15|18:17
138,20,18,19;19,19:18|20:19
138,23,21,22,22:7|23:7
138,23,21,22,22:6|23:6
138,23,21,22;22,22:6|23:6
138,23,21,22;22,22:7|23:7
138,23,21,22,22:20|23:21
138,23,21,22;22;22,22:6|23:6
138,24,21,23,22:7|23:7|24:7
138,24,21,23;23,22:7|23:7|24:7
139,7,5,6,6:0|7:1
139,7,5,6,6:0|7:2
139,8,6,7,7:1|8:3
139,8,6,7,7:1|8:4
139,9,7,8,8:4|9:5
139,9,7,8,8:4|9:6
139,10,8,9,9:5|10:2
139,13,11,12,12:7|13:2
139,15,13,14,14:8|15:8
139,17,15,16,16:9|17:10
139,17,15,16;16,16:9|17:10
139,19,17,18,18:11|19:12
139,21,19,20,20:8|21:8
139,21,19,20;20,20:8|21:8
139,21,19,20;20;20,20:8|21:8
139,24,22,23,23:12|24:13
139,24,22,23,23:14|24:6
139,25,22,24,23:12|24:13|25:11
140,3,1,2,2:0|3:0
140,3,1,2;2,2:0|3:0
140,5,3,4,4:1|5:2
140,5,3,4;4,4:1|5:3
140,5,3,4;4,4:1|5:2
140,5,3,4;4,4:4|5:0
140,6,3,5;5,4:1|5:3|6:5
140,6,3,5;5,4:1|5:2|6:2
140,7,4,6,5:3|6:5|7:6
140,11,9,10,10:7|11:8
140,15,13,14;14,14:9|15:10
140,15,13,14;14,14:4|15:0
140,15,13,14;14,14:4|15:11
140,15,13,14;14,14:4|15:2
140,16,13,15,14:4|15:11|16:11
140,15,13,14;14,14:4|15:4
140,16,13,15;15,14:4|15:11|16:11
140,16,14,15,15:11|16:11
140,16,13,15;15;15,14:4|15:11|16:11
140,16,13,15;15;15;15,14:4|15:11|16:11
140,24,22,23,23:1|24:12
141,3,1,2,2:0|3:1
141,7,5,6,6:2|7:3
141,13,11,12,12:4|13:5
141,13,11,12,12:6|13:7
141,14,11,13,12:4|13:5|14:8
141,16,14,15,15:9|16:9
141,16,14,15;15,15:9|16:9
141,18,16,17,17:4|18:10
141,20,18,19,19:11|20:11
141,24,22,23;23,23:12|24:13
142,3,1,2;2,2:0|3:1
142,3,1,2;2,2:0|3:2
142,4,2,3,3:1|4:3
142,4,2,3,3:1|4:4
142,5,3,4,4:3|5:5
142,5,3,4,4:3|5:6
142,6,4,5,5:5|6:7
142,8,6,7;7,7:8|8:9
142,10,8,9;9,9:10|10:11
142,10,8,9;9,9:10|10:4
142,11,9,10,10:11|11:5
142,13,11,12,12:12|13:13
142,13,11,12;12,12:12|13:13
142,15,13,14,14:14|15:14
142,15,13,14;14,14:14|15:14
142,18,16,17,17:15|18:16
142,20,18,19,19:17|20:18
142,22,20,21;21,21:19|22:16
142,22,20,21;21,21:2|22:2
142,23,20,22,21:19|22:16|23:20
142,23,20,22,21:19|22:16|23:14
142,24,22,23,23:20|24:21
142,24,22,23,23:20|24:22
142,24,22,23,23:20|24:2
142,25,23,24;24,24:21|25:17
143,3,1,2,2:0|3:1
143,3,1,2,2:2|3:3
143,4,1,3,2:0|3:1|4:4
143,4,1,3,2:0|3:1|4:2
143,4,1,3,2:0|3:1|4:5
143,5,3,4,4:2|5:2
143,5,3,4;4,4:2|5:2
143,6,3,5,4:4|5:6|6:7
143,8,6,7,7:8|8:9
143,12,10,11;11,11:10|12:11
143,18,16,17,17:12|18:13
143,18,16,17,17:12|18:2
143,19,17,18,18:13|19:14
143,19,17,18,18:2|19:5
143,20,17,19,18:13|19:14|20:15
143,20,17,19,18:13|19:14|20:6
143,21,19,20,20:15|21:1
143,24,22,23,23:11|24:10
144,3,1,2,2:0|3:1
144,5,3,4,4:2|5:3
144,7,5,6,6:4|7:5
144,7,5,6,6:6|7:7
144,7,5,6,6:6|7:6
144,8,5,7;7,6:4|7:5|8:8
144,8,5,7;7,6:4|7:5|8:6
144,9,7,8,8:8|9:9
144,11,9,10,10:10|11:11
144,13,11,12,12:12|13:13
144,13,11,12,12:12|13:14
144,13,11,12,12:12|13:15
144,13,11,12,12:12|13:6
144,14,12,13;13;13,13:13|14:16
144,16,14,15,15:1|16:17
144,18,16,17,17:14|18:14
144,20,18,19;19;19,19:18|20:19
144,23,21,22,22:20|23:21
144,23,21,22,22:6|23:14
144,23,21,22,22:6|23:15
144,24,21,23;23,22:20|23:21|24:22
144,24,21,23;23,22:6|23:15|24:7
145,7,5,6,6:0|7:1
145,10,8,9,9:2|10:3
145,10,8,9,9:2|10:4
145,11,9,10,10:4|11:4
145,12,9,11,10:3|11:5|12:6
145,14,12,13;13,13:7|14:8
145,14,12,13;13,13:9|14:9
145,15,12,14,13:7|14:8|15:10
145,17,15,16,16:11|17:12
145,20,18,19,19:5|20:13
145,20,18,19,19:5|20:14
145,21,19,20,20:13|21:15
145,24,22,23,23:3|24:16
146,4,2,3,3:0|4:1
146,8,6,7,7:2|8:0
146,10,8,9,9:3|10:4
146,10,8,9;9,9:3|10:4
146,14,12,13,13:5|14:5
146,14,12,13;13,13:5|14:5
146,16,14,15;15,15:6|16:7
146,18,16,17,17:8|18:9
146,18,16,17,17:8|18:10
146,18,16,17,17:11|18:11
146,19,16,18;18,17:11|18:11|19:11
146,19,16,18,17:11|18:11|19:11
146,25,23,24,24:12|25:13
147,4,2,3,3:0|4:1
147,6,4,5,5:2|6:3
147,11,9,10,10:4|11:5
147,13,11,12,12:6|13:6
147,14,11,13,12:7|13:7|14:7
147,13,11,12,12:7|13:7
147,13,11,12;12,12:6|13:6
147,15,11,14,12:7|13:7|14:7|15:8
147,18,16,17;17,17:9|18:10
147,18,16,17;17,17:6|18:7
147,18,16,17;17,17:9|18:6
147,18,16,17;17,17:6|18:11
147,19,17,18,18:6|19:6
147,19,16,18;18,17:9|18:6|19:6
147,19,16,18;18;18,17:9|18:6|19:6
147,21,19,20,20:3|21:12
147,21,19,20,20:13|21:7
147,21,19,20,20:13|21:11
147,21,19,20,20:13|21:6
147,22,19,21,20:13|21:7|22:7
147,22,19,21;21,20:13|21:7|22:7
147,22,19,21;21;21,20:13|21:7|22:7
147,24,22,23;23;23,23:14|24:15
147,24,22,23;23;23,23:13|24:11
147,24,22,23;23;23,23:13|24:7
148,5,3,4,4:0|5:1
148,7,5,6,6:2|7:3
148,10,8,9;9;9,9:4|10:5
148,10,8,9;9;9,9:6|10:6
148,10,8,9;9;9,9:6|10:7
148,10,8,9;9;9,9:6|10:8
148,11,8,10,9:6|10:7|11:7
148,11,8,10;10,9:6|10:7|11:7
148,11,8,10;10;10,9:6|10:7|11:7
148,16,14,15,15:9|16:10
148,18,16,17,17:7|18:7
148,18,16,17;17,17:7|18:7
148,18,16,17;17;17,17:7|18:7
148,18,16,17;17;17;17,17:7|18:7
148,20,18,19,19:5|20:11
148,25,23,24,24:12|25:13
149,5,3,4,4:0|5:1
149,7,5,6;6;6;6,6:2|7:3
149,12,10,11;11,11:4|12:5
149,12,10,11;11,11:6|12:7
149,13,10,12,11:4|12:5|13:8
149,15,13,14,14:9|15:9
149,18,16,17,17:6|18:6
149,18,16,17;17,17:6|18:6
149,18,16,17;17;17,17:6|18:6
149,18,16,17;17,17:10|18:10
149,19,16,18,17:10|18:10|19:10
149,18,16,17,17:10|18:10
150,4,2,3,3:0|4:1
150,4,2,3,3:0|4:2
150,5,3,4,4:1|5:3
150,7,5,6;6,6:4|7:5
150,9,7,8,8:6|9:7
150,13,11,12;12,12:8|13:3
150,13,11,12;12,12:8|13:2
150,14,12,13,13:3|14:9
150,14,12,13,13:2|14:10
150,14,12,13,13:2|14:11
150,15,12,14;14,13:3|14:9|15:12
150,15,12,14;14,13:2|14:11|15:10
150,16,12,15,13:3|14:9|15:12|16:3
150,19,17,18,18:13|19:14
150,22,20,21;21;21,21:12|22:4
151,3,1,2,2:0|3:0
151,3,1,2;2,2:0|3:0
151,3,1,2,2:1|3:1
151,3,1,2;2,2:1|3:1
151,4,1,3,2:1|3:1|4:1
151,8,6,7,7:0|8:0
151,8,6,7;7,7:0|8:0
151,10,8,9,9:1|10:1
151,14,12,13,13:2|14:3
151,17,15,16,16:4|17:2
151,17,15,16,16:0|17:5
151,18,15,17,16:4|17:2|18:6
151,22,20,21,21:7|22:8
152,3,1,2;2,2:0|3:0
152,3,1,2,2:0|3:0
152,5,3,4,4:1|5:2
152,9,7,8,8:2|9:2
152,10,7,9,8:3|9:4|10:5
152,10,7,9,8:3|9:4|10:6
152,10,7,9,8:3|9:4|10:0
152,11,9,10,10:0|11:0
152,11,9,10;10,10:0|11:0
152,11,9,10;10,10:6|11:6
152,12,9,11,10:0|11:0|12:7
152,15,13,14,14:2|15:2
152,15,13,14;14,14:2|15:2
152,15,13,14,14:0|15:0
152,15,13,14;14;14,14:2|15:2
152,15,13,14;14;14,14:0|15:0
152,16,13,15,14:2|15:2|16:8
152,18,16,17,17:9|18:9
152,18,16,17;17,17:9|18:9
153,3,1,2,2:0|3:1
153,3,1,2;2,2:0|3:1
153,5,3,4,4:2|5:3
153,8,6,7,7:4|8:5
153,8,6,7,7:6|8:7
153,9,6,8,7:4|8:5|9:1
153,12,10,11,11:8|12:8
153,15,13,14;14,14:9|15:5
153,17,15,16,16:10|17:11
153,17,15,16,16:10|17:5
153,18,16,17,17:11|18:12
153,18,16,17,17:11|18:7
153,19,17,18,18:12|19:13
153,19,17,18,18:12|19:14
153,20,18,19,19:13|20:15
153,22,20,21;21;21,21:16|22:17
153,24,22,23;23;23,23:18|24:19
153,24,22,23;23;23,23:20|24:14
153,25,22,24,23:18|24:19|25:21
154,3,1,2,2:0|3:1
154,5,3,4,4:2|5:2
154,5,3,4;4,4:2|5:2
154,7,5,6,6:3|7:4
154,10,8,9,9:2|10:2
154,10,8,9,9:5|10:5
154,10,8,9;9,9:5|10:5
154,10,8,9;9,9:2|10:2
154,11,8,10,9:5|10:5|11:6
154,15,13,14,14:7|15:8
154,18,16,17,17:9|18:9
154,18,16,17,17:10|18:10
154,19,16,18,17:9|18:9|19:11
154,22,20,21,21:9|22:9
154,24,22,23,23:12|24:13
155,3,1,2;2,2:0|3:1
155,8,6,7;7,7:2|8:3
155,8,6,7;7,7:4|8:5
155,8,6,7;7,7:4|8:4
155,8,6,7;7,7:4|8:6
155,8,6,7;7,7:4|8:7
155,9,6,8,7:4|8:4|9:4
155,9,6,8;8,7:4|8:4|9:4
155,9,6,8;8;8,7:4|8:4|9:4
155,9,6,8;8;8;8,7:4|8:4|9:4
155,9,7,8;8;8,8:4|9:4
155,13,11,12,12:8|13:9
155,13,11,12,12:8|13:1
155,13,11,12,12:8|13:4
155,14,12,13;13,13:1|14:10
155,16,14,15;15,15:11|16:12
155,18,16,17,17:13|18:14
155,18,16,17,17:5|18:4
155,19,16,18,17:13|18:14|19:15
155,19,16,18,17:13|18:14|19:5
155,20,18,19,19:5|20:5
155,19,16,18,17:13|18:14|19:7
155,20,18,19;19,19:5|20:5
155,23,21,22,22:16|23:17
156,3,1,2,2:0|3:1
156,6,4,5;5,5:2|6:3
156,8,6,7,7:4|8:5
156,14,12,13,13:6|14:7
156,14,12,13,13:6|14:8
156,15,13,14,14:7|15:7
156,17,15,16,16:1|17:9
156,17,15,16,16:1|17:10
156,18,16,17,17:9|18:11
156,20,18,19;19,19:12|20:13
156,22,20,21,21:8|22:8
156,22,20,21,21:10|22:10
156,22,20,21;21,21:10|22:10
156,23,20,22,21:8|22:8|23:14
157,5,3,4,4:0|5:1
157,7,5,6,6:2|7:3
157,9,7,8,8:4|9:5
157,17,15,16;16,16:6|17:7
157,23,21,22;22,22:8|23:3
157,23,21,22;22,22:8|23:9
157,24,22,23,23:9|24:9
158,4,2,3,3:0|4:1
158,6,4,5,5:2|6:3
158,6,4,5,5:2|6:4
158,6,4,5,5:5|6:6
158,7,4,6;6,5:2|6:3|7:7
158,16,14,15,15:6|16:6
158,16,14,15;15,15:6|16:6
158,16,14,15;15;15,15:6|16:6
158,16,14,15;15;15;15,15:6|16:6
158,19,17,18,18:8|19:9
158,22,20,21,21:10|22:11
159,3,1,2;2,2:0|3:0
159,3,1,2,2:0|3:0
159,3,1,2;2;2,2:0|3:0
159,5,3,4,4:1|5:2
159,5,3,4,4:1|5:3
159,6,4,5,5:2|6:4
159,8,6,7,7:5|8:6
159,10,8,9,9:7|10:8
159,10,8,9,9:7|10:9
159,10,8,9,9:7|10:10
159,11,9,10;10,10:8|11:11
159,13,11,12,12:0|13:0
159,18,16,17,17:12|18:13
159,18,16,17,17:12|18:0
159,18,16,17,17:12|18:9
159,19,17,18;18,18:13|19:8
159,19,17,18;18,18:0|19:0
159,20,17,19,18:13|19:8|20:14
159,23,21,22,22:15|23:16
159,25,23,24,24:17|25:2
160,3,1,2,2:0|3:0
160,3,1,2;2,2:0|3:0
160,7,5,6,6:1|7:2
160,9,7,8,8:3|9:4
160,11,9,10,10:5|11:3
160,18,16,17,17:6|18:6
160,18,16,17;17,17:6|18:6
160,18,16,17;17;17,17:6|18:6
160,20,18,19,19:7|20:8
160,21,19,20,20:8|21:9
160,21,19,20,20:8|21:6
160,22,20,21,21:9|22:10
160,22,20,21,21:9|22:11
160,23,21,22,22:11|23:8
161,4,2,3,3:0|4:0
161,4,2,3;3,3:0|4:0
161,4,2,3;3;3,3:0|4:0
161,4,2,3;3;3;3,3:0|4:0
161,6,4,5;5,5:1|6:2
161,6,4,5;5,5:0|6:3
161,6,4,5;5,5:0|6:4
161,7,4,6,5:0|6:3|7:3
161,7,4,6;6,5:0|6:3|7:3
161,9,7,8;8,8:5|9:6
161,13,11,12,12:7|13:8
161,13,11,12,12:7|13:0
161,14,12,13,13:8|14:9
161,17,15,16;16,16:10|17:7
161,17,15,16;16,16:3|17:4
161,18,15,17,16:10|17:7|18:11
161,18,15,17,16:10|17:7|18:0
161,18,15,17,16:10|17:7|18:3
161,18,15,17,16:10|17:7|18:12
161,19,17,18;18;18,18:0|19:13
161,21,19,20,20:14|21:15
161,24,22,23,23:16|24:13
161,24,22,23,23:0|24:3
161,24,22,23,23:0|24:4
161,25,22,24;24,23:16|24:13|25:17
162,9,7,8,8:0|9:1
162,9,7,8,8:0|9:2
162,9,7,8,8:3|9:3
162,10,8,9,9:1|10:4
162,10,7,9;9,8:0|9:1|10:4
162,14,12,13,13:5|14:6
162,17,15,16,16:7|17:8
162,20,18,19,19:6|20:9
162,20,18,19,19:6|20:10
162,21,19,20,20:9|21:11
163,4,2,3,3:0|4:1
163,4,2,3,3:2|4:3
163,5,2,4,3:0|4:1|5:4
163,7,5,6,6:5|7:5
163,10,8,9,9:6|10:7
163,14,12,13,13:8|14:9
163,14,12,13;13,13:8|14:9
163,20,18,19;19,19:10|20:7
163,20,18,19;19,19:11|20:2
163,21,18,20,19:11|20:2|21:2
163,23,21,22,22:12|23:13
164,3,1,2,2:0|3:0
164,3,1,2;2,2:0|3:0
164,9,7,8;8,8:1|9:2
164,9,7,8,8:3|9:3
164,9,7,8;8,8:3|9:3
164,10,7,9,8:1|9:2|10:4
164,10,7,9,8:1|9:2|10:5
164,11,9,10,10:4|11:6
164,11,9,10,10:5|11:0
164,12,9,11,10:4|11:6|12:7
164,14,12,13,13:8|14:9
164,16,14,15;15,15:10|16:2
164,16,14,15;15,15:10|16:8
164,16,14,15;15,15:0|16:3
164,17,14,16;16,15:10|16:2|17:4
164,17,14,16;16,15:0|16:3|17:5
164,18,14,17,15:10|16:2|17:4|18:11
164,20,18,19,19:12|20:13
164,20,18,19,19:12|20:14
164,20,18,19,19:12|20:0
164,21,19,20,20:14|21:15
164,21,19,20;20,20:14|21:15
164,23,21,22,22:16|23:15
165,3,1,2,2:0|3:1
165,3,1,2,2:0|3:2
165,3,1,2,2:0|3:3
165,4,2,3,3:2|4:2
165,4,2,3;3,3:2|4:2
165,9,7,8,8:4|9:5
165,12,10,11,11:6|12:7
165,16,14,15,15:4|16:8
165,16,14,15,15:9|16:3
165,16,14,15,15:9|16:10
165,17,14,16;16,15:4|16:8|17:11
165,21,19,20,20:12|21:13
165,21,19,20,20:9|21:3
165,22,19,21,20:12|21:13|22:2
165,24,22,23,23:14|24:15
166,4,2,3;3,3:0|4:1
166,4,2,3,3:0|4:1
166,10,8,9,9:2|10:3
166,12,10,11;11,11:4|12:5
166,16,14,15,15:6|16:7
166,16,14,15,15:6|16:8
166,16,14,15,15:6|16:9
166,17,15,16,16:9|17:9
166,17,15,16;16,16:9|17:9
166,20,18,19,19:10|20:11
166,22,20,21,21:12|22:13
167,3,1,2,2:0|3:1
167,3,1,2,2:2|3:3
167,3,1,2,2:2|3:4
167,3,1,2,2:2|3:2
167,4,1,3;3;3,2:0|3:1|4:5
167,4,1,3;3;3,2:0|3:1|4:3
167,4,1,3;3;3,2:0|3:1|4:2
167,5,3,4;4,4:5|5:6
167,5,3,4;4,4:3|5:2
167,5,3,4;4,4:3|5:7
167,6,3,5;5,4:5|5:6|6:8
167,6,3,5;5,4:5|5:6|6:4
167,7,5,6,6:8|7:9
167,9,7,8,8:10|9:11
167,11,9,10,10:12|11:13
167,11,9,10,10:12|11:2
167,11,9,10,10:12|11:4
167,12,10,11,11:13|12:14
167,12,10,11;11,11:13|12:14
167,14,12,13,13:2|14:2
167,14,12,13;13,13:2|14:2
167,14,12,13;13,13:15|14:16
167,14,12,13,13:15|14:16
167,14,12,13;13;13,13:2|14:2
167,15,12,14,13:2|14:2|15:2
167,14,12,13;13;13,13:15|14:16
167,14,12,13;13;13;13,13:15|14:16
167,14,12,13;13;13;13,13:2|14:2
167,19,17,18,18:17|19:18
167,20,18,19,19:4|20:19
167,20,18,19,19:4|20:7
167,20,18,19,19:4|20:4
167,21,19,20;20,20:19|21:20
167,23,21,22,22:21|23:22
167,23,21,22,22:21|23:23
167,23,21,22,22:21|23:3
167,24,22,23;23,23:23|24:24
167,24,22,23;23,23:3|24:2
167,25,22,24,23:23|24:24|25:25
168,4,2,3,3:0|4:1
168,7,5,6;6,6:2|7:3
168,7,5,6;6,6:2|7:4
168,8,6,7,7:3|8:5
168,10,8,9,9:6|10:6
168,15,13,14,14:7|15:2
168,15,13,14,14:7|15:8
168,16,14,15,15:2|16:9
168,16,14,15,15:2|16:10
168,17,15,16,16:9|17:11
168,19,17,18,18:12|19:13
168,21,19,20;20,20:1|21:14
168,21,19,20;20,20:15|21:4
168,21,19,20;20,20:15|21:10
168,22,19,21;21,20:1|21:14|22:2
168,22,19,21;21,20:1|21:14|22:4
168,23,21,22,22:4|23:4
169,7,5,6,6:0|7:1
169,7,5,6,6:2|7:3
169,8,5,7,6:0|7:1|8:4
169,8,5,7,6:2|7:3|8:3
169,9,5,8,6:0|7:1|8:4|9:5
169,9,5,8,6:0|7:1|8:4|9:6
169,10,8,9,9:5|10:7
169,12,10,11;11,11:8|12:8
169,15,13,14,14:9|15:10
169,17,15,16;16,16:11|17:1
169,21,19,20,20:12|21:1
169,21,19,20,20:6|21:3
169,21,19,20,20:12|21:13
169,21,19,20,20:12|21:2
169,22,19,21;21;21,20:12|21:1|22:14
169,22,19,21;21;21,20:12|21:2|22:2
169,23,20,22,21:1|22:14|23:11
169,23,20,22,21:1|22:14|23:6
169,23,20,22,21:2|22:2|23:2
169,24,20,23;23,21:1|22:14|23:11|24:15
169,24,20,23;23,21:1|22:14|23:6|24:13
169,24,20,23;23,21:1|22:14|23:6|24:6
170,4,2,3,3:0|4:1
170,5,2,4,3:0|4:1|5:2
170,6,4,5,5:2|6:3
170,9,7,8,8:4|9:4
170,9,7,8;8,8:4|9:4
170,16,14,15;15,15:5|16:6
170,19,17,18,18:4|19:4
170,24,22,23,23:0|24:7
171,6,4,5,5:0|6:1
171,9,7,8,8:2|9:3
171,11,9,10,10:4|11:4
171,12,9,11,10:5|11:6|12:7
171,12,9,11,10:4|11:4|12:4
171,13,9,12,10:5|11:6|12:7|13:8
171,13,9,12,10:4|11:4|12:4|13:9
171,14,9,13,10:5|11:6|12:7|13:8|14:10
171,16,14,15;15,15:11|16:12
171,20,18,19,19:13|20:13
171,20,18,19;19,19:13|20:13
171,20,18,19;19;19,19:13|20:13
171,20,18,19;19;19;19,19:13|20:13
171,22,20,21,21:0|22:0
171,25,23,24,24:14|25:15
172,5,3,4,4:0|5:1
172,7,5,6,6:2|7:3
172,7,5,6;6,6:2|7:3
172,7,5,6;6;6,6:2|7:3
172,10,8,9;9,9:4|10:5
172,10,8,9;9,9:4|10:6
172,11,9,10,10:6|11:6
172,14,12,13;13,13:7|14:7
172,16,14,15,15:8|16:8
172,16,14,15;15,15:8|16:8
172,16,14,15,15:9|16:9
172,16,14,15;15;15,15:9|16:9
172,16,14,15;15;15,15:8|16:8
172,16,14,15;15;15;15,15:8|16:8
172,16,14,15;15,15:9|16:9
172,16,14,15;15;15;15,15:9|16:9
172,17,14,16,15:9|16:9|17:9
172,24,22,23,23:10|24:10
172,24,22,23;23,23:10|24:10
173,6,4,5,5:0|6:1
173,10,8,9,9:2|10:3
173,16,14,15;15;15,15:4|16:4
173,16,14,15;15,15:4|16:4
173,16,14,15,15:4|16:4
173,18,16,17,17:5|18:6
173,18,16,17,17:5|18:7
173,19,17,18,18:6|19:8
173,19,17,18,18:6|19:4
173,20,18,19,19:8|20:5
173,20,18,19,19:8|20:9
173,21,19,20,20:9|21:10
173,23,21,22,22:11|23:12
174,3,1,2,2:0|3:1
174,6,4,5,5:2|6:2
174,8,6,7,7:3|8:4
174,11,9,10,10:5|11:6
174,17,15,16;16,16:7|17:8
174,17,15,16;16,16:7|17:9
174,17,15,16;16,16:7|17:10
174,18,16,17;17,17:9|18:4
174,18,16,17;17,17:9|18:11
174,19,17,18,18:11|19:12
174,22,20,21,21:13|22:14
174,22,20,21,21:15|22:2
174,22,20,21,21:15|22:15
174,22,20,21,21:15|22:16
174,23,20,22;22;22,21:13|22:14|23:17
174,25,23,24;24,24:18|25:19
175,4,2,3,3:0|4:0
175,8,6,7,7:1|8:1
175,8,6,7;7,7:1|8:1
175,10,8,9,9:2|10:3
175,10,8,9;9,9:2|10:3
175,13,11,12,12:4|13:5
175,13,11,12,12:6|13:6
175,14,11,13,12:6|13:6|14:6
175,16,14,15;15,15:6|16:6
175,16,14,15,15:6|16:6
175,21,19,20;20,20:7|21:0
176,4,2,3,3:0|4:1
176,6,4,5,5:2|6:3
176,9,7,8;8,8:4|9:3
176,19,17,18;18;18,18:5|19:4
176,21,19,20,20:6|21:7
176,21,19,20,20:8|21:9
176,22,19,21,20:6|21:7|22:10
177,3,1,2,2:0|3:1
177,5,3,4,4:2|5:2
177,5,3,4;4,4:2|5:2
177,5,3,4;4;4,4:2|5:2
177,8,6,7,7:3|8:4
177,10,8,9;9,9:2|10:2
177,10,8,9,9:2|10:2
177,10,8,9;9;9,9:2|10:2
177,13,11,12,12:5|13:6
177,13,11,12,12:7|13:2
177,14,11,13,12:5|13:6|14:0
177,14,11,13,12:7|13:2|14:2
177,15,11,14,12:5|13:6|14:0|15:8
177,18,16,17,17:9|18:10
177,21,19,20;20,20:11|21:12
177,24,22,23,23:13|24:13
178,5,3,4;4,4:0|5:1
178,5,3,4;4,4:2|5:2
178,6,3,5,4:0|5:1|6:3
178,8,6,7,7:4|8:4
178,10,8,9,9:5|10:0
178,10,8,9,9:5|10:2
178,11,9,10,10:0|11:6
178,11,9,10,10:0|11:7
178,12,10,11,11:6|12:8
178,14,12,13;13,13:9|14:10
178,16,14,15;15,15:11|16:11
178,16,14,15,15:11|16:11
178,24,22,23,23:12|24:13
179,3,1,2,2:0|3:1
179,3,1,2;2,2:2|3:2
179,3,1,2,2:2|3:2
179,3,1,2;2;2,2:2|3:2
179,3,1,2;2,2:0|3:1
179,4,1,3,2:0|3:1|4:3
179,4,1,3,2:0|3:1|4:4
179,5,3,4,4:4|5:4
179,7,5,6;6,6:5|7:6
179,7,5,6,6:5|7:6
179,10,8,9,9:7|10:8
179,10,8,9,9:7|10:4
179,10,8,9,9:9|10:9
179,11,8,10;10,9:7|10:8|11:10
179,18,16,17;17,17:11|18:12
179,20,18,19,19:8|20:13
180,14,12,13;13,13:0|14:1
180,18,16,17;17;17,17:2|18:3
180,24,22,23,23:4|24:0
180,24,22,23,23:4|24:5
180,25,23,24,24:0|25:6
181,4,2,3;3,3:0|4:1
181,4,2,3;3,3:2|4:3
181,4,2,3;3,3:2|4:4
181,5,2,4;4,3:0|4:1|5:5
181,9,7,8,8:6|9:7
181,9,7,8,8:8|9:3
181,9,7,8,8:8|9:2
181,10,7,9;9,8:6|9:7|10:9
181,12,10,11,11:10|12:11
181,19,17,18,18:12|19:13
181,22,20,21;21;21,21:5|22:14
181,25,23,24,24:15|25:16
182,3,1,2,2:0|3:1
182,5,3,4,4:2|5:3
182,9,7,8;8,8:4|9:5
182,9,7,8;8,8:6|9:7
182,10,7,9,8:4|9:5|10:6
182,12,10,11;11;11,11:8|12:9
182,12,10,11;11;11,11:10|12:7
182,12,10,11;11;11,11:10|12:11
182,13,10,12;12,11:8|12:9|13:12
182,15,13,14,14:13|15:14
182,15,13,14,14:7|15:10
182,16,13,15,14:13|15:14|16:15
182,16,13,15,14:7|15:10|16:16
182,17,13,16,14:7|15:10|16:16|17:16
182,19,17,18;18,18:11|19:11
182,19,17,18,18:11|19:11
182,21,19,20,20:17|21:18
183,3,1,2;2;2,2:0|3:1
183,3,1,2;2;2,2:2|3:3
183,4,1,3,2:0|3:1|4:4
183,14,12,13,13:5|14:6
183,14,12,13,13:5|14:7
183,15,13,14,14:7|15:8
183,15,13,14,14:7|15:9
183,15,13,14,14:7|15:10
183,16,14,15;15,15:8|16:11
183,16,14,15;15,15:9|16:12
183,17,14,16,15:8|16:11|17:13
183,17,14,16,15:9|16:12|17:10
183,18,14,17,15:8|16:11|17:13|18:14
183,20,18,19;19;19,19:15|20:16
183,20,18,19;19;19,19:3|20:10
183,21,18,20,19:3|20:10|21:10
183,23,21,22,22:17|23:18
183,23,21,22,22:17|23:3
183,24,22,23,23:3|24:3
184,5,3,4,4:0|5:1
184,7,5,6,6:2|7:3
184,7,5,6,6:4|7:4
184,7,5,6,6:4|7:5
184,8,5,7,6:4|7:5|8:5
184,8,5,7;7,6:4|7:5|8:5
184,12,10,11,11:6|12:7
184,15,13,14,14:8|15:9
184,15,13,14,14:8|15:10
184,16,14,15,15:9|16:9
184,20,18,19,19:11|20:12
184,23,21,22;22,22:13|23:14
184,23,21,22;22,22:13|23:15
184,23,21,22;22,22:13|23:4
184,24,22,23,23:15|24:15
184,23,21,22;22,22:13|23:10
184,24,22,23,23:4|24:4
184,24,22,23;23,23:15|24:15
184,24,22,23;23,23:4|24:4
184,25,22,24,23:15|24:15|25:16
185,3,1,2,2:0|3:1
185,6,4,5,5:2|6:2
185,6,4,5;5,5:2|6:2
185,6,4,5;5;5,5:2|6:2
185,6,4,5;5;5;5,5:2|6:2
185,9,7,8,8:3|9:4
185,11,9,10,10:2|11:2
185,13,11,12,12:5|13:6
185,13,11,12,12:5|13:7
185,14,12,13,13:7|14:8
185,14,12,13,13:7|14:9
185,15,13,14,14:8|15:10
185,18,16,17,17:11|18:3
185,18,16,17,17:12|18:9
185,18,16,17,17:12|18:13
185,19,16,18;18,17:11|18:3|19:14
185,21,19,20,20:15|21:16
185,23,21,22,22:13|23:13
185,23,21,22;22,22:13|23:13
185,25,23,24,24:17|25:18
186,5,3,4;4,4:0|5:1
186,7,5,6;6,6:0|7:2
186,9,7,8;8,8:3|9:3
186,9,7,8,8:3|9:3
186,12,10,11,11:4|12:5
186,14,12,13,13:6|14:7
186,17,15,16,16:8|17:9
186,19,17,18,18:10|19:11
186,21,19,20;20,20:12|21:12
186,21,19,20,20:12|21:12
187,5,3,4,4:0|5:1
187,8,6,7,7:2|8:3
187,11,9,10;10,10:4|11:5
187,11,9,10;10,10:4|11:6
187,12,10,11,11:5|12:7
187,12,10,11,11:5|12:8
187,13,11,12,12:7|13:9
187,16,14,15,15:10|16:11
187,18,16,17,17:8|18:8
187,18,16,17;17,17:8|18:8
187,20,18,19,19:5|20:12
187,23,21,22,22:13|23:14
187,23,21,22,22:15|23:6
187,24,21,23,22:15|23:6|24:6
188,6,4,5,5:0|6:1
188,8,6,7,7:1|8:2
188,16,14,15;15,15:3|16:4
188,22,20,21,21:5|22:6
188,22,20,21,21:7|22:8
188,23,20,22,21:5|22:6|23:9
188,25,23,24,24:10|25:11
189,3,1,2,2:0|3:0
189,3,1,2,2:1|3:1
189,3,1,2;2,2:0|3:0
189,3,1,2;2;2,2:0|3:0
189,3,1,2;2;2,2:1|3:1
189,4,1,3,2:1|3:1|4:2
189,4,1,3,2:1|3:1|4:3
189,5,3,4,4:2|5:4
189,5,3,4,4:2|5:0
189,5,3,4,4:2|5:1
189,6,4,5;5,5:4|6:5
189,8,6,7,7:3|8:6
189,8,6,7,7:3|8:7
189,8,6,7,7:3|8:3
189,8,6,7,7:3|8:0
189,9,7,8;8;8,8:6|9:8
189,9,7,8;8;8,8:7|9:1
189,10,7,9,8:6|9:8|10:9
189,12,10,11,11:10|12:11
189,12,10,11,11:3|12:1
189,13,10,12,11:10|12:11|13:12
189,13,10,12,11:3|12:1|13:1
189,14,10,13,11:10|12:11|13:12|14:3
189,17,15,16,16:1|17:13
189,17,15,16,16:14|17:7
189,18,15,17,16:14|17:7|18:7
189,17,15,16,16:14|17:0
189,18,15,17;17,16:14|17:7|18:7
189,21,19,20,20:15|21:16
189,21,19,20,20:0|21:0
189,22,19,21,20:15|21:16|22:17
190,3,1,2,2:0|3:1
190,3,1,2,2:2|3:3
190,4,1,3,2:0|3:1|4:4
190,4,1,3,2:0|3:1|4:5
190,5,3,4,4:5|5:6
190,5,3,4,4:5|5:7
190,6,4,5,5:6|6:8
190,9,7,8,8:6|9:9
190,11,9,10;10,10:10|11:11
190,14,12,13;13;13,13:4|14:12
190,14,12,13;13;13,13:3|14:2
190,15,12,14,13:4|14:12|15:13
190,15,12,14,13:4|14:12|15:7
190,15,12,14,13:4|14:12|15:3
190,16,14,15;15,15:13|16:5
190,22,20,21,21:14|22:15
190,22,20,21,21:14|22:16
190,23,21,22,22:16|23:16
191,3,1,2,2:0|3:1
191,5,3,4;4,4:2|5:3
191,5,3,4;4,4:2|5:4
191,5,3,4;4,4:2|5:5
191,5,3,4;4,4:2|5:6
191,5,3,4;4,4:2|5:7
191,5,3,4;4,4:2|5:8
191,6,4,5;5,5:6|6:6
191,6,4,5,5:6|6:6
191,6,4,5;5;5,5:6|6:6
191,6,4,5;5;5;5,5:6|6:6
191,6,4,5;5;5;5;5,5:6|6:6
191,8,6,7,7:5|8:5
191,8,6,7;7,7:5|8:5
191,8,6,7;7;7,7:5|8:5
191,8,6,7;7,7:6|8:6
191,9,6,8,7:6|8:6|9:6
191,10,6,9,7:5|8:5|9:5|10:5
191,11,6,10;10,7:6|8:6|9:6|10:9|11:10
191,11,6,10;10,7:6|8:6|9:6|10:9|11:5
191,12,10,11,11:10|12:11
191,12,10,11,11:5|12:5
191,13,10,12,11:10|12:11|13:12
191,16,14,15,15:13|16:14
191,20,18,19,19:15|20:16
191,22,20,21,21:17|22:18
191,22,20,21,21:8|22:8
191,23,20,22,21:17|22:18|23:19
192,3,1,2,2:0|3:1
192,3,1,2,2:0|3:2
192,3,1,2,2:0|3:3
192,3,1,2,2:0|3:4
192,3,1,2,2:5|3:5
192,4,1,3;3;3;3,2:0|3:1|4:6
192,4,1,3;3;3;3,2:5|3:5|4:4
192,5,1,4,2:0|3:1|4:6|5:7
192,5,1,4,2:5|3:5|4:4|5:5
192,6,1,5,2:0|3:1|4:6|5:7|6:8
192,8,6,7;7;7,7:9|8:10
192,8,6,7;7;7,7:9|8:11
192,8,6,7;7;7,7:4|8:3
192,9,6,8;8,7:9|8:11|9:12
192,11,9,10,10:13|11:14
192,12,9,11,10:13|11:14|12:15
192,14,12,13,13:16|14:7
192,14,12,13,13:16|14:5
192,14,12,13,13:16|14:3
192,15,13,14;14,14:7|15:6
192,17,15,16,16:4|17:4
192,19,17,18;18,18:17|19:18
192,21,19,20,20:19|21:20
192,23,21,22;22,22:21|23:22
192,23,21,22;22,22:23|23:20
192,24,21,23,22:21|23:22|24:24
192,24,21,23,22:21|23:22|24:25
192,24,21,23,22:21|23:22|24:3
192,24,21,23,22:21|23:22|24:4
192,25,23,24;24;24,24:25|25:26
193,3,1,2,2:0|3:0
193,3,1,2,2:1|3:1
193,3,1,2;2,2:0|3:0
193,3,1,2;2,2:1|3:1
193,4,1,3,2:0|3:0|4:2
193,4,1,3,2:0|3:0|4:3
193,5,3,4,4:2|5:4
193,8,6,7;7,7:5|8:6
193,10,8,9,9:7|10:8
193,10,8,9,9:7|10:9
193,11,9,10,10:9|11:10
193,11,9,10,10:9|11:3
193,11,9,10,10:8|11:0
193,11,9,10,10:8|11:11
193,12,9,11;11;11,10:9|11:10|12:8
193,16,14,15,15:12|16:13
193,16,14,15,15:12|16:0
193,17,15,16,16:13|17:14
193,17,15,16,16:13|17:1
193,18,16,17,17:14|18:15
193,20,18,19,19:7|20:16
193,24,22,23;23,23:17|24:5
194,3,1,2,2:0|3:1
194,8,6,7,7:2|8:3
194,8,6,7,7:2|8:4
194,9,7,8,8:3|9:5
194,11,9,10,10:6|11:7
194,11,9,10,10:8|11:8
194,12,9,11,10:6|11:7|12:9
194,14,12,13,13:10|14:10
194,14,12,13;13,13:10|14:10
194,16,14,15,15:11|16:12
194,18,16,17,17:13|18:14
194,18,16,17,17:13|18:8
194,18,16,17,17:15|18:15
194,19,16,18;18,17:13|18:14|19:16
194,19,16,18;18,17:15|18:15|19:17
194,20,16,19,17:13|18:14|19:16|20:11
195,7,5,6,6:0|7:1
195,7,5,6,6:0|7:2
195,8,6,7,7:2|8:3
195,8,6,7,7:2|8:4
195,9,7,8,8:3|9:5
195,14,12,13,13:6|14:7
195,16,14,15;15,15:8|16:9
195,16,14,15;15,15:8|16:10
195,16,14,15;15,15:8|16:11
195,17,15,16;16,16:10|17:12
195,17,15,16;16,16:10|17:11
195,17,15,16;16,16:10|17:13
195,17,15,16;16,16:10|17:4
195,18,16,17,17:11|18:11
195,18,16,17,17:4|18:4
195,18,16,17;17,17:11|18:11
195,18,16,17,17:13|18:13
195,19,16,18,17:13|18:13|19:13
195,18,16,17;17,17:4|18:4
195,19,16,18,17:4|18:4|19:4
195,18,16,17;17;17,17:11|18:11
195,18,16,17;17,17:13|18:13
195,18,16,17;17;17,17:4|18:4
195,20,16,19,17:13|18:13|19:13|20:14
195,22,20,21;21,21:4|22:4
195,22,20,21,21:4|22:4
195,24,22,23,23:15|24:16
196,5,3,4;4;4,4:0|5:1
196,5,3,4;4;4,4:2|5:3
196,5,3,4;4;4,4:2|5:4
196,6,3,5;5,4:0|5:1|6:5
196,11,9,10,10:6|11:7
196,13,11,12;12,12:8|13:9
196,13,11,12;12,12:2|13:10
196,14,11,13,12:8|13:9|14:11
196,21,19,20;20,20:12|21:13
196,23,21,22,22:10|23:10
197,4,2,3;3,3:0|4:1
197,7,5,6,6:2|7:2
197,7,5,6;6,6:2|7:2
197,7,5,6;6;6,6:2|7:2
197,14,12,13,13:3|14:4
197,16,14,15;15,15:5|16:6
197,20,18,19,19:7|20:8
197,24,22,23,23:9|24:10
197,24,22,23,23:2|24:2
197,25,22,24,23:9|24:10|25:11
198,4,2,3,3:0|4:0
198,4,2,3;3,3:0|4:0
198,4,2,3;3;3,3:0|4:0
198,9,7,8,8:1|9:2
198,11,9,10,10:3|11:3
198,11,9,10;10,10:3|11:3
198,13,11,12,12:4|13:5
198,18,16,17,17:6|18:7
198,18,16,17,17:0|18:0
198,19,16,18,17:6|18:7|19:8
198,19,16,18,17:6|18:7|19:2
198,19,16,18,17:0|18:0|19:0
198,20,16,19;19,17:6|18:7|19:8|20:9
199,3,1,2,2:0|3:1
199,5,3,4,4:2|5:3
199,5,3,4,4:4|5:5
199,6,3,5,4:2|5:3|6:6
199,10,8,9,9:7|10:0
199,10,8,9;9,9:7|10:0
199,12,10,11,11:8|12:9
199,12,10,11,11:10|12:10
199,13,10,12,11:8|12:9|13:11
199,15,13,14,14:5|15:5
199,15,13,14;14,14:5|15:5
199,15,13,14;14;14,14:5|15:5
199,22,20,21,21:12|22:8
199,25,23,24,24:13|25:14
