config_id,validator_count,node_degree,propagation_delay,block_creation_interval,max_block_size,attacker_hash_power,tie_breaking_parameter,transaction_delay,transaction_acceleration,number_of_attackers,attacker_hash_power_realized
1,3360,173,35577,1050,5.836399282762385,0.586085412677715,0.3044964154563628,4233,727,1646,0.48988095238095236
2,3342,28,34245,230,0.27668271838441966,0.5704092005952138,0.479991844550028,5840,4093,1637,0.4898264512268103
3,2512,75,15914,591,5.014805800094305,0.43247998491400386,0.5740042365114517,5688,5519,1086,0.4323248407643312
4,451,81,8286,335,1.2179588010958593,0.6143291323327822,0.4890980592413449,3221,1043,220,0.4878048780487805
5,1182,94,30667,1110,6.939574304474485,0.6688693606209803,0.15082400719882136,959,2549,579,0.48984771573604063
6,1453,186,7582,536,5.8907174547213295,0.25,0.6571510016130252,4025,5686,363,0.24982794218857537
7,1624,184,39166,191,1.2915794134726248,0.6441314541469048,0.5542761318697002,4652,1078,795,0.4895320197044335
8,2600,114,16308,1112,2.4683783486018864,0.45224111034771014,0.0850069294210084,5711,1410,1176,0.4523076923076923
9,3895,238,24947,382,6.747150002158925,0.7436381462250552,0.9167516142980134,775,2311,1908,0.48985879332477533
10,4527,242,29773,783,7.883708446080084,0.8068489483939221,0.008602414089002627,472,3237,2218,0.48994919372652973
11,798,39,10476,426,1.5941367295489366,0.8888094836086837,0.5966409382935282,3897,1287,391,0.4899749373433584
12,3678,179,29619,1113,1.7803859513054334,0.7099770357947337,0.9955961991891416,2085,3039,1802,0.48994018488308866
13,3387,104,12375,949,7.450466217411942,0.6247036070713488,0.3101620208601698,2847,2593,1659,0.48981399468556247
14,1686,56,13806,1030,3.1724753530364254,0.8150499632769128,0.02249309948125242,653,1578,826,0.48991696322657174
15,2421,81,21874,1189,4.869602192470469,0.5448874679489785,0.22914357728986473,130,4811,1186,0.489880214787278
16,1322,115,35387,876,3.1925289142112594,0.7929111803475442,0.9687215327047649,3336,958,647,0.48940998487140697
17,4552,219,19770,812,4.701594899903587,0.0,0.7187582252729334,1814,3250,0,0.0
18,2649,218,26300,923,7.5707436456292845,0.42701404339273225,0.6947259754944628,5126,1092,1131,0.4269535673839185
19,737,188,18477,1064,5.390879291856033,0.5432712610289926,0.7375966879875827,2734,1975,361,0.4898236092265943
20,644,80,13136,878,5.363206231640563,0.8730542921167568,0.5098537720658762,3161,2846,315,0.4891304347826087
21,1786,73,20316,1137,1.582892664863528,0.4304294665466631,0.7097683327827194,754,5482,769,0.4305711086226204
22,4091,98,35941,883,4.689390550595311,0.6762190862699189,0.4820428667963261,5370,5903,2004,0.4898557809826448
23,1613,85,32454,1130,6.1596879533134015,0.0,0.3562915987945669,4575,2214,0,0.0
24,790,178,39970,506,6.434400311717571,0.6316826444650017,0.06203379086418134,4603,1390,387,0.489873417721519
25,3619,211,25383,572,1.673743071638078,0.5670528722841711,0.04903308214944246,1671,143,1773,0.48991434097817077
26,2768,124,16521,934,5.316967719672402,0.5888684999532933,0.43817904982048594,3695,4182,1356,0.48988439306358383
27,4161,223,26061,517,6.914253032350722,0.5201298343293337,0.09893021925330316,4956,4310,2038,0.4897861091083874
28,1280,126,23227,135,2.6182920725895356,0.8551207799798746,0.8213561167344098,2898,1820,627,0.48984375
29,3710,148,31205,804,1.096159121436712,0.6085148282885735,0.9888862203780304,5549,5285,1817,0.48975741239892184
30,3399,128,27459,929,3.4484530088849303,0.0,0.24359263361672803,4399,4301,0,0.0
31,807,189,19919,265,1.205030840987625,0.8304106886986171,0.8416824728116985,5035,1988,395,0.48946716232961585
32,853,130,37871,243,2.144142317239128,0.0,0.4193378134909584,5804,4653,0,0.0
33,4316,46,38648,224,3.9536062838356156,0.8579400975017297,0.22502157180259516,5355,1052,2114,0.48980537534754404
34,863,6,6707,680,7.903085218645845,0.4688218486486855,0.13840765742781302,4273,146,405,0.46929316338354576
35,3890,176,32583,77,6.053807464701796,0.8481895429752064,0.0820619225679627,2828,563,1906,0.489974293059126
36,342,35,24817,1116,5.285925705773403,0.7391256072209611,0.24051353980607756,5193,3557,167,0.48830409356725146
37,2471,101,19183,106,3.2906908511895137,0.858721210999515,0.9827443288089647,5093,1159,1210,0.48968029138000807
38,3594,71,12905,392,4.0780061143368815,0.7270979863565679,0.756817809000152,2533,1625,1761,0.48998330550918195
39,883,212,25656,798,2.6613066570814836,0.0,0.19426760046106034,3888,2753,0,0.0
40,3370,240,26897,708,4.2988459279977755,0.5833495443845351,0.4565439517389162,2473,3755,1651,0.48991097922848664
41,1401,109,10304,764,5.505851651674892,0.49302364420015754,0.7512560041423607,1021,2882,686,0.489650249821556
42,3540,1,26225,989,6.817413383319854,0.25,0.6779656133301168,1323,2414,885,0.25
43,3056,210,23302,1063,2.9417198013789703,0.0,0.748413431298033,2114,1253,0,0.0
44,2956,77,34568,1107,3.6552416083418287,0.0,0.05743795086309728,2948,686,0,0.0
45,3852,25,33098,726,7.335951095196827,0.8560274230505673,0.04634578834152643,901,218,1887,0.4898753894080997
46,1980,99,32064,983,7.124662300490803,0.0,0.4312446976774232,1985,4237,0,0.0
47,1217,231,31398,409,5.6230658370322955,0.25,0.5257361515714397,4708,3860,304,0.24979457682826622
48,2059,213,11226,345,6.091241745563797,0.8845259659949765,0.9260747093664461,1794,1062,1008,0.4895580378824672
49,2814,44,7842,759,0.5598903600865766,0.4260535547786878,0.7905844428183839,5791,849,1199,0.42608386638237383
50,652,141,13237,238,4.673719958640564,0.0,0.23182571246999262,665,4559,0,0.0
51,2081,50,28150,868,0.43194730199775305,0.4292610118859703,0.6385596509022432,2184,544,893,0.4291206150888996
52,4886,180,22730,914,7.772888126839736,0.6436273886779149,0.16787223418379638,1731,665,2394,0.4899713467048711
53,1381,82,14682,411,3.2493325617340822,0.6198521096570184,0.9074098966445179,2889,5873,676,0.4895003620564808
54,3149,153,7082,222,6.789742912023588,0.25,0.5014917744686869,1142,2706,787,0.2499206097173706
55,1481,29,14787,1121,0.4974460861402052,0.0,0.23595746465272505,3523,5250,0,0.0
56,1105,66,16922,165,6.414655797903542,0.3827310409100356,0.453714761263356,4900,346,423,0.38280542986425337
57,1907,57,8415,1023,6.651641123324433,0.5237304850447491,0.39368021304160644,1666,2493,934,0.4897745149449397
58,186,173,27610,1171,2.7765684687465075,0.7211188194781784,0.18915158431568344,5580,2569,91,0.489247311827957
59,4764,182,39854,839,7.080810536924092,0.25,0.7584883755190197,4136,4689,1191,0.25
60,3574,7,32276,643,5.329856914025216,0.0,0.3746250619286817,1002,2841,0,0.0
61,2162,3,11891,138,5.150443886697456,0.8030883129589341,0.4544204724385856,5993,575,1059,0.4898242368177613
62,2031,22,9360,747,5.803788622044522,0.7965121565399942,0.8109072363275949,5857,5496,995,0.4899064500246184
63,1258,140,12833,462,0.9684252953199469,0.4741808307213249,0.20300430381918802,4240,4942,597,0.47456279809220986
64,3784,54,19074,116,6.321719818062853,0.44509564762619036,0.5907254071299531,3277,2330,1684,0.4450317124735729
65,3238,110,28334,601,6.965892391671505,0.7883131336547422,0.7749416821672851,1173,2395,1586,0.4898085237801112
66,3785,75,25906,492,2.317300983299858,0.6990797739558232,0.2572544014439499,2801,2669,1854,0.48982826948480845
67,2635,238,27025,1150,0.6193209842881311,0.25,0.5992185375179276,5478,4336,659,0.2500948766603416
68,1273,150,6798,1194,3.0511311181054377,0.7523972184820482,0.6935077122469389,5468,680,623,0.48939512961508247
69,1171,47,27380,852,4.058222022132727,0.0,0.6253558368969994,3771,5438,0,0.0
70,2582,115,32180,208,7.035915773044651,0.6690030211428385,0.918232646533882,10,5718,1265,0.48993028659953525
71,103,102,9444,736,7.714571744244295,0.7165310579687967,0.08915906249514251,3147,5978,50,0.4854368932038835
72,409,190,36916,403,1.2480668257224241,0.612791662184772,0.4006912757041533,4517,1723,200,0.4889975550122249
73,3762,181,14249,928,4.623792405654252,0.7683072721015576,0.9541976452926723,5241,651,1843,0.4898989898989899
74,283,237,19539,1028,3.9106314152427326,0.5847213746798984,0.2541769378709853,404,5667,138,0.4876325088339223
75,2927,91,14148,321,2.7646571131760975,0.8915731008752161,0.12575242602446948,551,5883,1434,0.48992142125042704
76,3029,86,32680,310,1.5330537528109442,0.8344839010244294,0.7350424844350786,5436,1963,1484,0.48993067018818093
77,3472,152,22464,1056,3.6047579411552877,0.661749811427958,0.13526143948827457,2648,5315,1701,0.4899193548387097
78,476,121,13558,1180,1.6425614094172893,0.0,0.0916737800094091,1511,5619,0,0.0
79,2991,233,8866,1021,6.070566046028397,0.782304843790464,0.826796760829164,4161,4146,1465,0.48980274155800735
80,4861,87,17023,1118,2.5230359832406504,0.5305055075037921,0.874981539290381,2584,1167,2381,0.4898169101008023
81,2629,40,39509,1097,7.606994991886162,0.43934496566118575,0.425049099908285,223,5365,1155,0.4393305439330544
82,2125,49,24993,979,0.7306774916543373,0.37632024056380775,0.8004158494192848,4426,581,800,0.3764705882352941
83,4476,221,16663,358,6.763977872188397,0.25,0.12127029585928482,3848,3535,1119,0.25
84,3380,102,38566,1133,5.452337315139442,0.0,0.9403203499346876,5263,1831,0,0.0
85,2348,227,30429,844,4.002958710495541,0.0,0.8436723869375885,4033,2367,0,0.0
86,3491,27,11384,598,2.5847241485657206,0.7197515501253116,0.4324609985802057,4770,1696,1710,0.48983099398453167
87,4446,237,30771,311,7.761856831934574,0.6560701471962072,0.414043625947392,332,4612,2178,0.4898785425101215
88,1511,208,16013,1004,2.4535958405773397,0.7334676550080133,0.4629310513567427,1941,762,740,0.48974189278623426
89,1353,220,22520,1142,5.52485785044225,0.5320700993629892,0.38067542471497184,4784,5612,662,0.4892830746489283
90,3336,11,17901,699,6.025000662624119,0.7111776215187959,0.07224990512518596,5173,5425,1634,0.48980815347721823
91,2724,52,8540,61,5.846095450606024,0.7557275211983157,0.9934168698472563,3852,4296,1334,0.4897209985315712
92,1661,124,10233,1047,7.664195684669526,0.25,0.9436825953255666,4169,1633,415,0.2498494882600843
93,1365,127,27927,754,5.265128980927534,0.38715382786099084,0.6299106723390484,3572,1942,528,0.3868131868131868
94,4751,42,17957,137,4.535753047325779,0.0,0.7793718913372532,2863,3471,0,0.0
95,2332,165,33925,1102,6.720872429906642,0.0,0.295057862344574,3093,4926,0,0.0
96,3105,127,38345,580,5.546351684114853,0.0,0.021707602762419807,2194,2634,0,0.0
97,75,74,24436,1016,6.854993284048014,0.5282242030920855,0.34608263548431095,5604,1806,36,0.48
98,1879,190,23324,225,3.390309974025235,0.7017244753037437,0.30980534251394887,371,2641,920,0.48962213943587013
99,2174,117,37682,919,7.947381952481705,0.7941553628214002,0.4126098116032141,5213,178,1065,0.4898804047838086
100,2570,34,31814,851,7.722364094455472,0.4420163666654845,0.9583947317423975,673,2921,1136,0.44202334630350193
101,3975,104,14901,420,0.4576699771988768,0.0,0.007952702889718773,1622,2118,0,0.0
102,4926,152,7349,236,6.479244184396974,0.8397470880547988,0.869825681393675,3294,3941,2413,0.4898497766950873
103,2420,133,20921,1033,6.529495896421645,0.0,0.1479619919134237,2563,1768,0,0.0
104,1130,76,27736,1175,4.268644884395252,0.4761435129179984,0.010293313046658826,1759,5130,538,0.4761061946902655
105,3874,113,36339,654,4.290138372407566,0.0,0.8584623056935021,3243,1014,0,0.0
106,4307,82,20099,583,3.197728856926984,0.8371021305952122,0.8972809687481629,1915,3461,2110,0.4899001625261203
107,3232,185,32546,1075,3.4017126809629223,0.6382880721900575,0.3220250377866316,2784,264,1583,0.48978960396039606
108,3423,94,21148,126,0.5650746554331794,0.83642085344709,0.8846621306420694,2015,4864,1677,0.4899211218229623
109,1746,41,39204,1079,2.8488879032919123,0.0,0.40276761486245377,599,91,0,0.0
110,1806,170,28221,282,5.2920898491197494,0.44393426702750455,0.09321868149678522,2997,3092,802,0.4440753045404208
111,235,171,29433,270,6.200387814278475,0.46183903767097934,0.19372244469725333,4498,4530,109,0.46382978723404256
112,4168,204,33854,770,6.305256865171649,0.5949848213403365,0.27445301279936113,2905,3514,2042,0.4899232245681382
113,3447,107,12445,723,1.9852548368728486,0.3892711885269753,0.8442182859116886,4831,4633,1342,0.3893240498984624
114,4536,170,31663,569,0.8044767607254893,0.7045244896294238,0.8239878900225637,1412,3706,2222,0.4898589065255732
115,4563,55,9815,84,3.970039830484428,0.25,0.07112824495814266,877,5209,1141,0.25005478851632695
116,993,78,25217,1048,0.6306293146627269,0.25,0.9745671223694978,1494,3024,248,0.2497482376636455
117,3161,49,16256,338,5.6315776206461665,0.814220636339382,0.8954326212015252,4882,1662,1548,0.4897184435305283
118,4141,142,37490,467,3.102524402703127,0.5896265364224442,0.02888971282655156,4310,1007,2029,0.48997826611929485
119,1860,147,11708,433,4.7892804200479935,0.6827727446000607,0.7077793606792845,2426,4169,911,0.48978494623655916
120,2819,193,37393,171,6.880498784886907,0.25,0.6529036123561571,4753,5994,705,0.2500886839304718
121,686,43,17882,777,4.85800074066533,0.8511453960310531,0.27866708796925366,1470,1478,336,0.4897959183673469
122,157,156,15607,941,4.500195758374981,0.6633580902797114,0.37242761468613117,2631,4033,76,0.4840764331210191
123,2770,250,11022,889,2.0348412384187644,0.6060370170611538,0.07734037964320131,5072,4011,1357,0.48989169675090255
124,3134,31,19422,544,7.11117156670768,0.7902044568717908,0.5462278566846477,983,2302,1535,0.48978940650925334
125,3728,215,21464,768,3.7970443010009967,0.5178658701293045,0.5625751370055867,2879,2472,1826,0.4898068669527897
126,4816,68,30531,1188,6.013086999549856,0.46381403624677964,0.1326400657395334,4479,1543,2234,0.4638704318936877
127,291,95,20827,248,3.228464227012962,0.5692164569459881,0.73192948677483,1540,240,142,0.4879725085910653
128,3138,236,8241,459,7.415487087106105,0.0,0.5053644730398865,5541,3150,0,0.0
129,3318,23,24356,276,2.256320363471644,0.0,0.6125355519246563,4867,3652,0,0.0
130,4103,57,29838,730,3.097951899457061,0.7867183128744231,0.4765091649649468,5643,3802,2010,0.4898854496709725
131,4774,33,22640,72,7.2730044438000006,0.25,0.622981527902233,757,5026,1194,0.2501047339757017
132,2155,7,30190,609,2.7311846637040116,0.0,0.3717860971349861,118,2762,0,0.0
133,4708,64,16698,391,2.139220185646541,0.827803592953815,0.5648665115202556,2979,4588,2306,0.4898045879354291
134,903,240,12545,386,4.637561471828261,0.40992836960766565,0.01656330320977352,3308,4432,370,0.4097452934662237
135,2361,126,7177,1084,3.30808704565607,0.8178813334854909,0.8021680057477406,3552,594,1156,0.48962304108428634
136,2852,221,12124,487,6.389429568594053,0.5231195491810567,0.18438180179216507,1010,3126,1397,0.4898316970546985
137,931,8,36767,1018,0.4776818738682577,0.0,0.68165249004656,2315,3363,0,0.0
138,338,200,39091,720,0.8578397038104815,0.4012982531546538,0.38334819775290196,4324,209,136,0.40236686390532544
139,3354,67,26467,185,6.462407085367861,0.6905664879485529,0.40719205812905357,2716,3804,1643,0.4898628503279666
140,1055,17,19584,870,5.189396564219575,0.0,0.5716686828034439,4107,5200,0,0.0
141,1715,79,31318,291,2.9064782003372693,0.6232120444962279,0.031967039350041054,490,1646,840,0.4897959183673469
142,4573,195,17269,131,5.587384499713492,0.6783772698256925,0.5883137241798687,3236,3887,2240,0.4898316203804942
143,1846,223,12948,1146,5.7431925711305345,0.6940309571188752,0.1021148412176077,691,2868,904,0.48970747562296857
144,116,115,8644,660,3.3454037437419037,0.25,0.18794913682054387,1748,2860,29,0.25
145,4726,247,22685,716,6.154833054903448,0.6360743048090897,0.8539421564060253,5423,883,2315,0.4898434193821413
146,2408,61,6550,62,0.6860628292756278,0.25,0.4840302315326596,4936,84,602,0.25
147,2801,139,34112,129,4.369086717087427,0.25,0.02534025543747076,1086,5150,700,0.24991074616208497
148,1413,32,31613,788,0.7615367543428431,0.5711503205412853,0.058031362713081326,5009,4122,692,0.4897381457891012
149,2321,232,23967,556,4.143573555421803,0.47058679606529696,0.78592862410313,5978,738,1092,0.4704868591124515
150,4660,125,9564,795,2.0176969357004126,0.6376747460569975,0.9254164738616527,3875,3592,2283,0.48991416309012875
151,632,125,28473,965,6.267566839896793,0.7688023704399412,0.28473406461276346,1844,5586,309,0.4889240506329114
152,2564,101,25836,976,5.697449740673442,0.5398351010366436,0.6620538033112339,554,3503,1256,0.48985959438377535
153,4144,235,32991,307,6.25858859467118,0.0,0.871156048530191,2134,4139,0,0.0
154,1801,46,27255,459,1.549351643446077,0.48946219527771107,0.6660328457547552,4910,4582,882,0.48972792892837314
155,1929,151,8137,127,1.267639297447919,0.0,0.8043038953400101,2516,4855,0,0.0
156,2488,64,33284,1000,5.779607476875828,0.7842657654334872,0.8735788038475294,3206,1468,1219,0.489951768488746
157,4483,77,9720,785,7.204634023837417,0.25,0.8864605270627297,702,2532,1121,0.2500557662279723
158,3223,53,15764,573,3.1468719911121243,0.0,0.5775909200375031,4701,1516,0,0.0
159,3927,22,31241,352,6.5549510254946055,0.25,0.691649560109765,2390,1226,982,0.2500636618283677
160,4294,248,11453,414,3.677294797722462,0.7860813296849611,0.5878740647670597,5434,830,2104,0.4899860270144388
161,4684,20,17600,974,3.732062351296188,0.7596409352565827,0.3367813673569529,4739,618,2295,0.4899658411614005
162,1460,157,6631,1068,6.889562358610623,0.7233672359231458,0.427332921812327,3111,2813,715,0.4897260273972603
163,2012,212,31937,898,0.4384354888951759,0.0,0.027232128987240065,4086,4405,0,0.0
164,3187,76,22824,623,0.37259621111628016,0.7078279567908987,0.43607594903886376,709,2166,1561,0.4898023219328522
165,2798,104,24294,816,7.630891774678444,0.5666741277459362,0.34383842725370933,3032,4970,1371,0.4899928520371694
166,1765,113,15865,607,2.1143021411082894,0.0,0.7261042875922659,1299,3293,0,0.0
167,3458,209,26352,302,7.433308982322338,0.7483847781478914,0.5567079259098087,506,3433,1694,0.4898785425101215
168,3557,200,20503,264,4.843201560770305,0.3999097985255342,0.25181628737285516,2070,526,1422,0.3997750913691313
169,4186,23,35221,1060,0.3942472891776129,0.0,0.2270615820894769,2301,128,0,0.0
170,1865,222,21957,1005,0.5415760074924918,0.25,0.5174228586458214,5586,314,466,0.24986595174262735
171,250,134,7676,762,5.957102368022272,0.0,0.5799580112774532,5936,1420,0,0.0
172,4227,169,11107,1036,7.965893882217769,0.5380574805215349,0.28230471616388014,5156,715,2071,0.48994558788739057
173,3950,59,17210,792,0.8494385177958869,0.564509864430154,0.10013784514001318,1580,5526,1935,0.489873417721519
174,3003,155,8093,431,2.8332032891372148,0.25,0.7172655547881728,5970,3320,751,0.2500832500832501
175,607,108,27578,548,6.118925219094462,0.5792195827549784,0.7028065710126855,1444,3444,297,0.48929159802306427
176,2984,242,21306,325,7.17428813562103,0.8987909312552156,0.1979057219095825,840,1746,1462,0.48994638069705093
177,1742,159,10670,96,3.3719670450990864,0.8791304405101747,0.6540798890456463,924,3893,853,0.4896670493685419
178,3973,249,22312,362,6.669666714829639,0.4214556783423259,0.861971822098043,3256,119,1674,0.4213440724893028
179,4125,194,38315,332,6.577838237253184,0.6296611199830159,0.32671507614698186,82,3609,2021,0.48993939393939395
180,618,231,33710,562,1.622258683368449,0.8036190825658196,0.15912016195143305,1767,1237,302,0.4886731391585761
181,3811,12,31972,1145,4.887697773970735,0.7659038163179206,0.816463219085257,1520,5180,1867,0.4898976646549462
182,1287,83,24238,480,6.506979518252686,0.5799709551058513,0.060644338343425995,4841,5541,630,0.48951048951048953
183,4360,214,27519,672,4.084406783835648,0.8049909324157816,0.9808451538059663,5675,2378,2136,0.48990825688073397
184,1779,12,15235,698,3.8758103660234067,0.850124645751015,0.645611872420529,5618,3641,871,0.4896008993816751
185,1890,116,12035,82,1.878562514433257,0.39570238509602673,0.19933535225643187,1858,4908,748,0.39576719576719577
186,1599,201,33588,598,4.3341820171957695,0.25,0.6100284631419922,5523,5568,400,0.2501563477173233
187,2190,168,20033,1009,5.078160301691577,0.47299105759179394,0.21409066666627138,1687,2128,1036,0.4730593607305936
188,399,228,28818,277,1.7159152831930107,0.7830368167324768,0.33336122492483555,1162,5415,195,0.48872180451127817
189,4423,175,18027,250,4.982834821524188,0.6412856880675523,0.880932285992381,5232,2821,2167,0.48993895546009497
190,2195,16,23743,340,3.5466519062068453,0.450356954698079,0.3450869117841623,1095,1380,989,0.45056947608200454
191,1936,122,28345,524,4.038633369768527,0.5637668563215134,0.6974919205385695,1638,304,948,0.4896694214876033
192,1016,27,32761,213,2.67717487555746,0.7500338607506736,0.5612250654665218,1237,2741,497,0.4891732283464567
193,243,38,17685,217,1.997382940735938,0.25,0.3148163577426294,1363,2683,61,0.25102880658436216
194,2963,71,35791,405,1.1600817676501767,0.4346676596933863,0.8331393745230412,2836,5449,1288,0.434694566317921
195,563,79,26090,451,3.037655454927585,0.7181061793746404,0.6204879768116588,3980,1860,275,0.48845470692717585
196,2670,205,17498,252,6.644997393573188,0.7776185388253225,0.2700405251977585,5286,3618,1308,0.4898876404494382
197,3284,90,18834,834,3.4169755124033623,0.6605836224573541,0.34071073214052505,5895,70,1609,0.48995127892813645
198,1430,61,27191,756,6.284202124204993,0.6720920067073768,0.835569661112573,637,5332,700,0.48951048951048953
199,1037,244,38983,528,5.473057372013931,0.8079197917428314,0.889584550274366,2570,1304,508,0.48987463837994216
200,4026,145,28630,903,0.5238711286871398,0.6880419345712505,0.8382827903126839,3389,5808,1972,0.4898161947342275
201,134,28,18150,803,7.482979057203757,0.0,0.27759707606629863,808,3119,0,0.0
202,4550,183,7015,626,5.414179488907419,0.4076071018491677,0.4234848629866314,1396,1841,1855,0.4076923076923077
203,260,94,8951,363,6.830348733772457,0.0,0.9905863742370676,1712,816,0,0.0
204,1548,166,27276,969,5.121876636065161,0.0,0.29056344573854,99,4344,0,0.0
205,511,144,38189,471,0.7004989903645261,0.0,0.7710292157183031,3276,3285,0,0.0
206,2288,145,21321,229,2.157788414638434,0.59902601673794,0.7801179355047327,1192,2725,1121,0.48994755244755245
207,4845,189,23177,295,0.2614300256149194,0.7000131745924447,0.44978694028687427,4336,1884,2374,0.48998968008255933
208,4896,36,9485,630,0.6665250739981181,0.5102768666020814,0.1563789923766325,4793,230,2399,0.48999183006535946
209,4455,155,24861,590,0.2995707621821369,0.25,0.4676790749477248,4946,2972,1114,0.2500561167227834
210,1676,129,23691,446,7.3021229253415925,0.0,0.6056030195920659,3124,2906,0,0.0
211,3429,80,16821,685,2.724362256249821,0.0,0.5039908914237788,2039,4470,0,0.0
212,2881,191,12496,482,1.7326985248853288,0.7638922101302281,0.5378201035499566,1347,4057,1411,0.48976049982644915
213,1094,16,6686,513,1.485295022711197,0.8111075053073209,0.9518095956079634,194,1616,536,0.489945155393053
214,4872,37,34198,772,3.8901744993645324,0.0,0.5418318022012507,5565,2055,0,0.0
215,2039,222,35243,231,4.8019183816422135,0.48571044447957956,0.6464283491070114,1207,2138,990,0.4855321235899951
216,3552,105,22104,316,2.9771273233171294,0.25,0.20412157968501524,1968,5031,888,0.25
217,3829,148,8335,158,2.5493065202277982,0.5353763238271855,0.44759655297260503,1531,1532,1876,0.489945155393053
218,3583,172,30826,971,1.0054095289357392,0.0,0.3689563305014416,1124,975,0,0.0
219,3020,117,30067,354,7.989030503606383,0.6275101283861241,0.30165574486171615,4008,1900,1479,0.48973509933774834
220,3657,73,10833,198,1.5019103622277505,0.0,0.5944713166059503,4353,5787,0,0.0
221,978,249,28985,411,4.567684919408303,0.7764516764456191,0.6317990052153188,3552,2980,479,0.4897750511247444
222,727,54,29118,181,3.7112019882604215,0.7743518942353751,0.38821179520777954,3373,1329,356,0.4896836313617607
223,973,243,15658,829,3.0224295131683028,0.581302887625751,0.7001292108171935,2368,5098,476,0.4892086330935252
224,2095,111,10573,417,2.51164748826243,0.25,0.4714914224380767,1921,4567,524,0.25011933174224343
225,2847,128,33193,141,6.239255508513115,0.6950841954643812,0.8080434416020921,2272,1194,1395,0.48998946259220233
226,1757,89,28902,88,4.020788073236434,0.7736615297602936,0.03339815665941269,791,905,860,0.48947068867387594
227,3075,33,32912,255,3.4821693547086623,0.0,0.2452266705366324,3002,410,0,0.0
228,366,241,24070,475,1.9501072111835172,0.6201179458395228,0.7415125278262172,1868,1106,179,0.4890710382513661
229,2874,180,15422,749,5.249440969674376,0.6654134577764663,0.06945686001837467,435,14,1408,0.4899095337508699
230,4370,205,18715,848,2.193955799544623,0.0,0.9870580553659224,4926,3210,0,0.0
231,2007,206,31481,986,3.274743410024581,0.7642050227912425,0.11387946144270951,2918,2722,983,0.489785749875436
232,1588,106,29069,1168,4.820061397661374,0.6457497419341993,0.52747754483758,5386,2363,778,0.4899244332493703
233,542,54,16045,110,7.553198932660671,0.8325217650383898,0.08077127907489376,2257,3375,265,0.488929889298893
234,2730,225,24643,306,5.374030090786425,0.8780150541322129,0.54371247184297,2468,1784,1337,0.4897435897435897
235,99,98,36656,434,2.6229879985692395,0.7082619859326535,0.5482770304757517,180,1460,48,0.48484848484848486
236,1023,13,15377,1123,0.9419409461726366,0.4954985890948221,0.8240573458659598,3137,1676,501,0.4897360703812317
237,386,49,25465,921,7.3044833919466186,0.25,0.7988225875724042,5106,1709,96,0.24870466321243523
238,1239,130,25091,211,5.109484096225208,0.45077376022181315,0.3210715362357924,2486,2800,559,0.45117029862792574
239,4259,245,14672,766,3.0644285925140093,0.5729684029120449,0.37999518167126856,567,3956,2086,0.48978633482038036
240,3127,132,33826,724,2.9897906231998093,0.3922338508827568,0.012005586431207796,3198,2448,1227,0.3923888711224816
241,2210,229,38491,827,5.821756311258075,0.5362959391973341,0.6856149241218586,5253,4449,1082,0.48959276018099546
242,4608,234,32411,359,6.697143394949764,0.6896873489869626,0.5226521248586703,167,5933,2257,0.4898003472222222
243,2740,58,9625,448,3.212509290926833,0.25,0.0014275214139745323,3684,1798,685,0.25
244,941,19,22162,74,3.8527911730864477,0.6504889328490631,0.7862772538141126,3809,4997,461,0.48990435706695007
245,3295,179,15685,977,2.426986512733573,0.25,0.11171314516481928,2026,4756,824,0.25007587253414265
246,1964,14,13106,504,1.4683826082209317,0.25,0.0186786976913907,2140,5388,491,0.25
247,1517,97,25750,863,1.5602988540671368,0.8246491974077155,0.899232037946014,51,1359,743,0.4897824653922215
248,4385,53,17736,315,4.836981235573957,0.6849063338184254,0.9374459223959289,3495,5944,2148,0.4898517673888255
249,498,92,29217,176,5.476582281253808,0.48367286798083836,0.8363162236513059,5348,4265,241,0.4839357429718876
250,785,30,24757,1079,4.599634807579316,0.8230154770661868,0.6017136332659395,2414,4163,384,0.489171974522293
251,3047,149,38834,738,7.2164498688034815,0.7921412617857388,0.5303740706637549,2287,1501,1493,0.489990154250082
252,3815,72,11972,119,1.2865699672263162,0.38514234898181554,0.6327626260612413,2149,5072,1469,0.3850589777195282
253,1559,131,20707,245,2.3452201547428677,0.0,0.1638375867269233,1188,636,0,0.0
254,1832,172,33540,566,1.3252253419379865,0.8657951873633161,0.5697757212477407,2448,372,897,0.4896288209606987
255,3442,158,12599,1155,4.344307057530581,0.541501178920129,0.648594894419876,2324,3835,1686,0.4898314933178385
256,4787,129,11554,300,3.3584936360349156,0.8980328254774732,0.7243560766784719,4976,4515,2345,0.48986839356590767
257,2546,106,14099,1139,1.0628611694354422,0.6326382481820464,0.25901819760960965,2096,1399,1247,0.48978790259230165
258,3629,161,22241,933,2.3291847255859253,0.42004863778783463,0.9450400179318914,3761,2345,1524,0.4199503995591072
259,4219,158,13619,259,2.639111510160983,0.0,0.9141027884691424,3419,532,0,0.0
260,4931,88,14437,958,1.4359713041543887,0.6180884919174345,0.2656816249055867,5876,4378,2416,0.4899614682620158
261,1254,62,30893,664,5.20587015334212,0.6705161113212053,0.04337989712743619,5164,5402,614,0.48963317384370014
262,4472,154,10942,438,6.444527887121001,0.0,0.29983753507769406,3818,5505,0,0.0
263,4760,110,21612,478,5.006992805956848,0.3816149429562792,0.6031046523645415,4142,2039,1816,0.3815126050420168
264,3703,109,21377,377,4.659766752544373,0.25,0.23357801375398812,2246,1446,926,0.2500675128274372
265,4440,14,21235,646,6.957917652190073,0.5560442658895688,0.7471410915154084,4471,5269,2175,0.48986486486486486
266,2217,199,23894,429,0.38412627041797254,0.3963645631204658,0.664698030726747,1727,1333,879,0.39648173207036536
267,3674,10,18518,618,3.7502134414102892,0.0,0.17931786108783357,2342,2220,0,0.0
268,169,81,35912,808,7.0416870757774745,0.7297225257331859,0.9662372787057161,4628,1551,82,0.48520710059171596
269,832,44,30119,531,3.812062803035101,0.5540924230298541,0.49359932484590635,4286,3423,407,0.4891826923076923
270,1081,195,19672,880,0.340043807484096,0.5043406263442729,0.9533206618223328,5053,364,529,0.48936170212765956
271,4345,189,14397,707,6.610721368958706,0.653801770771259,0.21036875979037176,1648,4725,2129,0.4899884925201381
272,3958,112,6901,453,2.569471005721645,0.7959895301957101,0.38437879704933986,4857,4116,1939,0.48989388580090953
273,4669,61,11755,614,6.364077678909301,0.8630221088347101,0.6996500949314859,5450,3223,2287,0.4898265153137717
274,4634,5,25666,384,5.645468578282037,0.25,0.5927685233216885,4063,3935,1158,0.2498921018558481
275,2904,135,34008,937,3.5526585115180107,0.779478662281494,0.33421658331246484,3909,1148,1422,0.4896694214876033
276,1633,18,10325,1170,4.926151316430162,0.5210073884896728,0.863347231356208,1256,2516,800,0.4898958971218616
277,4625,192,7122,279,2.7045962838370428,0.4487191895854663,0.11918551870363524,965,193,2075,0.4486486486486487
278,1957,91,23618,894,4.748286087535549,0.5918872261562937,0.8665567757666165,5772,4206,958,0.4895247828308636
279,3843,30,31498,543,4.318920600287843,0.74098777235557,0.5737166487922807,1224,5240,1883,0.4899817850637523
280,2245,118,34745,862,6.22388099346682,0.25,0.10649821047799946,4372,704,561,0.24988864142538975
281,1569,182,23421,470,5.976110963111408,0.4027337163956649,0.23774315798240955,2105,4879,632,0.40280433397068194
282,1115,59,34873,288,7.6459530705364855,0.6979644949692317,0.06761001457676057,3941,2941,546,0.4896860986547085
283,3018,18,13385,655,2.532085165785434,0.8933065785805423,0.7610782580196289,1697,1896,1478,0.4897282968853545
284,4955,93,29213,1163,4.523250260769203,0.4131815759683199,0.004114555010639415,2694,3681,2047,0.4131180625630676
285,172,171,21094,858,5.575742155408679,0.3914472444156948,0.16989723088570344,4177,5660,67,0.38953488372093026
286,1056,135,35012,634,1.7610934888657666,0.7355574949613615,0.2231862501150998,22,2199,517,0.4895833333333333
287,52,51,38256,1165,3.8212181552322297,0.630018768470024,0.847580539229693,4266,5263,25,0.4807692307692308
288,2264,63,37744,298,5.903758919664807,0.5484626109689621,0.9107594187921498,1587,454,1109,0.48984098939929327
289,4827,247,23066,496,4.373887081981759,0.4556095964224432,0.6077809104177537,2238,3073,2199,0.4555624611559975
290,485,208,30220,831,2.21633024488773,0.4471296906713448,0.6162645303463044,211,4692,217,0.44742268041237115
291,3514,119,37979,966,2.073194551885563,0.771936041463479,0.7530710261093132,842,3714,1721,0.48975526465566305
292,4615,156,11314,646,6.137541801104471,0.7057564273398063,0.18299362428005006,71,2066,2261,0.48992416034669556
293,4235,146,7247,1090,1.137807836921304,0.25,0.7672685229168956,3455,499,1059,0.2500590318772137
294,2051,164,33436,1058,7.467474897605248,0.8525219689567871,0.7779061988834667,816,1686,1004,0.48951730862993664
295,2138,241,39409,80,0.8332974557769594,0.7142377510911084,0.5334974385584903,4256,2591,1047,0.48971000935453696
296,1644,179,35613,397,2.4149202847068487,0.4783056860008053,0.31614028336804356,3106,797,786,0.4781021897810219
297,4075,187,26593,120,4.474331445288068,0.634783037960677,0.105787908811007,1617,297,1996,0.4898159509202454
298,752,203,35157,424,0.6526380312747802,0.0,0.9990924665936955,1895,2043,0,0.0
299,2946,15,32840,742,2.0837190032231874,0.0,0.8493926271463098,2939,4454,0,0.0
300,2933,13,17006,466,1.1831508695193844,0.25,0.5070710885628232,3599,989,733,0.24991476304125468
301,4966,37,35459,814,0.9920771137208911,0.8118156631919753,0.46459798895024434,2508,5295,2433,0.4899315344341522
302,521,10,28105,550,3.1264899422964665,0.8457711651864346,0.3978704581657344,3626,3254,255,0.4894433781190019
303,1415,87,10149,208,5.556024166832004,0.829746004836196,0.2722820807001748,271,512,693,0.48975265017667846
304,3211,160,39622,349,0.8772417756154661,0.5615100919928013,0.39127263265211487,2785,2110,1573,0.4898785425101215
305,2896,226,22912,539,7.584291902575509,0.5344382566024857,0.7941744364267181,1111,5760,1419,0.48998618784530384
306,3095,39,14292,1043,7.917071507039116,0.25,0.33814856647700375,2204,388,774,0.25008077544426494
307,4739,193,14532,144,2.605471006660848,0.48771363647224447,0.08670052051931619,5941,3780,2311,0.487655623549272
308,192,65,10046,1125,5.097805058582277,0.8267127702634856,0.20076626424520602,3066,4989,94,0.4895833333333333
309,4109,36,34071,1158,6.69893133353742,0.8099142935691219,0.8147114337392456,2971,2238,2013,0.4899002190313945
310,1533,198,8843,992,1.6865920803960281,0.25,0.7285705515594421,731,4798,383,0.24983692106979777
311,3695,116,36308,511,7.80556560450037,0.7260248285000332,0.044513881615558644,5658,3969,1810,0.489851150202977
312,222,208,33114,1072,7.323952074564806,0.8434350407453473,0.6798197380303391,4509,2186,108,0.4864864864864865
313,701,89,26801,703,7.751538404689914,0.6051021249697166,0.0514035746321094,378,5829,343,0.4893009985734665
314,3614,246,35767,1198,7.624462516317167,0.46691364821309245,0.9962583266801944,4117,5637,1687,0.46679579413392364
315,427,74,34351,172,6.732980118442038,0.5499283929869854,0.01582199814172515,5496,3325,209,0.4894613583138173
316,3596,167,13703,92,4.185547620232101,0.8873153980650297,0.3959035660265768,635,34,1762,0.4899888765294772
317,2452,161,31113,1148,1.7456749114568286,0.4109781103420923,0.14188064146855298,3748,2,1008,0.4110929853181077
318,278,111,24566,521,1.172218139434701,0.5572052953008944,0.3533373970679036,3697,3721,136,0.4892086330935252
319,4393,141,25173,859,5.494822394429993,0.7309927341074793,0.5661394660276292,3352,462,2152,0.4898702481220123
320,4018,150,31030,865,4.111051575213098,0.8205723466785741,0.4406572914833581,5741,5752,1968,0.4897959183673469
321,4593,248,16180,620,1.7867450654247423,0.7427474251449329,0.9341298579356535,4811,5911,2250,0.48987589810581317
322,2788,57,22436,807,2.8124989890120724,0.25,0.4968004041990773,351,814,697,0.25
323,3995,213,30554,883,1.930479046926055,0.25,0.9797318528716291,2551,2089,999,0.2500625782227785
324,711,66,12253,637,4.935338864401032,0.6663876745479098,0.8287359697013663,3992,5122,348,0.48945147679324896
325,4061,2,7753,650,5.9369907549225145,0.6033449802420723,0.7820923115193834,2228,5390,1989,0.48978084215710416
326,3501,131,16566,381,3.4967955274646463,0.7627060610744656,0.20921241041324318,2357,104,1715,0.4898600399885747
327,204,40,31833,319,4.903733170030947,0.5093832466509703,0.9708471746925892,4819,1265,99,0.4852941176470588
328,3914,100,35647,1153,5.404471527736677,0.412564535203349,0.46035755022058844,4670,4253,1615,0.41262135922330095
329,925,191,38422,588,1.8005067090243534,0.8849434478536464,0.6407645944516909,35,3988,453,0.4897297297297297
330,2111,146,13064,162,3.4670542176901447,0.501273170267518,0.26157186245880104,1272,3848,1034,0.4898152534343913
331,1004,24,18930,946,2.797498947759209,0.6583316597425297,0.9309052671059792,2454,2452,491,0.48904382470119523
332,1898,31,15104,262,4.106385639095453,0.4753210749993589,0.6095743528267062,1808,1123,902,0.47523709167544786
333,1211,169,17327,873,1.4530640675301834,0.43543793769483474,0.2871024212730882,4093,4362,527,0.435177539223782
334,3308,83,19026,269,5.876141785404166,0.25,0.47537178639948957,1440,4194,827,0.25
335,2311,29,37100,393,2.9259872165279694,0.25,0.9731423500928209,300,4510,578,0.2501081782778018
336,4251,159,36167,714,1.3414314244827277,0.43748406412328433,0.28079201151478206,4716,1355,1860,0.43754410726887794
337,1389,43,12305,856,1.4053809704485027,0.5946884404585797,0.4178806902280009,860,3998,680,0.4895608351331893
338,4036,207,22917,169,4.546563417225634,0.6217680418091807,0.7887349550536946,1051,3905,1977,0.4898414271555996
339,307,204,7820,101,3.769931159269838,0.8742750511940274,0.5523647725846008,3666,4402,150,0.48859934853420195
340,1700,211,16403,692,6.481401737886361,0.6738408320014385,0.154865928950711,3934,350,833,0.49
341,466,196,29340,341,0.4138479910604518,0.4994336626509167,0.6153721264689427,5305,1922,228,0.4892703862660944
342,2372,102,37571,896,5.025434559649669,0.6831803473373679,0.18120383502575713,604,2324,1162,0.48988195615514335
343,448,141,30748,565,7.403216198187546,0.7570456623490294,0.3518901427344441,4367,931,219,0.4888392857142857
344,2835,231,19352,476,7.818461141973914,0.0,0.46927070213873673,4526,5062,0,0.0
345,4695,138,34957,906,2.688520140779887,0.4825407701635118,0.9052192969794491,4188,3541,2266,0.48264110756123535
346,3528,194,24721,825,2.8832380486780838,0.7374375653196141,0.8551915896106181,2408,4079,1728,0.4897959183673469
347,666,69,37261,658,6.601328057814563,0.0,0.5843086120826431,3613,1595,0,0.0
348,2147,96,9151,631,0.578507946533229,0.7583751673125676,0.458982433165212,3018,278,1052,0.4899860270144388
349,1335,123,20417,732,1.360585188261593,0.7385168534381212,0.14546652596671014,1340,4275,654,0.4898876404494382
350,3652,221,25452,178,0.7798693234998962,0.4573462145600174,0.22057068486222633,5202,4835,1670,0.45728368017524645
351,2554,140,19454,1087,7.0091585571528965,0.6956838017335265,0.8565037880173874,5909,476,1251,0.4898198903680501
352,1984,216,39920,636,6.92677960371304,0.5466493145607256,0.4297760290828276,1602,2894,972,0.4899193548387097
353,2239,162,20102,1025,7.263957470712106,0.4920212353787602,0.5450441195434669,37,4426,1097,0.4899508709245199
354,2534,138,21662,689,7.849173210571819,0.0,0.7150163542088928,4447,1560,0,0.0
355,1118,188,37846,616,2.8868159439285925,0.0,0.9611853670502418,1462,1603,0,0.0
356,2277,143,25291,664,0.8174931271056743,0.8810046636235067,0.2067189712652219,5085,1860,1115,0.48967940272288096
357,3986,174,29572,99,3.570685460713677,0.5145666359380351,0.26750169783019884,3437,3420,1953,0.4899648770697441
358,127,9,39750,1075,4.2454607164376235,0.6021993704457584,0.451426771873563,1834,1436,62,0.4881889763779528
359,2510,21,20461,952,6.204516572182985,0.41512024270897996,0.11641429717534763,3459,42,1042,0.4151394422310757
360,4497,68,28499,491,7.515898562675485,0.8329976298145447,0.49057815011184425,5317,5701,2203,0.4898821436513231
361,776,219,15175,996,5.220416729509769,0.25,0.7687997771664872,2962,874,194,0.25
362,2911,26,15496,155,2.388881753535385,0.511391817251972,0.48686656444327386,3579,3066,1426,0.4898660254208176
363,1325,63,34797,534,7.379849939289133,0.5962723224644342,0.7735113977158787,527,3170,649,0.489811320754717
364,4590,100,14566,752,5.348292290351975,0.6634089929504925,0.1659975117011796,615,2779,2249,0.48997821350762527
365,4207,119,17771,963,0.3218566436561643,0.6409335431423675,0.14939831990827157,4405,4813,2061,0.48989778939862133
366,4796,122,21777,595,4.7237673703962635,0.5516759213016647,0.040941991159106766,4691,895,2350,0.4899916597164304
367,4999,226,10452,702,1.3951916691711554,0.8887972820685859,0.2885861690808715,802,5974,2449,0.4898979795959192
368,2689,132,9881,681,0.9288121983183197,0.7991187433785192,0.17669584334281438,5824,2527,1317,0.4897731498698401
369,1364,8,39285,624,0.9109054674734229,0.7507276883765723,0.05486894943232886,5114,1951,668,0.4897360703812317
370,4266,192,9931,205,5.430535042794412,0.0,0.49813732603841465,3914,768,0,0.0
371,3770,51,37234,581,5.949485243258756,0.6860872803217144,0.9763506428004466,534,3587,1847,0.489920424403183
372,1154,11,29484,890,5.723997285094914,0.5150153127905189,0.8829451557520781,2595,5110,565,0.4896013864818024
373,3521,70,9238,258,2.1847229042257164,0.5262057276689102,0.9097687731804899,891,3271,1725,0.48991763703493324
374,2303,72,31719,904,1.6053288823054164,0.8400602780041639,0.1300034382743941,5331,5545,1128,0.4897959183673469
375,614,143,29968,288,4.190175744268135,0.0,0.16064790846738222,1563,4743,0,0.0
376,3270,24,27949,242,4.619418422328387,0.7027247551807898,0.21901198041625464,3536,792,1602,0.48990825688073397
377,69,9,8698,1178,5.046391608829938,0.6534592033208424,0.7329016347889151,1557,4664,33,0.4782608695652174
378,2652,134,14996,779,3.9320858684968836,0.4996216069337123,0.30754854678599797,994,942,1299,0.48981900452488686
379,1731,86,27113,113,1.1321015883462475,0.8674069796194996,0.23888840343844905,5041,4777,848,0.4898902368573079
380,4913,105,20242,1094,6.85220091448155,0.7996803506138355,0.07484115688006597,296,5729,2407,0.489924689599023
381,2719,65,21559,900,5.798733218320536,0.8195261005395695,0.3030666451588942,4462,4538,1332,0.48988598749540274
382,2699,23,13963,1193,0.5085365684897443,0.8640832902690982,0.36290802201274724,1483,2604,1322,0.4898110411263431
383,398,198,23461,561,4.437197699060591,0.5585665317486372,0.6826120101715502,2041,1205,195,0.4899497487437186
384,573,136,24002,284,4.580801905411085,0.0,0.6275628274212652,3363,4893,0,0.0
385,910,173,34653,550,2.4429484348333186,0.0,0.12620345817492634,5002,3201,0,0.0
386,324,240,39555,98,5.679076754631629,0.0,0.8769535496029003,428,438,0,0.0
387,82,81,37615,1013,1.6468042350528536,0.4855443783842041,0.9337958892091872,2213,2628,40,0.4878048780487805
388,4516,60,28018,500,2.2917476252329507,0.5299098456470301,0.9498993821766234,2702,5350,2212,0.48981399468556247
389,825,162,29748,774,0.8940115877508074,0.8229242306995852,0.4439798512799147,4542,4732,404,0.4896969696969697
390,4851,96,9087,605,3.5097752708391163,0.49539347004950807,0.7926104722979663,1038,1082,2376,0.4897959183673469
391,3740,75,36565,690,1.515716746483041,0.4054681949874628,0.6876824120798661,4208,2431,1516,0.4053475935828877
392,375,136,33312,733,2.2288850573891037,0.8602428391787891,0.6612923902739054,4635,4213,183,0.488
393,694,199,9030,150,1.0516218230642003,0.8928898600245825,0.8653782003961283,5513,4680,340,0.4899135446685879
394,1820,86,39044,675,7.978885106956658,0.7179314938030443,0.3676342021266851,5729,4772,891,0.48956043956043954
395,3918,25,7404,197,7.190142195626212,0.0,0.25235198384587615,4587,2184,0,0.0
396,310,219,20171,70,1.8736909870242462,0.42494015997006196,0.3763333724962077,4608,4898,132,0.4258064516129032
397,668,51,13785,845,2.962335272279569,0.6111173573282352,0.6683406130612336,3185,2557,327,0.48952095808383234
398,3116,186,28574,938,3.595734545558938,0.6168271415752997,0.40832820900262595,1389,972,1526,0.48973042362002567
399,3749,174,16147,351,1.0204256002648338,0.5127780395509786,0.688969276176054,3321,2274,1837,0.48999733262203254
400,723,176,26461,1102,0.3554156696522732,0.6511059393697367,0.8788642735820031,937,4961,354,0.4896265560165975
401,219,46,37170,422,2.854625765286613,0.0,0.5352937987773109,2168,4605,0,0.0
402,1582,99,16440,498,5.055153296559914,0.4546423341150176,0.8073836650949363,3177,2081,719,0.45448798988621997
403,144,5,33649,910,6.525250062844887,0.0,0.518926791940552,4386,404,0,0.0
404,3200,209,21765,539,3.6718170427432115,0.5739115639229955,0.2478647688202389,3607,5317,1568,0.49
405,1543,235,7523,1092,3.624891513065249,0.861151665518211,0.17044972514938436,1995,2406,756,0.4899546338302009
406,47,46,8499,993,1.0385489979928626,0.40673538927187336,0.9471820675479389,1078,2290,19,0.40425531914893614
407,2462,163,36460,1066,5.716604858048063,0.25,0.5501722534120955,5138,4054,616,0.2502030869212023
408,2298,56,34419,1040,1.3753484738980764,0.7534220851074589,0.05397902003621117,4072,5597,1126,0.4899912967798085
409,2526,36,12713,372,3.8974104914056698,0.25,0.7208267752220987,2815,3354,632,0.2501979414093428
410,2667,201,34631,711,1.4129595648942797,0.4429731703823091,0.5151485371060158,2522,3778,1181,0.442819647544057
411,4052,40,18350,375,3.43281038477449,0.25,0.31901924640367063,1137,5465,1013,0.25
412,501,182,26684,485,3.3224537350400802,0.8487899428852959,0.48061803195437314,3644,610,245,0.48902195608782434
413,891,45,15294,671,2.244736850953334,0.6472807060575745,0.5815345416554873,1369,5146,436,0.489337822671156
414,3642,239,10890,402,7.500532933507994,0.6148052726502127,0.8510090632055853,2383,2149,1784,0.4898407468423943
415,4274,121,11606,165,1.8376468803895079,0.37996936508959733,0.191514656679113,2745,3339,1624,0.3799719232569022
416,2386,228,9706,676,7.058069752948657,0.46846000771628143,0.9858966396538127,1421,1914,1118,0.4685666387259011
417,3861,147,35369,93,6.338585506916248,0.3934610593460778,0.9656855288013626,5813,4715,1519,0.39342139342139343
418,4403,157,6917,955,7.686510085523254,0.7280134914425371,0.5111770345544494,1954,3978,2157,0.48989325459913696
419,4680,34,13494,1173,4.45810684413787,0.724873984984576,0.21768181244632234,4668,3920,2293,0.48995726495726494
420,4647,177,13888,1161,0.6760701014082073,0.0,0.8931168485643024,3954,1753,0,0.0
421,2864,214,13267,684,6.041163006567488,0.25,0.14324222185044522,3735,3491,716,0.25
422,2616,51,12796,694,6.621004392232432,0.5258936049703389,0.7549379068635325,3711,5356,1281,0.4896788990825688
423,1302,224,17398,123,3.762491431381964,0.0,0.3545916741483082,2765,57,0,0.0
424,1160,120,18238,507,2.1078950732594377,0.6914515690137122,0.6359922191529805,5279,2661,568,0.4896551724137931
425,4803,154,13409,439,1.697438704872475,0.48107456904531476,0.21260764077000935,4887,3630,2311,0.48115760982719136
426,4070,4,14058,651,7.231378883342734,0.38341290136993045,0.36138527641376633,1232,5188,1560,0.3832923832923833
427,2071,224,10590,525,1.9057166078704109,0.6756830739118826,0.7446858094025778,3723,481,1014,0.4896185417672622
428,2352,137,15037,799,7.860754252291384,0.0,0.11493873596911772,230,862,0,0.0
429,960,176,30974,604,3.961836289929609,0.5976038502551244,0.9006122654325395,2063,5170,470,0.4895833333333333
430,3257,2,20663,793,4.486800310708779,0.3776744803063792,0.762726969689816,3053,1313,1230,0.3776481424623887
431,4904,35,34482,112,6.570704454714188,0.5550580381473484,0.3491846491909244,5393,5778,2402,0.4898042414355628
432,2970,17,11162,322,4.163742460874101,0.7604983000186714,0.9389507076114877,1288,3671,1455,0.4898989898989899
433,1191,215,36962,1136,5.167297244195574,0.8818277033070763,0.5291862008950904,3346,5812,583,0.489504617968094
434,3875,132,23542,1007,2.999576661439017,0.8964458419267824,0.7040762943483905,1972,3766,1898,0.4898064516129032
435,4330,185,22007,840,2.00905158652232,0.5865300631707457,0.7396423436282832,5853,4488,2121,0.489838337182448
436,1226,184,22366,640,7.536228734751403,0.4156314208207501,0.903795311389605,4047,3389,510,0.4159869494290375
437,3078,19,29919,943,1.0718538877242718,0.0,0.6587212483480746,5719,642,0,0.0
438,1920,205,35081,293,5.912757662305927,0.3879039730449998,0.09788131669403036,388,3096,745,0.3880208333333333
439,3196,243,20577,949,7.352888038407903,0.8765816717920827,0.47264632545565377,276,4331,1566,0.4899874843554443
440,356,137,36646,331,0.5956902671713358,0.25,0.12203209520422553,4986,2963,89,0.25
441,3935,48,7982,146,4.96433276849796,0.8445374411467097,0.9569509358138796,4556,3826,1928,0.48996188055908513
442,837,44,7949,911,0.7251087797122184,0.626082896230544,0.3865083034396682,923,1020,410,0.48984468339307047
443,1306,245,12185,820,7.926941434816571,0.6486070412577849,0.8196275562347201,3428,5697,639,0.4892802450229709
444,4983,4,18820,999,2.397897074278378,0.46156448897757896,0.650628261931079,451,1274,2300,0.46156933574152115
445,4832,112,26195,192,4.429772822890111,0.5066043261573656,0.31250712466060876,2332,2461,2367,0.4898592715231788
446,4975,41,19853,743,5.7528903245377165,0.8019214594072335,0.2975434543664442,5610,5644,2437,0.4898492462311558
447,2605,30,38080,1184,3.2718140687697774,0.45820807937348695,0.3285838713973951,1310,3526,1194,0.4583493282149712
448,556,21,25962,668,2.3661380616585115,0.43963331071075473,0.6743484848412745,2664,2004,244,0.43884892086330934
449,4009,144,36844,982,1.231259321890815,0.0,0.15236750788446757,5962,4226,0,0.0
450,3300,225,38045,455,1.8561344438729233,0.6011994921445686,0.038024854428712715,3477,264,1617,0.49
451,2260,234,30380,1053,7.8319058265011945,0.3980458744694197,0.3241718730028599,3042,5222,900,0.39823008849557523
452,22,21,19105,65,6.186336407935537,0.37849338780813657,0.6719721966229021,155,4952,8,0.36363636363636365
453,38,37,16758,105,4.225171740114946,0.5507368893889226,0.5598607986245224,2680,4385,18,0.47368421052631576
454,4196,178,32141,203,7.093262740863288,0.0,0.9227872892675127,5696,2500,0,0.0
455,4288,107,20866,1105,2.4892027702993187,0.5776782444581596,0.3999541874891576,467,2253,2101,0.4899720149253731
456,4373,6,29404,327,1.9216932876596178,0.7331276261929149,0.17552104871533297,3834,2791,2142,0.4898239195060599
457,2499,70,28735,1044,4.135466004225513,0.4978296624707645,0.6720984901138778,345,2024,1224,0.4897959183673469
458,2120,150,38783,189,4.206703826642692,0.6100895363108731,0.2926235498142585,317,423,1038,0.48962264150943396
459,2393,185,10733,149,6.995010395798199,0.7450819963275916,0.7129818809427418,4018,1182,1172,0.4897618052653573
460,874,96,28777,717,7.690908076802765,0.541716641955276,0.42070789188708807,4214,5958,428,0.4897025171624714
461,951,155,18223,367,3.839217179475416,0.5609964980250299,0.33153685795104243,136,5917,465,0.4889589905362776
462,1708,244,14873,1127,6.09406965042382,0.657771948436674,0.9630482819010971,181,156,836,0.4894613583138173
463,1994,197,11824,916,2.758359848671871,0.4323750366521825,0.09453923033641262,5411,3139,862,0.43229689067201604
464,3479,123,36406,1012,7.154952160696008,0.86995986329951,0.5219491769072508,2617,3400,1704,0.4897959183673469
465,4181,85,17112,495,3.692167046811477,0.7809792037420618,0.4441710430149675,2604,915,2048,0.48983496771107393
466,588,217,18665,925,6.353529569586992,0.894727638501966,0.03493440482191886,1900,4490,288,0.4897959183673469
467,530,206,36098,781,1.9558000728707408,0.0,0.037840786850372454,4432,2930,0,0.0
468,4948,228,39331,187,3.531730241498732,0.0,0.9131010568497575,3488,4082,0,0.0
469,3798,91,32307,1083,3.992921224738748,0.4187391334895799,0.5124568068978631,5780,5566,1590,0.4186413902053712
470,1667,246,19266,443,7.39485965713429,0.6808700394571996,0.41063507131473537,3397,5010,816,0.489502099580084
471,1474,47,39674,273,2.304397738368716,0.25,0.40583210593664765,1058,333,368,0.2496607869742198
472,431,13,27838,516,5.600423693762568,0.8169783455608361,0.24810559343553604,501,3186,211,0.4895591647331787
473,1203,103,24473,68,6.3817793957769995,0.0,0.6423851868582273,4749,3158,0,0.0
474,1950,97,25546,370,0.753904316646298,0.5757447792526317,0.07802742031908765,249,2016,955,0.4897435897435897
475,4334,218,7473,520,5.136076264096787,0.4899992072832064,0.0027790878146231055,5925,2697,2123,0.48984771573604063
476,3170,139,18561,156,2.2744160846546797,0.4232090596244839,0.7438564459949557,3964,4024,1342,0.42334384858044166
477,592,237,26867,1035,4.742779504428357,0.7706958518589198,0.3595650465834741,1783,1134,290,0.48986486486486486
478,3724,161,19723,958,7.136545748982161,0.0,0.43592555150308226,4570,5852,0,0.0
479,1139,69,30287,445,4.417305691555467,0.869165405707589,0.5393382708841238,3509,3695,558,0.48990342405618964
480,4504,3,24121,86,7.2489429499938325,0.25,0.3646693635747674,1882,5866,1126,0.25
481,1441,163,18418,837,3.150350960176138,0.47950816865251916,0.7970871050877777,739,2999,691,0.47952810548230396
482,1071,168,21007,586,1.1088038921552008,0.45913756752403767,0.6196810946341376,3803,5836,492,0.45938375350140054
483,4115,99,35987,218,1.3040839063894634,0.5924178489517131,0.06413491883436462,88,4631,2016,0.4899149453219927
484,3062,90,38915,819,5.994136181842057,0.4030573434146739,0.8120631805255439,3785,2257,1234,0.403004572175049
485,2228,153,36213,1099,4.764032718552428,0.4179506376950278,0.8901290864524272,256,3743,931,0.41786355475763015
486,4420,120,37029,179,4.951485422300012,0.25,0.4944957077819316,415,1214,1105,0.25
487,2448,230,17481,822,6.9888764847064815,0.8757669786511841,0.26890312870269595,5301,5741,1199,0.4897875816993464
488,1492,92,33389,153,5.240862157165183,0.25,0.5830018978700136,3081,3304,373,0.25
489,1840,233,8734,347,0.9613972246205242,0.0,0.7112048986406134,4307,187,0,0.0
490,1635,167,38707,555,6.797516260387092,0.7134562544957408,0.7643212690342454,2748,1740,801,0.48990825688073397
491,4714,59,26988,1197,7.7945663697450405,0.0,0.13712377951102672,5759,4840,0,0.0
492,3415,84,23020,201,7.529394210663494,0.8415287602127384,0.7225490409355928,5489,5081,1673,0.48989751098096634
493,2089,116,26653,233,4.391172827714273,0.6790350231619547,0.10910047886004,1265,3056,1023,0.4897079942556247
494,1028,20,37377,559,2.0524405331064237,0.46545970469043596,0.26212650861218806,868,3866,478,0.4649805447470817
495,2751,66,27753,374,3.0834758185760163,0.5173818589504333,0.17393796830635955,5028,3006,1347,0.48964013086150493
496,1500,148,9288,886,5.661861902281424,0.5063969615625805,0.12865897793840295,582,5048,735,0.49
497,2703,67,10107,745,1.826883560375511,0.25,0.8307495198186611,5890,754,676,0.25009248982611915
498,3256,159,11480,1185,0.2952040531907751,0.747059510125236,0.9282075685498804,5633,3030,1595,0.48986486486486486
499,2439,229,32770,398,4.254285674381017,0.8718351468842611,0.6370039708384698,2672,3568,1195,0.4899548995489955
500,758,202,23806,576,3.6387729954517107,0.5031889522858586,0.9208367720409549,3658,1493,371,0.4894459102902375
